code,l1,l2,desc,l1_desc,l2_desc
00A05,00,00Axx,Mathematics in general,General and overarching topics; collections,General and miscellaneous specific topics
00A06,00,00Axx,"Mathematics for nonmathematicians (engineering, social sciences, etc.)",General and overarching topics; collections,General and miscellaneous specific topics
00A07,00,00Axx,"Problem books {For open problems, see 00A27}",General and overarching topics; collections,General and miscellaneous specific topics
00A08,00,00Axx,Recreational mathematics,General and overarching topics; collections,General and miscellaneous specific topics
00A09,00,00Axx,Popularization of mathematics,General and overarching topics; collections,General and miscellaneous specific topics
00A15,00,00Axx,Bibliographies for mathematics in general [See also 01A70 and the classification number –00 in the other,General and overarching topics; collections,General and miscellaneous specific topics
00A17,00,00Axx,External book reviews,General and overarching topics; collections,General and miscellaneous specific topics
00A20,00,00Axx,Dictionaries and other general reference works [See also the classification number –00 in the other sections],General and overarching topics; collections,General and miscellaneous specific topics
00A22,00,00Axx,Formularies,General and overarching topics; collections,General and miscellaneous specific topics
00A27,00,00Axx,Lists of open problems,General and overarching topics; collections,General and miscellaneous specific topics
00A30,00,00Axx,Philosophy of mathematics [See also 03A05],General and overarching topics; collections,General and miscellaneous specific topics
00A35,00,00Axx,"Methodology of mathematics {For mathematics education, see 97-XX}",General and overarching topics; collections,General and miscellaneous specific topics
00A64,00,00Axx,Mathematics and literature,General and overarching topics; collections,General and miscellaneous specific topics
00A65,00,00Axx,Mathematics and music,General and overarching topics; collections,General and miscellaneous specific topics
00A66,00,00Axx,Mathematics and visual arts,General and overarching topics; collections,General and miscellaneous specific topics
00A67,00,00Axx,Mathematics and architecture,General and overarching topics; collections,General and miscellaneous specific topics
00A69,00,00Axx,"General applied mathematics {For physics, see 00A79 and Sections 70 through 86}",General and overarching topics; collections,General and miscellaneous specific topics
00A71,00,00Axx,General theory of mathematical modeling,General and overarching topics; collections,General and miscellaneous specific topics
00A72,00,00Axx,General theory of simulation,General and overarching topics; collections,General and miscellaneous specific topics
00A79,00,00Axx,Physics [Use more specific entries from Sections 70 through 86 when possible],General and overarching topics; collections,General and miscellaneous specific topics
00A99,00,00Axx,"None of the above, but in this section",General and overarching topics; collections,General and miscellaneous specific topics
00B05,00,00Bxx,Collections of abstracts of lectures,General and overarching topics; collections,Conference proceedings and collections of articles
00B10,00,00Bxx,Collections of articles of general interest,General and overarching topics; collections,Conference proceedings and collections of articles
00B15,00,00Bxx,Collections of articles of miscellaneous specific interest,General and overarching topics; collections,Conference proceedings and collections of articles
00B20,00,00Bxx,Proceedings of conferences of general interest,General and overarching topics; collections,Conference proceedings and collections of articles
00B25,00,00Bxx,Proceedings of conferences of miscellaneous specific interest,General and overarching topics; collections,Conference proceedings and collections of articles
00B30,00,00Bxx,Festschriften,General and overarching topics; collections,Conference proceedings and collections of articles
00B50,00,00Bxx,Collections of translated articles of general interest,General and overarching topics; collections,Conference proceedings and collections of articles
00B55,00,00Bxx,Collections of translated articles of miscellaneous specific interest,General and overarching topics; collections,Conference proceedings and collections of articles
00B60,00,00Bxx,Collections of reprinted articles [See also 01A75],General and overarching topics; collections,Conference proceedings and collections of articles
00B99,00,00Bxx,"None of the above, but in this section",General and overarching topics; collections,Conference proceedings and collections of articles
01A05,01,01Axx,"General histories, source books",History and biography [See also the classification number –03 in,History of mathematics and mathematicians
01A07,01,01Axx,Ethnomathematics (general),History and biography [See also the classification number –03 in,History of mathematics and mathematicians
01A10,01,01Axx,History of mathematics in Paleolithic and Neolithic times,History and biography [See also the classification number –03 in,History of mathematics and mathematicians
01A11,01,01Axx,"History of mathematics of the indigenous cultures of Africa, Asia, and Oceania",History and biography [See also the classification number –03 in,History of mathematics and mathematicians
01A12,01,01Axx,History of mathematics of the indigenous cultures of the Americas,History and biography [See also the classification number –03 in,History of mathematics and mathematicians
01A15,01,01Axx,"History of mathematics of the indigenous cultures of Europe (pre-Greek, etc.)",History and biography [See also the classification number –03 in,History of mathematics and mathematicians
01A16,01,01Axx,History of Egyptian mathematics,History and biography [See also the classification number –03 in,History of mathematics and mathematicians
01A17,01,01Axx,History of Babylonian mathematics,History and biography [See also the classification number –03 in,History of mathematics and mathematicians
01A20,01,01Axx,History of Greek and Roman mathematics,History and biography [See also the classification number –03 in,History of mathematics and mathematicians
01A25,01,01Axx,History of Chinese mathematics,History and biography [See also the classification number –03 in,History of mathematics and mathematicians
01A27,01,01Axx,History of Japanese mathematics,History and biography [See also the classification number –03 in,History of mathematics and mathematicians
01A29,01,01Axx,"History of East and Southeast Asian mathematics (non-Chinese, non-Japanese)",History and biography [See also the classification number –03 in,History of mathematics and mathematicians
01A30,01,01Axx,History of mathematics in the Golden Age of Islam,History and biography [See also the classification number –03 in,History of mathematics and mathematicians
01A32,01,01Axx,History of Indian mathematics,History and biography [See also the classification number –03 in,History of mathematics and mathematicians
01A35,01,01Axx,History of mathematics in Late Antiquity and medieval Europe,History and biography [See also the classification number –03 in,History of mathematics and mathematicians
01A40,01,01Axx,"History of mathematics in the 15th and 16th centuries, Renaissance",History and biography [See also the classification number –03 in,History of mathematics and mathematicians
01A45,01,01Axx,History of mathematics in the 17th century,History and biography [See also the classification number –03 in,History of mathematics and mathematicians
01A50,01,01Axx,History of mathematics in the 18th century,History and biography [See also the classification number –03 in,History of mathematics and mathematicians
01A55,01,01Axx,History of mathematics in the 19th century,History and biography [See also the classification number –03 in,History of mathematics and mathematicians
01A60,01,01Axx,History of mathematics in the 20th century,History and biography [See also the classification number –03 in,History of mathematics and mathematicians
01A61,01,01Axx,History of mathematics in the 21st century,History and biography [See also the classification number –03 in,History of mathematics and mathematicians
01A65,01,01Axx,Development of contemporary mathematics,History and biography [See also the classification number –03 in,History of mathematics and mathematicians
01A67,01,01Axx,Future perspectives in mathematics,History and biography [See also the classification number –03 in,History of mathematics and mathematicians
01A70,01,01Axx,"Biographies, obituaries, personalia, bibliographies",History and biography [See also the classification number –03 in,History of mathematics and mathematicians
01A72,01,01Axx,Schools of mathematics,History and biography [See also the classification number –03 in,History of mathematics and mathematicians
01A73,01,01Axx,History of mathematics at specific universities,History and biography [See also the classification number –03 in,History of mathematics and mathematicians
01A74,01,01Axx,History of mathematics at institutions and academies (non-university),History and biography [See also the classification number –03 in,History of mathematics and mathematicians
01A75,01,01Axx,Collected or selected works; reprintings or translations of classics [See also 00B60],History and biography [See also the classification number –03 in,History of mathematics and mathematicians
01A80,01,01Axx,Sociology (and profession) of mathematics,History and biography [See also the classification number –03 in,History of mathematics and mathematicians
01A85,01,01Axx,Historiography,History and biography [See also the classification number –03 in,History of mathematics and mathematicians
01A90,01,01Axx,Bibliographic studies,History and biography [See also the classification number –03 in,History of mathematics and mathematicians
01A99,01,01Axx,"None of the above, but in this section",History and biography [See also the classification number –03 in,History of mathematics and mathematicians
03A05,03,03Axx,"Philosophical and critical aspects of logic and foundations {For philosophy of mathematics, see also 00A30}",Mathematical logic and foundations,Philosophical aspects of logic and foundations
03A10,03,03Axx,Logic in the philosophy of science,Mathematical logic and foundations,Philosophical aspects of logic and foundations
03A99,03,03Axx,"None of the above, but in this section",Mathematical logic and foundations,Philosophical aspects of logic and foundations
03B05,03,03Bxx,Classical propositional logic,Mathematical logic and foundations,General logic
03B10,03,03Bxx,Classical first-order logic,Mathematical logic and foundations,General logic
03B16,03,03Bxx,Higher-order logic,Mathematical logic and foundations,General logic
03B20,03,03Bxx,Subsystems of classical logic (including intuitionistic logic),Mathematical logic and foundations,General logic
03B22,03,03Bxx,Abstract deductive systems,Mathematical logic and foundations,General logic
03B25,03,03Bxx,"Decidability of theories and sets of sentences [See also 11U05, 12L05, 20F10]",Mathematical logic and foundations,General logic
03B30,03,03Bxx,Foundations of classical theories (including reverse mathematics) [See also 03F35],Mathematical logic and foundations,General logic
03B35,03,03Bxx,Mechanization of proofs and logical operations [See also 68V15],Mathematical logic and foundations,General logic
03B38,03,03Bxx,Type theory,Mathematical logic and foundations,General logic
03B40,03,03Bxx,Combinatory logic and lambda calculus [See also 68N18],Mathematical logic and foundations,General logic
03B42,03,03Bxx,Logics of knowledge and belief (including belief change),Mathematical logic and foundations,General logic
03B44,03,03Bxx,Temporal logic,Mathematical logic and foundations,General logic
03B45,03,03Bxx,"Modal logic (including the logic of norms) {For knowledge and belief, see 03B42; for temporal logic, see",Mathematical logic and foundations,General logic
03B47,03,03Bxx,"Substructural logics (including relevance, entailment, linear logic, Lambek calculus, BCK and BCI logics)",Mathematical logic and foundations,General logic
03B48,03,03Bxx,Probability and inductive logic [See also 60A05],Mathematical logic and foundations,General logic
03B50,03,03Bxx,Many-valued logic,Mathematical logic and foundations,General logic
03B52,03,03Bxx,"Fuzzy logic; logic of vagueness [See also 68T27, 68T37, 94D05]",Mathematical logic and foundations,General logic
03B53,03,03Bxx,Paraconsistent logics,Mathematical logic and foundations,General logic
03B55,03,03Bxx,Intermediate logics,Mathematical logic and foundations,General logic
03B60,03,03Bxx,Other nonclassical logic,Mathematical logic and foundations,General logic
03B62,03,03Bxx,Combined logics,Mathematical logic and foundations,General logic
03B65,03,03Bxx,"Logic of natural languages [See also 68T50, 91F20]",Mathematical logic and foundations,General logic
03B70,03,03Bxx,Logic in computer science [See also 68-XX],Mathematical logic and foundations,General logic
03B80,03,03Bxx,Other applications of logic,Mathematical logic and foundations,General logic
03B99,03,03Bxx,"None of the above, but in this section",Mathematical logic and foundations,General logic
03C05,03,03Cxx,"Equational classes, universal algebra in model theory [See also 08Axx, 08Bxx, 18C05]",Mathematical logic and foundations,Model theory
03C07,03,03Cxx,Basic properties of first-order languages and structures,Mathematical logic and foundations,Model theory
03C10,03,03Cxx,"Quantifier elimination, model completeness, and related topics",Mathematical logic and foundations,Model theory
03C13,03,03Cxx,"Model theory of finite structures [See also 68Q15, 68Q19]",Mathematical logic and foundations,Model theory
03C15,03,03Cxx,Model theory of denumerable and separable structures,Mathematical logic and foundations,Model theory
03C20,03,03Cxx,Ultraproducts and related constructions,Mathematical logic and foundations,Model theory
03C25,03,03Cxx,Model-theoretic forcing,Mathematical logic and foundations,Model theory
03C30,03,03Cxx,Other model constructions,Mathematical logic and foundations,Model theory
03C35,03,03Cxx,Categoricity and completeness of theories,Mathematical logic and foundations,Model theory
03C40,03,03Cxx,"Interpolation, preservation, definability",Mathematical logic and foundations,Model theory
03C45,03,03Cxx,"Classification theory, stability, and related concepts in model theory [See also 03C48]",Mathematical logic and foundations,Model theory
03C48,03,03Cxx,Abstract elementary classes and related topics [See also 03C45],Mathematical logic and foundations,Model theory
03C50,03,03Cxx,"Models with special properties (saturated, rigid, etc.)",Mathematical logic and foundations,Model theory
03C52,03,03Cxx,Properties of classes of models,Mathematical logic and foundations,Model theory
03C55,03,03Cxx,Set-theoretic model theory,Mathematical logic and foundations,Model theory
03C57,03,03Cxx,"Computable structure theory, computable model theory [See also 03D45]",Mathematical logic and foundations,Model theory
03C60,03,03Cxx,"Model-theoretic algebra [See also 08C10, 12Lxx, 13L05]",Mathematical logic and foundations,Model theory
03C62,03,03Cxx,Models of arithmetic and set theory [See also 03Hxx],Mathematical logic and foundations,Model theory
03C64,03,03Cxx,Model theory of ordered structures; o-minimality,Mathematical logic and foundations,Model theory
03C65,03,03Cxx,Models of other mathematical theories,Mathematical logic and foundations,Model theory
03C66,03,03Cxx,"Continuous model theory, model theory of metric structures",Mathematical logic and foundations,Model theory
03C68,03,03Cxx,Other classical first-order model theory,Mathematical logic and foundations,Model theory
03C70,03,03Cxx,Logic on admissible sets,Mathematical logic and foundations,Model theory
03C75,03,03Cxx,Other infinitary logic,Mathematical logic and foundations,Model theory
03C80,03,03Cxx,"Logic with extra quantifiers and operators [See also 03B42, 03B44, 03B45, 03B48]",Mathematical logic and foundations,Model theory
03C85,03,03Cxx,Second- and higher-order model theory,Mathematical logic and foundations,Model theory
03C90,03,03Cxx,"Nonclassical models (Boolean-valued, sheaf, etc.)",Mathematical logic and foundations,Model theory
03C95,03,03Cxx,Abstract model theory,Mathematical logic and foundations,Model theory
03C98,03,03Cxx,Applications of model theory [See also 03C60],Mathematical logic and foundations,Model theory
03C99,03,03Cxx,"None of the above, but in this section",Mathematical logic and foundations,Model theory
03D03,03,03Dxx,"Thue and Post systems, etc.",Mathematical logic and foundations,Computability and recursion theory
03D05,03,03Dxx,"Automata and formal grammars in connection with logical questions [See also 68Q45, 68Q70, 68R15]",Mathematical logic and foundations,Computability and recursion theory
03D10,03,03Dxx,Turing machines and related notions [See also 68Q04],Mathematical logic and foundations,Computability and recursion theory
03D15,03,03Dxx,"Complexity of computation (including implicit computational complexity) [See also 68Q15, 68Q17]",Mathematical logic and foundations,Computability and recursion theory
03D20,03,03Dxx,"Recursive functions and relations, subrecursive hierarchies",Mathematical logic and foundations,Computability and recursion theory
03D25,03,03Dxx,Recursively (computably) enumerable sets and degrees,Mathematical logic and foundations,Computability and recursion theory
03D28,03,03Dxx,Other Turing degree structures,Mathematical logic and foundations,Computability and recursion theory
03D30,03,03Dxx,Other degrees and reducibilities in computability and recursion theory,Mathematical logic and foundations,Computability and recursion theory
03D32,03,03Dxx,Algorithmic randomness and dimension [See also 68Q30],Mathematical logic and foundations,Computability and recursion theory
03D35,03,03Dxx,Undecidability and degrees of sets of sentences,Mathematical logic and foundations,Computability and recursion theory
03D40,03,03Dxx,"Word problems, etc. in computability and recursion theory [See also 06B25, 08A50, 20F10, 68R15]",Mathematical logic and foundations,Computability and recursion theory
03D45,03,03Dxx,"Theory of numerations, effectively presented structures [See also 03C57] {For intuitionistic and similar",Mathematical logic and foundations,Computability and recursion theory
03D50,03,03Dxx,"Recursive equivalence types of sets and structures, isols",Mathematical logic and foundations,Computability and recursion theory
03D55,03,03Dxx,Hierarchies of computability and definability,Mathematical logic and foundations,Computability and recursion theory
03D60,03,03Dxx,"Computability and recursion theory on ordinals, admissible sets, etc.",Mathematical logic and foundations,Computability and recursion theory
03D65,03,03Dxx,Higher-type and set recursion theory,Mathematical logic and foundations,Computability and recursion theory
03D70,03,03Dxx,Inductive definability,Mathematical logic and foundations,Computability and recursion theory
03D75,03,03Dxx,Abstract and axiomatic computability and recursion theory,Mathematical logic and foundations,Computability and recursion theory
03D78,03,03Dxx,"Computation over the reals, computable analysis {For constructive aspects, see 03F60}",Mathematical logic and foundations,Computability and recursion theory
03D80,03,03Dxx,Applications of computability and recursion theory,Mathematical logic and foundations,Computability and recursion theory
03D99,03,03Dxx,"None of the above, but in this section",Mathematical logic and foundations,Computability and recursion theory
03E02,03,03Exx,Partition relations,Mathematical logic and foundations,Set theory
03E04,03,03Exx,Ordered sets and their cofinalities; pcf theory,Mathematical logic and foundations,Set theory
03E05,03,03Exx,Other combinatorial set theory,Mathematical logic and foundations,Set theory
03E10,03,03Exx,Ordinal and cardinal numbers,Mathematical logic and foundations,Set theory
03E15,03,03Exx,"Descriptive set theory [See also 28A05, 54H05]",Mathematical logic and foundations,Set theory
03E17,03,03Exx,Cardinal characteristics of the continuum,Mathematical logic and foundations,Set theory
03E20,03,03Exx,"Other classical set theory (including functions, relations, and set algebra)",Mathematical logic and foundations,Set theory
03E25,03,03Exx,Axiom of choice and related propositions,Mathematical logic and foundations,Set theory
03E30,03,03Exx,Axiomatics of classical set theory and its fragments,Mathematical logic and foundations,Set theory
03E35,03,03Exx,Consistency and independence results,Mathematical logic and foundations,Set theory
03E40,03,03Exx,Other aspects of forcing and Boolean-valued models,Mathematical logic and foundations,Set theory
03E45,03,03Exx,"Inner models, including constructibility, ordinal definability, and core models",Mathematical logic and foundations,Set theory
03E47,03,03Exx,Other notions of set-theoretic definability,Mathematical logic and foundations,Set theory
03E50,03,03Exx,Continuum hypothesis and Martin’s axiom [See also 03E57],Mathematical logic and foundations,Set theory
03E55,03,03Exx,Large cardinals,Mathematical logic and foundations,Set theory
03E57,03,03Exx,Generic absoluteness and forcing axioms [See also 03E50],Mathematical logic and foundations,Set theory
03E60,03,03Exx,Determinacy principles,Mathematical logic and foundations,Set theory
03E65,03,03Exx,Other set-theoretic hypotheses and axioms,Mathematical logic and foundations,Set theory
03E70,03,03Exx,Nonclassical and second-order set theories,Mathematical logic and foundations,Set theory
03E72,03,03Exx,"Theory of fuzzy sets, etc.",Mathematical logic and foundations,Set theory
03E75,03,03Exx,Applications of set theory,Mathematical logic and foundations,Set theory
03E99,03,03Exx,"None of the above, but in this section",Mathematical logic and foundations,Set theory
03F03,03,03Fxx,Proof theory in general (including proof-theoretic semantics),Mathematical logic and foundations,Proof theory and constructive mathematics
03F05,03,03Fxx,Cut-elimination and normal-form theorems,Mathematical logic and foundations,Proof theory and constructive mathematics
03F07,03,03Fxx,Structure of proofs,Mathematical logic and foundations,Proof theory and constructive mathematics
03F10,03,03Fxx,Functionals in proof theory,Mathematical logic and foundations,Proof theory and constructive mathematics
03F15,03,03Fxx,Recursive ordinals and ordinal notations,Mathematical logic and foundations,Proof theory and constructive mathematics
03F20,03,03Fxx,Complexity of proofs,Mathematical logic and foundations,Proof theory and constructive mathematics
03F25,03,03Fxx,Relative consistency and interpretations,Mathematical logic and foundations,Proof theory and constructive mathematics
03F30,03,03Fxx,First-order arithmetic and fragments,Mathematical logic and foundations,Proof theory and constructive mathematics
03F35,03,03Fxx,Second- and higher-order arithmetic and fragments [See also 03B30],Mathematical logic and foundations,Proof theory and constructive mathematics
03F40,03,03Fxx,Gödel numberings and issues of incompleteness,Mathematical logic and foundations,Proof theory and constructive mathematics
03F45,03,03Fxx,"Provability logics and related algebras (e.g., diagonalizable algebras) [See also 03B45, 03G25, 06E25]",Mathematical logic and foundations,Proof theory and constructive mathematics
03F50,03,03Fxx,Metamathematics of constructive systems,Mathematical logic and foundations,Proof theory and constructive mathematics
03F52,03,03Fxx,Proof-theoretic aspects of linear logic and other substructural logics [See also 03B47],Mathematical logic and foundations,Proof theory and constructive mathematics
03F55,03,03Fxx,Intuitionistic mathematics,Mathematical logic and foundations,Proof theory and constructive mathematics
03F60,03,03Fxx,"Constructive and recursive analysis [See also 03B30, 03D45, 03D78, 26E40, 46S30, 47S30]",Mathematical logic and foundations,Proof theory and constructive mathematics
03F65,03,03Fxx,Other constructive mathematics [See also 03D45],Mathematical logic and foundations,Proof theory and constructive mathematics
03F99,03,03Fxx,"None of the above, but in this section",Mathematical logic and foundations,Proof theory and constructive mathematics
03G05,03,03Gxx,Logical aspects of Boolean algebras [See also 06Exx],Mathematical logic and foundations,Algebraic logic
03G10,03,03Gxx,Logical aspects of lattices and related structures [See also 06Bxx],Mathematical logic and foundations,Algebraic logic
03G12,03,03Gxx,"Quantum logic [See also 06C15, 81P10]",Mathematical logic and foundations,Algebraic logic
03G15,03,03Gxx,Cylindric and polyadic algebras; relation algebras,Mathematical logic and foundations,Algebraic logic
03G20,03,03Gxx,"Logical aspects of Lukasiewicz and Post algebras [See also 06D25, 06D30]",Mathematical logic and foundations,Algebraic logic
03G25,03,03Gxx,"Other algebras related to logic [See also 03F45, 06D20, 06E25, 06F35]",Mathematical logic and foundations,Algebraic logic
03G27,03,03Gxx,Abstract algebraic logic,Mathematical logic and foundations,Algebraic logic
03G30,03,03Gxx,"Categorical logic, topoi [See also 18B25, 18C05, 18C10]",Mathematical logic and foundations,Algebraic logic
03G99,03,03Gxx,"None of the above, but in this section",Mathematical logic and foundations,Algebraic logic
03H05,03,03Hxx,"Nonstandard models in mathematics [See also 26E35, 28E05, 30G06, 46S20, 47S20, 54J05]",Mathematical logic and foundations,Nonstandard models [See also 03C62]
03H10,03,03Hxx,"Other applications of nonstandard models (economics, physics, etc.)",Mathematical logic and foundations,Nonstandard models [See also 03C62]
03H15,03,03Hxx,"Nonstandard models of arithmetic [See also 11U10, 12L15, 13L05]",Mathematical logic and foundations,Nonstandard models [See also 03C62]
03H99,03,03Hxx,"None of the above, but in this section",Mathematical logic and foundations,Nonstandard models [See also 03C62]
05A05,05,05Axx,"Permutations, words, matrices","Combinatorics {For finite fields, see 11Txx}","Enumerative combinatorics {For enumeration in graph theory, see 05C30}"
05A10,05,05Axx,"Factorials, binomial coefficients, combinatorial functions [See also 11B65, 33Cxx]","Combinatorics {For finite fields, see 11Txx}","Enumerative combinatorics {For enumeration in graph theory, see 05C30}"
05A15,05,05Axx,"Exact enumeration problems, generating functions [See also 33Cxx, 33Dxx]","Combinatorics {For finite fields, see 11Txx}","Enumerative combinatorics {For enumeration in graph theory, see 05C30}"
05A16,05,05Axx,Asymptotic enumeration,"Combinatorics {For finite fields, see 11Txx}","Enumerative combinatorics {For enumeration in graph theory, see 05C30}"
05A17,05,05Axx,"Combinatorial aspects of partitions of integers [See also 11P81, 11P82, 11P83]","Combinatorics {For finite fields, see 11Txx}","Enumerative combinatorics {For enumeration in graph theory, see 05C30}"
05A18,05,05Axx,Partitions of sets,"Combinatorics {For finite fields, see 11Txx}","Enumerative combinatorics {For enumeration in graph theory, see 05C30}"
05A19,05,05Axx,"Combinatorial identities, bijective combinatorics","Combinatorics {For finite fields, see 11Txx}","Enumerative combinatorics {For enumeration in graph theory, see 05C30}"
05A20,05,05Axx,Combinatorial inequalities,"Combinatorics {For finite fields, see 11Txx}","Enumerative combinatorics {For enumeration in graph theory, see 05C30}"
05A30,05,05Axx,q-calculus and related topics [See also 33Dxx],"Combinatorics {For finite fields, see 11Txx}","Enumerative combinatorics {For enumeration in graph theory, see 05C30}"
05A40,05,05Axx,Umbral calculus,"Combinatorics {For finite fields, see 11Txx}","Enumerative combinatorics {For enumeration in graph theory, see 05C30}"
05A99,05,05Axx,"None of the above, but in this section","Combinatorics {For finite fields, see 11Txx}","Enumerative combinatorics {For enumeration in graph theory, see 05C30}"
05B05,05,05Bxx,"Combinatorial aspects of block designs [See also 51E05, 62K10]","Combinatorics {For finite fields, see 11Txx}","Designs and configurations {For applications of design theory, see 94C30}"
05B07,05,05Bxx,Triple systems,"Combinatorics {For finite fields, see 11Txx}","Designs and configurations {For applications of design theory, see 94C30}"
05B10,05,05Bxx,"Combinatorial aspects of difference sets (number-theoretic, group-theoretic, etc.) [See also 11B13]","Combinatorics {For finite fields, see 11Txx}","Designs and configurations {For applications of design theory, see 94C30}"
05B15,05,05Bxx,"Orthogonal arrays, Latin squares, Room squares","Combinatorics {For finite fields, see 11Txx}","Designs and configurations {For applications of design theory, see 94C30}"
05B20,05,05Bxx,"Combinatorial aspects of matrices (incidence, Hadamard, etc.)","Combinatorics {For finite fields, see 11Txx}","Designs and configurations {For applications of design theory, see 94C30}"
05B25,05,05Bxx,"Combinatorial aspects of finite geometries [See also 51D20, 51Exx]","Combinatorics {For finite fields, see 11Txx}","Designs and configurations {For applications of design theory, see 94C30}"
05B30,05,05Bxx,"Other designs, configurations [See also 51E30]","Combinatorics {For finite fields, see 11Txx}","Designs and configurations {For applications of design theory, see 94C30}"
05B35,05,05Bxx,"Combinatorial aspects of matroids and geometric lattices [See also 52B40, 90C27]","Combinatorics {For finite fields, see 11Txx}","Designs and configurations {For applications of design theory, see 94C30}"
05B40,05,05Bxx,"Combinatorial aspects of packing and covering [See also 11H31, 52C15, 52C17]","Combinatorics {For finite fields, see 11Txx}","Designs and configurations {For applications of design theory, see 94C30}"
05B45,05,05Bxx,"Combinatorial aspects of tessellation and tiling problems [See also 52C20, 52C22]","Combinatorics {For finite fields, see 11Txx}","Designs and configurations {For applications of design theory, see 94C30}"
05B50,05,05Bxx,Polyominoes,"Combinatorics {For finite fields, see 11Txx}","Designs and configurations {For applications of design theory, see 94C30}"
05B99,05,05Bxx,"None of the above, but in this section","Combinatorics {For finite fields, see 11Txx}","Designs and configurations {For applications of design theory, see 94C30}"
05C05,05,05Cxx,Trees,"Combinatorics {For finite fields, see 11Txx}","Graph theory {For computer science, see 68R10}"
05C07,05,05Cxx,Vertex degrees [See also 05E30],"Combinatorics {For finite fields, see 11Txx}","Graph theory {For computer science, see 68R10}"
05C09,05,05Cxx,"Graphical indices (Wiener index, Zagreb index, Randić index, etc.)","Combinatorics {For finite fields, see 11Txx}","Graph theory {For computer science, see 68R10}"
05C10,05,05Cxx,"Planar graphs; geometric and topological aspects of graph theory [See also 57K10, 57M15]","Combinatorics {For finite fields, see 11Txx}","Graph theory {For computer science, see 68R10}"
05C12,05,05Cxx,Distance in graphs,"Combinatorics {For finite fields, see 11Txx}","Graph theory {For computer science, see 68R10}"
05C15,05,05Cxx,Coloring of graphs and hypergraphs,"Combinatorics {For finite fields, see 11Txx}","Graph theory {For computer science, see 68R10}"
05C17,05,05Cxx,Perfect graphs,"Combinatorics {For finite fields, see 11Txx}","Graph theory {For computer science, see 68R10}"
05C20,05,05Cxx,"Directed graphs (digraphs), tournaments","Combinatorics {For finite fields, see 11Txx}","Graph theory {For computer science, see 68R10}"
05C21,05,05Cxx,Flows in graphs,"Combinatorics {For finite fields, see 11Txx}","Graph theory {For computer science, see 68R10}"
05C22,05,05Cxx,Signed and weighted graphs,"Combinatorics {For finite fields, see 11Txx}","Graph theory {For computer science, see 68R10}"
05C25,05,05Cxx,"Graphs and abstract algebra (groups, rings, fields, etc.) [See also 20F65]","Combinatorics {For finite fields, see 11Txx}","Graph theory {For computer science, see 68R10}"
05C30,05,05Cxx,Enumeration in graph theory,"Combinatorics {For finite fields, see 11Txx}","Graph theory {For computer science, see 68R10}"
05C31,05,05Cxx,Graph polynomials,"Combinatorics {For finite fields, see 11Txx}","Graph theory {For computer science, see 68R10}"
05C35,05,05Cxx,Extremal problems in graph theory [See also 90C35],"Combinatorics {For finite fields, see 11Txx}","Graph theory {For computer science, see 68R10}"
05C38,05,05Cxx,Paths and cycles [See also 90B10],"Combinatorics {For finite fields, see 11Txx}","Graph theory {For computer science, see 68R10}"
05C40,05,05Cxx,Connectivity,"Combinatorics {For finite fields, see 11Txx}","Graph theory {For computer science, see 68R10}"
05C42,05,05Cxx,"Density (toughness, etc.)","Combinatorics {For finite fields, see 11Txx}","Graph theory {For computer science, see 68R10}"
05C45,05,05Cxx,Eulerian and Hamiltonian graphs,"Combinatorics {For finite fields, see 11Txx}","Graph theory {For computer science, see 68R10}"
05C48,05,05Cxx,Expander graphs,"Combinatorics {For finite fields, see 11Txx}","Graph theory {For computer science, see 68R10}"
05C50,05,05Cxx,"Graphs and linear algebra (matrices, eigenvalues, etc.)","Combinatorics {For finite fields, see 11Txx}","Graph theory {For computer science, see 68R10}"
05C51,05,05Cxx,Graph designs and isomorphic decomposition [See also 05B30],"Combinatorics {For finite fields, see 11Txx}","Graph theory {For computer science, see 68R10}"
05C55,05,05Cxx,Generalized Ramsey theory [See also 05D10],"Combinatorics {For finite fields, see 11Txx}","Graph theory {For computer science, see 68R10}"
05C57,05,05Cxx,"Games on graphs (graph-theoretic aspects) [See also 91A43, 91A46]","Combinatorics {For finite fields, see 11Txx}","Graph theory {For computer science, see 68R10}"
05C60,05,05Cxx,"Isomorphism problems in graph theory (reconstruction conjecture, etc.) and homomorphisms (subgraph","Combinatorics {For finite fields, see 11Txx}","Graph theory {For computer science, see 68R10}"
05C62,05,05Cxx,"Graph representations (geometric and intersection representations, etc.) {For graph drawing, see also 68R10}","Combinatorics {For finite fields, see 11Txx}","Graph theory {For computer science, see 68R10}"
05C63,05,05Cxx,Infinite graphs,"Combinatorics {For finite fields, see 11Txx}","Graph theory {For computer science, see 68R10}"
05C65,05,05Cxx,Hypergraphs,"Combinatorics {For finite fields, see 11Txx}","Graph theory {For computer science, see 68R10}"
05C69,05,05Cxx,"Vertex subsets with special properties (dominating sets, independent sets, cliques, etc.)","Combinatorics {For finite fields, see 11Txx}","Graph theory {For computer science, see 68R10}"
05C70,05,05Cxx,"Edge subsets with special properties (factorization, matching, partitioning, covering and packing, etc.)","Combinatorics {For finite fields, see 11Txx}","Graph theory {For computer science, see 68R10}"
05C72,05,05Cxx,"Fractional graph theory, fuzzy graph theory","Combinatorics {For finite fields, see 11Txx}","Graph theory {For computer science, see 68R10}"
05C75,05,05Cxx,Structural characterization of families of graphs,"Combinatorics {For finite fields, see 11Txx}","Graph theory {For computer science, see 68R10}"
05C76,05,05Cxx,"Graph operations (line graphs, products, etc.)","Combinatorics {For finite fields, see 11Txx}","Graph theory {For computer science, see 68R10}"
05C78,05,05Cxx,"Graph labelling (graceful graphs, bandwidth, etc.)","Combinatorics {For finite fields, see 11Txx}","Graph theory {For computer science, see 68R10}"
05C80,05,05Cxx,Random graphs (graph-theoretic aspects) [See also 60B20],"Combinatorics {For finite fields, see 11Txx}","Graph theory {For computer science, see 68R10}"
05C81,05,05Cxx,Random walks on graphs,"Combinatorics {For finite fields, see 11Txx}","Graph theory {For computer science, see 68R10}"
05C82,05,05Cxx,"Small world graphs, complex networks (graph-theoretic aspects) [See also 90Bxx, 91D30]","Combinatorics {For finite fields, see 11Txx}","Graph theory {For computer science, see 68R10}"
05C83,05,05Cxx,Graph minors,"Combinatorics {For finite fields, see 11Txx}","Graph theory {For computer science, see 68R10}"
05C85,05,05Cxx,"Graph algorithms (graph-theoretic aspects) [See also 68R10, 68W05]","Combinatorics {For finite fields, see 11Txx}","Graph theory {For computer science, see 68R10}"
05C90,05,05Cxx,"Applications of graph theory [See also 68R10, 81Q30, 82B20, 82C20, 90C35, 92E10, 94C15]","Combinatorics {For finite fields, see 11Txx}","Graph theory {For computer science, see 68R10}"
05C92,05,05Cxx,Chemical graph theory [See also 92E10],"Combinatorics {For finite fields, see 11Txx}","Graph theory {For computer science, see 68R10}"
05C99,05,05Cxx,"None of the above, but in this section","Combinatorics {For finite fields, see 11Txx}","Graph theory {For computer science, see 68R10}"
05D05,05,05Dxx,Extremal set theory,"Combinatorics {For finite fields, see 11Txx}",Extremal combinatorics
05D10,05,05Dxx,Ramsey theory [See also 05C55],"Combinatorics {For finite fields, see 11Txx}",Extremal combinatorics
05D15,05,05Dxx,Transversal (matching) theory,"Combinatorics {For finite fields, see 11Txx}",Extremal combinatorics
05D40,05,05Dxx,"Probabilistic methods in extremal combinatorics, including polynomial methods (combinatorial Nullstellensatz, etc.)","Combinatorics {For finite fields, see 11Txx}",Extremal combinatorics
05D99,05,05Dxx,"None of the above, but in this section","Combinatorics {For finite fields, see 11Txx}",Extremal combinatorics
05E05,05,05Exx,Symmetric functions and generalizations,"Combinatorics {For finite fields, see 11Txx}",Algebraic combinatorics
05E10,05,05Exx,Combinatorial aspects of representation theory [See also 20C30],"Combinatorics {For finite fields, see 11Txx}",Algebraic combinatorics
05E14,05,05Exx,Combinatorial aspects of algebraic geometry [See also 14Nxx],"Combinatorics {For finite fields, see 11Txx}",Algebraic combinatorics
05E16,05,05Exx,"Combinatorial aspects of groups and algebras [See also 22E45, 33C80]","Combinatorics {For finite fields, see 11Txx}",Algebraic combinatorics
05E18,05,05Exx,Group actions on combinatorial structures,"Combinatorics {For finite fields, see 11Txx}",Algebraic combinatorics
05E30,05,05Exx,"Association schemes, strongly regular graphs","Combinatorics {For finite fields, see 11Txx}",Algebraic combinatorics
05E40,05,05Exx,Combinatorial aspects of commutative algebra,"Combinatorics {For finite fields, see 11Txx}",Algebraic combinatorics
05E45,05,05Exx,Combinatorial aspects of simplicial complexes,"Combinatorics {For finite fields, see 11Txx}",Algebraic combinatorics
05E99,05,05Exx,"None of the above, but in this section","Combinatorics {For finite fields, see 11Txx}",Algebraic combinatorics
06A05,06,06Axx,Total orders,"Order, lattices, ordered algebraic structures [See also 18B35]",Ordered sets
06A06,06,06Axx,"Partial orders, general","Order, lattices, ordered algebraic structures [See also 18B35]",Ordered sets
06A07,06,06Axx,Combinatorics of partially ordered sets,"Order, lattices, ordered algebraic structures [See also 18B35]",Ordered sets
06A11,06,06Axx,Algebraic aspects of posets,"Order, lattices, ordered algebraic structures [See also 18B35]",Ordered sets
06A12,06,06Axx,"Semilattices [See also 20M10] {For topological semilattices, see 22A26}","Order, lattices, ordered algebraic structures [See also 18B35]",Ordered sets
06A15,06,06Axx,"Galois correspondences, closure operators (in relation to ordered sets)","Order, lattices, ordered algebraic structures [See also 18B35]",Ordered sets
06A75,06,06Axx,Generalizations of ordered sets,"Order, lattices, ordered algebraic structures [See also 18B35]",Ordered sets
06A99,06,06Axx,"None of the above, but in this section","Order, lattices, ordered algebraic structures [See also 18B35]",Ordered sets
06B05,06,06Bxx,Structure theory of lattices,"Order, lattices, ordered algebraic structures [See also 18B35]",Lattices [See also 03G10]
06B10,06,06Bxx,"Lattice ideals, congruence relations","Order, lattices, ordered algebraic structures [See also 18B35]",Lattices [See also 03G10]
06B15,06,06Bxx,Representation theory of lattices,"Order, lattices, ordered algebraic structures [See also 18B35]",Lattices [See also 03G10]
06B20,06,06Bxx,Varieties of lattices,"Order, lattices, ordered algebraic structures [See also 18B35]",Lattices [See also 03G10]
06B23,06,06Bxx,"Complete lattices, completions","Order, lattices, ordered algebraic structures [See also 18B35]",Lattices [See also 03G10]
06B25,06,06Bxx,"Free lattices, projective lattices, word problems [See also 03D40, 08A50, 20F10]","Order, lattices, ordered algebraic structures [See also 18B35]",Lattices [See also 03G10]
06B30,06,06Bxx,"Topological lattices [See also 06F30, 22A26, 54F05, 54H12]","Order, lattices, ordered algebraic structures [See also 18B35]",Lattices [See also 03G10]
06B35,06,06Bxx,"Continuous lattices and posets, applications [See also 06B30, 06D10, 06F30, 18B35, 22A26, 68Q55]","Order, lattices, ordered algebraic structures [See also 18B35]",Lattices [See also 03G10]
06B75,06,06Bxx,Generalizations of lattices,"Order, lattices, ordered algebraic structures [See also 18B35]",Lattices [See also 03G10]
06B99,06,06Bxx,"None of the above, but in this section","Order, lattices, ordered algebraic structures [See also 18B35]",Lattices [See also 03G10]
06C05,06,06Cxx,"Modular lattices, Desarguesian lattices","Order, lattices, ordered algebraic structures [See also 18B35]","Modular lattices, complemented lattices"
06C10,06,06Cxx,"Semimodular lattices, geometric lattices","Order, lattices, ordered algebraic structures [See also 18B35]","Modular lattices, complemented lattices"
06C15,06,06Cxx,"Complemented lattices, orthocomplemented lattices and posets [See also 03G12, 81P10]","Order, lattices, ordered algebraic structures [See also 18B35]","Modular lattices, complemented lattices"
06C20,06,06Cxx,"Complemented modular lattices, continuous geometries","Order, lattices, ordered algebraic structures [See also 18B35]","Modular lattices, complemented lattices"
06C99,06,06Cxx,"None of the above, but in this section","Order, lattices, ordered algebraic structures [See also 18B35]","Modular lattices, complemented lattices"
06D05,06,06Dxx,Structure and representation theory of distributive lattices,"Order, lattices, ordered algebraic structures [See also 18B35]",Distributive lattices
06D10,06,06Dxx,Complete distributivity,"Order, lattices, ordered algebraic structures [See also 18B35]",Distributive lattices
06D15,06,06Dxx,Pseudocomplemented lattices,"Order, lattices, ordered algebraic structures [See also 18B35]",Distributive lattices
06D20,06,06Dxx,Heyting algebras (lattice-theoretic aspects) [See also 03G25],"Order, lattices, ordered algebraic structures [See also 18B35]",Distributive lattices
06D22,06,06Dxx,"Frames, locales {For topological questions, see 54-XX}","Order, lattices, ordered algebraic structures [See also 18B35]",Distributive lattices
06D25,06,06Dxx,Post algebras (lattice-theoretic aspects) [See also 03G20],"Order, lattices, ordered algebraic structures [See also 18B35]",Distributive lattices
06D30,06,06Dxx,"De Morgan algebras, Lukasiewicz algebras (lattice-theoretic aspects) [See also 03G20]","Order, lattices, ordered algebraic structures [See also 18B35]",Distributive lattices
06D35,06,06Dxx,MV-algebras,"Order, lattices, ordered algebraic structures [See also 18B35]",Distributive lattices
06D50,06,06Dxx,Lattices and duality,"Order, lattices, ordered algebraic structures [See also 18B35]",Distributive lattices
06D72,06,06Dxx,Fuzzy lattices (soft algebras) and related topics,"Order, lattices, ordered algebraic structures [See also 18B35]",Distributive lattices
06D75,06,06Dxx,Other generalizations of distributive lattices,"Order, lattices, ordered algebraic structures [See also 18B35]",Distributive lattices
06D99,06,06Dxx,"None of the above, but in this section","Order, lattices, ordered algebraic structures [See also 18B35]",Distributive lattices
06E05,06,06Exx,Structure theory of Boolean algebras,"Order, lattices, ordered algebraic structures [See also 18B35]",Boolean algebras (Boolean rings) [See also 03G05]
06E10,06,06Exx,"Chain conditions, complete algebras","Order, lattices, ordered algebraic structures [See also 18B35]",Boolean algebras (Boolean rings) [See also 03G05]
06E15,06,06Exx,Stone spaces (Boolean spaces) and related structures,"Order, lattices, ordered algebraic structures [See also 18B35]",Boolean algebras (Boolean rings) [See also 03G05]
06E20,06,06Exx,"Ring-theoretic properties of Boolean algebras [See also 16E50, 16G30]","Order, lattices, ordered algebraic structures [See also 18B35]",Boolean algebras (Boolean rings) [See also 03G05]
06E25,06,06Exx,"Boolean algebras with additional operations (diagonalizable algebras, etc.) [See also 03G25, 03F45]","Order, lattices, ordered algebraic structures [See also 18B35]",Boolean algebras (Boolean rings) [See also 03G05]
06E30,06,06Exx,Boolean functions [See also 94D10],"Order, lattices, ordered algebraic structures [See also 18B35]",Boolean algebras (Boolean rings) [See also 03G05]
06E75,06,06Exx,Generalizations of Boolean algebras,"Order, lattices, ordered algebraic structures [See also 18B35]",Boolean algebras (Boolean rings) [See also 03G05]
06E99,06,06Exx,"None of the above, but in this section","Order, lattices, ordered algebraic structures [See also 18B35]",Boolean algebras (Boolean rings) [See also 03G05]
06F05,06,06Fxx,Ordered semigroups and monoids [See also 20Mxx],"Order, lattices, ordered algebraic structures [See also 18B35]",Ordered structures
06F07,06,06Fxx,Quantales,"Order, lattices, ordered algebraic structures [See also 18B35]",Ordered structures
06F10,06,06Fxx,Noether lattices,"Order, lattices, ordered algebraic structures [See also 18B35]",Ordered structures
06F15,06,06Fxx,Ordered groups [See also 20F60],"Order, lattices, ordered algebraic structures [See also 18B35]",Ordered structures
06F20,06,06Fxx,"Ordered abelian groups, Riesz groups, ordered linear spaces [See also 46A40]","Order, lattices, ordered algebraic structures [See also 18B35]",Ordered structures
06F25,06,06Fxx,"Ordered rings, algebras, modules {For ordered fields, see 12J15} [See also 13J25, 16W80]","Order, lattices, ordered algebraic structures [See also 18B35]",Ordered structures
06F30,06,06Fxx,"Ordered topological structures [See also 06B30, 22A26, 54F05, 54H12]","Order, lattices, ordered algebraic structures [See also 18B35]",Ordered structures
06F35,06,06Fxx,"BCK-algebras, BCI-algebras [See also 03G25]","Order, lattices, ordered algebraic structures [See also 18B35]",Ordered structures
06F99,06,06Fxx,"None of the above, but in this section","Order, lattices, ordered algebraic structures [See also 18B35]",Ordered structures
08A02,08,08Axx,"Relational systems, laws of composition",General algebraic systems,Algebraic structures [See also 03C05]
08A05,08,08Axx,Structure theory of algebraic structures,General algebraic systems,Algebraic structures [See also 03C05]
08A30,08,08Axx,"Subalgebras, congruence relations",General algebraic systems,Algebraic structures [See also 03C05]
08A35,08,08Axx,Automorphisms and endomorphisms of algebraic structures,General algebraic systems,Algebraic structures [See also 03C05]
08A40,08,08Axx,"Operations and polynomials in algebraic structures, primal algebras",General algebraic systems,Algebraic structures [See also 03C05]
08A45,08,08Axx,Equational compactness,General algebraic systems,Algebraic structures [See also 03C05]
08A50,08,08Axx,"Word problems (aspects of algebraic structures) [See also 03D40, 06B25, 20F10, 68R15]",General algebraic systems,Algebraic structures [See also 03C05]
08A55,08,08Axx,Partial algebras,General algebraic systems,Algebraic structures [See also 03C05]
08A60,08,08Axx,Unary algebras,General algebraic systems,Algebraic structures [See also 03C05]
08A62,08,08Axx,Finitary algebras,General algebraic systems,Algebraic structures [See also 03C05]
08A65,08,08Axx,Infinitary algebras,General algebraic systems,Algebraic structures [See also 03C05]
08A68,08,08Axx,Heterogeneous algebras,General algebraic systems,Algebraic structures [See also 03C05]
08A70,08,08Axx,Applications of universal algebra in computer science,General algebraic systems,Algebraic structures [See also 03C05]
08A72,08,08Axx,Fuzzy algebraic structures,General algebraic systems,Algebraic structures [See also 03C05]
08A99,08,08Axx,"None of the above, but in this section",General algebraic systems,Algebraic structures [See also 03C05]
08B05,08,08Bxx,"Equational logic, Mal’tsev conditions",General algebraic systems,Varieties [See also 03C05]
08B10,08,08Bxx,"Congruence modularity, congruence distributivity",General algebraic systems,Varieties [See also 03C05]
08B15,08,08Bxx,Lattices of varieties,General algebraic systems,Varieties [See also 03C05]
08B20,08,08Bxx,Free algebras,General algebraic systems,Varieties [See also 03C05]
08B25,08,08Bxx,"Products, amalgamated products, and other kinds of limits and colimits [See also 18A30]",General algebraic systems,Varieties [See also 03C05]
08B26,08,08Bxx,Subdirect products and subdirect irreducibility,General algebraic systems,Varieties [See also 03C05]
08B30,08,08Bxx,"Injectives, projectives",General algebraic systems,Varieties [See also 03C05]
08B99,08,08Bxx,"None of the above, but in this section",General algebraic systems,Varieties [See also 03C05]
08C05,08,08Cxx,Categories of algebras [See also 18C05],General algebraic systems,Other classes of algebras
08C10,08,08Cxx,"Axiomatic model classes [See also 03Cxx, in particular 03C60]",General algebraic systems,Other classes of algebras
08C15,08,08Cxx,Quasivarieties,General algebraic systems,Other classes of algebras
08C20,08,08Cxx,"Natural dualities for classes of algebras [See also 06E15, 18A40, 22A30]",General algebraic systems,Other classes of algebras
08C99,08,08Cxx,"None of the above, but in this section",General algebraic systems,Other classes of algebras
11A05,11,11Axx,Multiplicative structure; Euclidean algorithm; greatest common divisors,Number theory,"Elementary number theory {For analogues in number fields, see 11R04}"
11A07,11,11Axx,Congruences; primitive roots; residue systems,Number theory,"Elementary number theory {For analogues in number fields, see 11R04}"
11A15,11,11Axx,"Power residues, reciprocity",Number theory,"Elementary number theory {For analogues in number fields, see 11R04}"
11A25,11,11Axx,Arithmetic functions; related numbers; inversion formulas,Number theory,"Elementary number theory {For analogues in number fields, see 11R04}"
11A41,11,11Axx,Primes,Number theory,"Elementary number theory {For analogues in number fields, see 11R04}"
11A51,11,11Axx,Factorization; primality,Number theory,"Elementary number theory {For analogues in number fields, see 11R04}"
11A55,11,11Axx,"Continued fractions {For approximation results, see 11J70} [See also 11K50, 30B70, 40A15]",Number theory,"Elementary number theory {For analogues in number fields, see 11R04}"
11A63,11,11Axx,"Radix representation; digital problems {For metric results, see 11K16}",Number theory,"Elementary number theory {For analogues in number fields, see 11R04}"
11A67,11,11Axx,Other number representations,Number theory,"Elementary number theory {For analogues in number fields, see 11R04}"
11A99,11,11Axx,"None of the above, but in this section",Number theory,"Elementary number theory {For analogues in number fields, see 11R04}"
11B05,11,11Bxx,"Density, gaps, topology",Number theory,Sequences and sets
11B13,11,11Bxx,"Additive bases, including sumsets [See also 05B10]",Number theory,Sequences and sets
11B25,11,11Bxx,Arithmetic progressions [See also 11N13],Number theory,Sequences and sets
11B30,11,11Bxx,Arithmetic combinatorics; higher degree uniformity,Number theory,Sequences and sets
11B34,11,11Bxx,Representation functions,Number theory,Sequences and sets
11B37,11,11Bxx,"Recurrences {For applications to special functions, see 33-XX}",Number theory,Sequences and sets
11B39,11,11Bxx,Fibonacci and Lucas numbers and polynomials and generalizations,Number theory,Sequences and sets
11B50,11,11Bxx,Sequences (mod m),Number theory,Sequences and sets
11B57,11,11Bxx,"Farey sequences; the sequences 1k , 2k , . . .",Number theory,Sequences and sets
11B65,11,11Bxx,"Binomial coefficients; factorials; q-identities [See also 05A10, 05A30]",Number theory,Sequences and sets
11B68,11,11Bxx,Bernoulli and Euler numbers and polynomials,Number theory,Sequences and sets
11B73,11,11Bxx,Bell and Stirling numbers,Number theory,Sequences and sets
11B75,11,11Bxx,Other combinatorial number theory,Number theory,Sequences and sets
11B83,11,11Bxx,Special sequences and polynomials,Number theory,Sequences and sets
11B85,11,11Bxx,Automata sequences,Number theory,Sequences and sets
11B99,11,11Bxx,"None of the above, but in this section",Number theory,Sequences and sets
11C08,11,11Cxx,Polynomials in number theory [See also 13F20],Number theory,Polynomials and matrices
11C20,11,11Cxx,"Matrices, determinants in number theory [See also 15B36]",Number theory,Polynomials and matrices
11C99,11,11Cxx,"None of the above, but in this section",Number theory,Polynomials and matrices
11D04,11,11Dxx,Linear Diophantine equations,Number theory,"Diophantine equations [See also 11Gxx, 14Gxx]"
11D07,11,11Dxx,The Frobenius problem,Number theory,"Diophantine equations [See also 11Gxx, 14Gxx]"
11D09,11,11Dxx,Quadratic and bilinear Diophantine equations,Number theory,"Diophantine equations [See also 11Gxx, 14Gxx]"
11D25,11,11Dxx,Cubic and quartic Diophantine equations,Number theory,"Diophantine equations [See also 11Gxx, 14Gxx]"
11D41,11,11Dxx,Higher degree equations; Fermat’s equation,Number theory,"Diophantine equations [See also 11Gxx, 14Gxx]"
11D45,11,11Dxx,Counting solutions of Diophantine equations,Number theory,"Diophantine equations [See also 11Gxx, 14Gxx]"
11D57,11,11Dxx,Multiplicative and norm form equations,Number theory,"Diophantine equations [See also 11Gxx, 14Gxx]"
11D59,11,11Dxx,Thue-Mahler equations,Number theory,"Diophantine equations [See also 11Gxx, 14Gxx]"
11D61,11,11Dxx,Exponential Diophantine equations,Number theory,"Diophantine equations [See also 11Gxx, 14Gxx]"
11D68,11,11Dxx,Rational numbers as sums of fractions,Number theory,"Diophantine equations [See also 11Gxx, 14Gxx]"
11D72,11,11Dxx,Diophantine equations in many variables [See also 11P55],Number theory,"Diophantine equations [See also 11Gxx, 14Gxx]"
11D75,11,11Dxx,Diophantine inequalities [See also 11J25],Number theory,"Diophantine equations [See also 11Gxx, 14Gxx]"
11D79,11,11Dxx,Congruences in many variables,Number theory,"Diophantine equations [See also 11Gxx, 14Gxx]"
11D85,11,11Dxx,Representation problems [See also 11P55],Number theory,"Diophantine equations [See also 11Gxx, 14Gxx]"
11D88,11,11Dxx,p-adic and power series fields,Number theory,"Diophantine equations [See also 11Gxx, 14Gxx]"
11D99,11,11Dxx,"None of the above, but in this section",Number theory,"Diophantine equations [See also 11Gxx, 14Gxx]"
11E04,11,11Exx,Quadratic forms over general fields,Number theory,Forms and linear algebraic groups [See also 19Gxx] {For quadratic forms in
11E08,11,11Exx,Quadratic forms over local rings and fields,Number theory,Forms and linear algebraic groups [See also 19Gxx] {For quadratic forms in
11E10,11,11Exx,Forms over real fields,Number theory,Forms and linear algebraic groups [See also 19Gxx] {For quadratic forms in
11E12,11,11Exx,Quadratic forms over global rings and fields,Number theory,Forms and linear algebraic groups [See also 19Gxx] {For quadratic forms in
11E16,11,11Exx,General binary quadratic forms,Number theory,Forms and linear algebraic groups [See also 19Gxx] {For quadratic forms in
11E20,11,11Exx,General ternary and quaternary quadratic forms; forms of more than two variables,Number theory,Forms and linear algebraic groups [See also 19Gxx] {For quadratic forms in
11E25,11,11Exx,Sums of squares and representations by other particular quadratic forms,Number theory,Forms and linear algebraic groups [See also 19Gxx] {For quadratic forms in
11E39,11,11Exx,Bilinear and Hermitian forms,Number theory,Forms and linear algebraic groups [See also 19Gxx] {For quadratic forms in
11E41,11,11Exx,Class numbers of quadratic and Hermitian forms,Number theory,Forms and linear algebraic groups [See also 19Gxx] {For quadratic forms in
11E45,11,11Exx,Analytic theory (Epstein zeta functions; relations with automorphic forms and functions),Number theory,Forms and linear algebraic groups [See also 19Gxx] {For quadratic forms in
11E57,11,11Exx,"Classical groups [See also 14Lxx, 20Gxx]",Number theory,Forms and linear algebraic groups [See also 19Gxx] {For quadratic forms in
11E70,11,11Exx,K-theory of quadratic and Hermitian forms,Number theory,Forms and linear algebraic groups [See also 19Gxx] {For quadratic forms in
11E72,11,11Exx,Galois cohomology of linear algebraic groups [See also 20G10],Number theory,Forms and linear algebraic groups [See also 19Gxx] {For quadratic forms in
11E76,11,11Exx,Forms of degree higher than two,Number theory,Forms and linear algebraic groups [See also 19Gxx] {For quadratic forms in
11E81,11,11Exx,"Algebraic theory of quadratic forms; Witt groups and rings [See also 19G12, 19G24]",Number theory,Forms and linear algebraic groups [See also 19Gxx] {For quadratic forms in
11E88,11,11Exx,"Quadratic spaces; Clifford algebras [See also 15A63, 15A66]",Number theory,Forms and linear algebraic groups [See also 19Gxx] {For quadratic forms in
11E95,11,11Exx,p-adic theory,Number theory,Forms and linear algebraic groups [See also 19Gxx] {For quadratic forms in
11E99,11,11Exx,"None of the above, but in this section",Number theory,Forms and linear algebraic groups [See also 19Gxx] {For quadratic forms in
11F03,11,11Fxx,Modular and automorphic functions,Number theory,"Discontinuous groups and automorphic forms [See also 11R39, 11S37, 14Gxx,"
11F06,11,11Fxx,"Structure of modular groups and generalizations; arithmetic groups [See also 20H05, 20H10, 22E40]",Number theory,"Discontinuous groups and automorphic forms [See also 11R39, 11S37, 14Gxx,"
11F11,11,11Fxx,Holomorphic modular forms of integral weight,Number theory,"Discontinuous groups and automorphic forms [See also 11R39, 11S37, 14Gxx,"
11F12,11,11Fxx,"Automorphic forms, one variable",Number theory,"Discontinuous groups and automorphic forms [See also 11R39, 11S37, 14Gxx,"
11F20,11,11Fxx,"Dedekind eta function, Dedekind sums",Number theory,"Discontinuous groups and automorphic forms [See also 11R39, 11S37, 14Gxx,"
11F22,11,11Fxx,Relationship to Lie algebras and finite simple groups,Number theory,"Discontinuous groups and automorphic forms [See also 11R39, 11S37, 14Gxx,"
11F23,11,11Fxx,Relations with algebraic geometry and topology,Number theory,"Discontinuous groups and automorphic forms [See also 11R39, 11S37, 14Gxx,"
11F25,11,11Fxx,"Hecke-Petersson operators, differential operators (one variable)",Number theory,"Discontinuous groups and automorphic forms [See also 11R39, 11S37, 14Gxx,"
11F27,11,11Fxx,Theta series; Weil representation; theta correspondences,Number theory,"Discontinuous groups and automorphic forms [See also 11R39, 11S37, 14Gxx,"
11F30,11,11Fxx,Fourier coefficients of automorphic forms,Number theory,"Discontinuous groups and automorphic forms [See also 11R39, 11S37, 14Gxx,"
11F32,11,11Fxx,"Modular correspondences, etc.",Number theory,"Discontinuous groups and automorphic forms [See also 11R39, 11S37, 14Gxx,"
11F33,11,11Fxx,Congruences for modular and p-adic modular forms,Number theory,"Discontinuous groups and automorphic forms [See also 11R39, 11S37, 14Gxx,"
11F37,11,11Fxx,Forms of half-integer weight; nonholomorphic modular forms,Number theory,"Discontinuous groups and automorphic forms [See also 11R39, 11S37, 14Gxx,"
11F41,11,11Fxx,Automorphic forms on GL(2); Hilbert and Hilbert-Siegel modular groups and their modular and automorphic,Number theory,"Discontinuous groups and automorphic forms [See also 11R39, 11S37, 14Gxx,"
11F46,11,11Fxx,Siegel modular groups; Siegel and Hilbert-Siegel modular and automorphic forms,Number theory,"Discontinuous groups and automorphic forms [See also 11R39, 11S37, 14Gxx,"
11F50,11,11Fxx,Jacobi forms,Number theory,"Discontinuous groups and automorphic forms [See also 11R39, 11S37, 14Gxx,"
11F52,11,11Fxx,Modular forms associated to Drinfel’d modules,Number theory,"Discontinuous groups and automorphic forms [See also 11R39, 11S37, 14Gxx,"
11F55,11,11Fxx,Other groups and their modular and automorphic forms (several variables),Number theory,"Discontinuous groups and automorphic forms [See also 11R39, 11S37, 14Gxx,"
11F60,11,11Fxx,"Hecke-Petersson operators, differential operators (several variables)",Number theory,"Discontinuous groups and automorphic forms [See also 11R39, 11S37, 14Gxx,"
11F66,11,11Fxx,Langlands L-functions; one variable Dirichlet series and functional equations,Number theory,"Discontinuous groups and automorphic forms [See also 11R39, 11S37, 14Gxx,"
11F67,11,11Fxx,"Special values of automorphic L-series, periods of automorphic forms, cohomology, modular symbols",Number theory,"Discontinuous groups and automorphic forms [See also 11R39, 11S37, 14Gxx,"
11F68,11,11Fxx,Dirichlet series in several complex variables associated to automorphic forms; Weyl group multiple Dirichlet,Number theory,"Discontinuous groups and automorphic forms [See also 11R39, 11S37, 14Gxx,"
11F70,11,11Fxx,Representation-theoretic methods; automorphic representations over local and global fields,Number theory,"Discontinuous groups and automorphic forms [See also 11R39, 11S37, 14Gxx,"
11F72,11,11Fxx,"Spectral theory; trace formulas (e.g., that of Selberg)",Number theory,"Discontinuous groups and automorphic forms [See also 11R39, 11S37, 14Gxx,"
11F75,11,11Fxx,Cohomology of arithmetic groups,Number theory,"Discontinuous groups and automorphic forms [See also 11R39, 11S37, 14Gxx,"
11F77,11,11Fxx,Automorphic forms and their relations with perfectoid spaces [See also 14G45],Number theory,"Discontinuous groups and automorphic forms [See also 11R39, 11S37, 14Gxx,"
11F80,11,11Fxx,Galois representations,Number theory,"Discontinuous groups and automorphic forms [See also 11R39, 11S37, 14Gxx,"
11F85,11,11Fxx,"p-adic theory, local fields [See also 14G20, 22E50]",Number theory,"Discontinuous groups and automorphic forms [See also 11R39, 11S37, 14Gxx,"
11F99,11,11Fxx,"None of the above, but in this section",Number theory,"Discontinuous groups and automorphic forms [See also 11R39, 11S37, 14Gxx,"
11G05,11,11Gxx,Elliptic curves over global fields [See also 14H52],Number theory,"Arithmetic algebraic geometry (Diophantine geometry) [See also 11Dxx, 14Gxx,"
11G07,11,11Gxx,"Elliptic curves over local fields [See also 14G20, 14H52]",Number theory,"Arithmetic algebraic geometry (Diophantine geometry) [See also 11Dxx, 14Gxx,"
11G09,11,11Gxx,"Drinfel’d modules; higher-dimensional motives, etc. [See also 14L05]",Number theory,"Arithmetic algebraic geometry (Diophantine geometry) [See also 11Dxx, 14Gxx,"
11G10,11,11Gxx,Abelian varieties of dimension > 1 [See also 14Kxx],Number theory,"Arithmetic algebraic geometry (Diophantine geometry) [See also 11Dxx, 14Gxx,"
11G15,11,11Gxx,Complex multiplication and moduli of abelian varieties [See also 14K22],Number theory,"Arithmetic algebraic geometry (Diophantine geometry) [See also 11Dxx, 14Gxx,"
11G16,11,11Gxx,Elliptic and modular units [See also 11R27],Number theory,"Arithmetic algebraic geometry (Diophantine geometry) [See also 11Dxx, 14Gxx,"
11G18,11,11Gxx,Arithmetic aspects of modular and Shimura varieties [See also 14G35],Number theory,"Arithmetic algebraic geometry (Diophantine geometry) [See also 11Dxx, 14Gxx,"
11G20,11,11Gxx,Curves over finite and local fields [See also 14H25],Number theory,"Arithmetic algebraic geometry (Diophantine geometry) [See also 11Dxx, 14Gxx,"
11G25,11,11Gxx,"Varieties over finite and local fields [See also 14G15, 14G20]",Number theory,"Arithmetic algebraic geometry (Diophantine geometry) [See also 11Dxx, 14Gxx,"
11G30,11,11Gxx,Curves of arbitrary genus or genus 6= 1 over global fields [See also 14H25],Number theory,"Arithmetic algebraic geometry (Diophantine geometry) [See also 11Dxx, 14Gxx,"
11G32,11,11Gxx,"Arithmetic aspects of dessins d’enfants, Belyı̆ theory",Number theory,"Arithmetic algebraic geometry (Diophantine geometry) [See also 11Dxx, 14Gxx,"
11G35,11,11Gxx,Varieties over global fields [See also 14G25],Number theory,"Arithmetic algebraic geometry (Diophantine geometry) [See also 11Dxx, 14Gxx,"
11G40,11,11Gxx,L-functions of varieties over global fields; Birch-Swinnerton-Dyer conjecture [See also 14G10],Number theory,"Arithmetic algebraic geometry (Diophantine geometry) [See also 11Dxx, 14Gxx,"
11G42,11,11Gxx,Arithmetic mirror symmetry [See also 14J33],Number theory,"Arithmetic algebraic geometry (Diophantine geometry) [See also 11Dxx, 14Gxx,"
11G45,11,11Gxx,"Geometric class field theory [See also 11R37, 14C35, 19F05]",Number theory,"Arithmetic algebraic geometry (Diophantine geometry) [See also 11Dxx, 14Gxx,"
11G50,11,11Gxx,"Heights [See also 14G40, 37P30]",Number theory,"Arithmetic algebraic geometry (Diophantine geometry) [See also 11Dxx, 14Gxx,"
11G55,11,11Gxx,Polylogarithms and relations with K-theory,Number theory,"Arithmetic algebraic geometry (Diophantine geometry) [See also 11Dxx, 14Gxx,"
11G99,11,11Gxx,"None of the above, but in this section",Number theory,"Arithmetic algebraic geometry (Diophantine geometry) [See also 11Dxx, 14Gxx,"
11H06,11,11Hxx,"Lattices and convex bodies (number-theoretic aspects) [See also 11P21, 52C05, 52C07]",Number theory,"Geometry of numbers {For applications in coding theory, see 94B75}"
11H16,11,11Hxx,Nonconvex bodies,Number theory,"Geometry of numbers {For applications in coding theory, see 94B75}"
11H31,11,11Hxx,"Lattice packing and covering (number-theoretic aspects) [See also 05B40, 52C15, 52C17]",Number theory,"Geometry of numbers {For applications in coding theory, see 94B75}"
11H46,11,11Hxx,Products of linear forms,Number theory,"Geometry of numbers {For applications in coding theory, see 94B75}"
11H50,11,11Hxx,Minima of forms,Number theory,"Geometry of numbers {For applications in coding theory, see 94B75}"
11H55,11,11Hxx,"Quadratic forms (reduction theory, extreme forms, etc.)",Number theory,"Geometry of numbers {For applications in coding theory, see 94B75}"
11H56,11,11Hxx,Automorphism groups of lattices,Number theory,"Geometry of numbers {For applications in coding theory, see 94B75}"
11H60,11,11Hxx,Mean value and transfer theorems,Number theory,"Geometry of numbers {For applications in coding theory, see 94B75}"
11H71,11,11Hxx,Relations with coding theory,Number theory,"Geometry of numbers {For applications in coding theory, see 94B75}"
11H99,11,11Hxx,"None of the above, but in this section",Number theory,"Geometry of numbers {For applications in coding theory, see 94B75}"
11J04,11,11Jxx,Homogeneous approximation to one number,Number theory,"Diophantine approximation, transcendental number theory [See also 11K60]"
11J06,11,11Jxx,Markov and Lagrange spectra and generalizations,Number theory,"Diophantine approximation, transcendental number theory [See also 11K60]"
11J13,11,11Jxx,"Simultaneous homogeneous approximation, linear forms",Number theory,"Diophantine approximation, transcendental number theory [See also 11K60]"
11J17,11,11Jxx,Approximation by numbers from a fixed field,Number theory,"Diophantine approximation, transcendental number theory [See also 11K60]"
11J20,11,11Jxx,Inhomogeneous linear forms,Number theory,"Diophantine approximation, transcendental number theory [See also 11K60]"
11J25,11,11Jxx,Diophantine inequalities [See also 11D75],Number theory,"Diophantine approximation, transcendental number theory [See also 11K60]"
11J54,11,11Jxx,Small fractional parts of polynomials and generalizations,Number theory,"Diophantine approximation, transcendental number theory [See also 11K60]"
11J61,11,11Jxx,Approximation in non-Archimedean valuations,Number theory,"Diophantine approximation, transcendental number theory [See also 11K60]"
11J68,11,11Jxx,Approximation to algebraic numbers,Number theory,"Diophantine approximation, transcendental number theory [See also 11K60]"
11J70,11,11Jxx,"Continued fractions and generalizations [See also 11A55, 11K50]",Number theory,"Diophantine approximation, transcendental number theory [See also 11K60]"
11J71,11,11Jxx,Distribution modulo one [See also 11K06],Number theory,"Diophantine approximation, transcendental number theory [See also 11K60]"
11J72,11,11Jxx,Irrationality; linear independence over a field,Number theory,"Diophantine approximation, transcendental number theory [See also 11K60]"
11J81,11,11Jxx,Transcendence (general theory),Number theory,"Diophantine approximation, transcendental number theory [See also 11K60]"
11J82,11,11Jxx,Measures of irrationality and of transcendence,Number theory,"Diophantine approximation, transcendental number theory [See also 11K60]"
11J83,11,11Jxx,Metric theory,Number theory,"Diophantine approximation, transcendental number theory [See also 11K60]"
11J85,11,11Jxx,Algebraic independence; Gel’fond’s method,Number theory,"Diophantine approximation, transcendental number theory [See also 11K60]"
11J86,11,11Jxx,Linear forms in logarithms; Baker’s method,Number theory,"Diophantine approximation, transcendental number theory [See also 11K60]"
11J87,11,11Jxx,Schmidt Subspace Theorem and applications,Number theory,"Diophantine approximation, transcendental number theory [See also 11K60]"
11J89,11,11Jxx,Transcendence theory of elliptic and abelian functions,Number theory,"Diophantine approximation, transcendental number theory [See also 11K60]"
11J91,11,11Jxx,Transcendence theory of other special functions,Number theory,"Diophantine approximation, transcendental number theory [See also 11K60]"
11J93,11,11Jxx,Transcendence theory of Drinfel’d and t-modules,Number theory,"Diophantine approximation, transcendental number theory [See also 11K60]"
11J95,11,11Jxx,Results involving abelian varieties,Number theory,"Diophantine approximation, transcendental number theory [See also 11K60]"
11J97,11,11Jxx,Number-theoretic analogues of methods in Nevanlinna theory (work of Vojta et al.),Number theory,"Diophantine approximation, transcendental number theory [See also 11K60]"
11J99,11,11Jxx,"None of the above, but in this section",Number theory,"Diophantine approximation, transcendental number theory [See also 11K60]"
11K06,11,11Kxx,General theory of distribution modulo 1 [See also 11J71],Number theory,Probabilistic theory: distribution modulo 1; metric theory of algorithms
11K16,11,11Kxx,"Normal numbers, radix expansions, Pisot numbers, Salem numbers, good lattice points, etc. [See also 11A63]",Number theory,Probabilistic theory: distribution modulo 1; metric theory of algorithms
11K31,11,11Kxx,Special sequences,Number theory,Probabilistic theory: distribution modulo 1; metric theory of algorithms
11K36,11,11Kxx,Well-distributed sequences and other variations,Number theory,Probabilistic theory: distribution modulo 1; metric theory of algorithms
11K38,11,11Kxx,"Irregularities of distribution, discrepancy [See also 11Nxx]",Number theory,Probabilistic theory: distribution modulo 1; metric theory of algorithms
11K41,11,11Kxx,"Continuous, p-adic and abstract analogues",Number theory,Probabilistic theory: distribution modulo 1; metric theory of algorithms
11K45,11,11Kxx,"Pseudo-random numbers; Monte Carlo methods [See also 65C05, 65C10]",Number theory,Probabilistic theory: distribution modulo 1; metric theory of algorithms
11K50,11,11Kxx,"Metric theory of continued fractions [See also 11A55, 11J70]",Number theory,Probabilistic theory: distribution modulo 1; metric theory of algorithms
11K55,11,11Kxx,"Metric theory of other algorithms and expansions; measure and Hausdorff dimension [See also 11N99, 28Dxx]",Number theory,Probabilistic theory: distribution modulo 1; metric theory of algorithms
11K60,11,11Kxx,Diophantine approximation in probabilistic number theory [See also 11Jxx],Number theory,Probabilistic theory: distribution modulo 1; metric theory of algorithms
11K65,11,11Kxx,Arithmetic functions in probabilistic number theory [See also 11Nxx],Number theory,Probabilistic theory: distribution modulo 1; metric theory of algorithms
11K70,11,11Kxx,Harmonic analysis and almost periodicity in probabilistic number theory,Number theory,Probabilistic theory: distribution modulo 1; metric theory of algorithms
11K99,11,11Kxx,"None of the above, but in this section",Number theory,Probabilistic theory: distribution modulo 1; metric theory of algorithms
11L03,11,11Lxx,Trigonometric and exponential sums (general theory),Number theory,"Exponential sums and character sums {For finite fields, see 11Txx}"
11L05,11,11Lxx,Gauss and Kloosterman sums; generalizations,Number theory,"Exponential sums and character sums {For finite fields, see 11Txx}"
11L07,11,11Lxx,Estimates on exponential sums,Number theory,"Exponential sums and character sums {For finite fields, see 11Txx}"
11L10,11,11Lxx,Jacobsthal and Brewer sums; other complete character sums,Number theory,"Exponential sums and character sums {For finite fields, see 11Txx}"
11L15,11,11Lxx,Weyl sums,Number theory,"Exponential sums and character sums {For finite fields, see 11Txx}"
11L20,11,11Lxx,Sums over primes,Number theory,"Exponential sums and character sums {For finite fields, see 11Txx}"
11L26,11,11Lxx,Sums over arbitrary intervals,Number theory,"Exponential sums and character sums {For finite fields, see 11Txx}"
11L40,11,11Lxx,Estimates on character sums,Number theory,"Exponential sums and character sums {For finite fields, see 11Txx}"
11L99,11,11Lxx,"None of the above, but in this section",Number theory,"Exponential sums and character sums {For finite fields, see 11Txx}"
11M06,11,11Mxx,"ζ(s) and L(s, χ)",Number theory,Zeta and L-functions: analytic theory
11M20,11,11Mxx,"Real zeros of L(s, χ); results on L(1, χ)",Number theory,Zeta and L-functions: analytic theory
11M26,11,11Mxx,"Nonreal zeros of ζ(s) and L(s, χ); Riemann and other hypotheses",Number theory,Zeta and L-functions: analytic theory
11M32,11,11Mxx,Multiple Dirichlet series and zeta functions and multizeta values,Number theory,Zeta and L-functions: analytic theory
11M35,11,11Mxx,Hurwitz and Lerch zeta functions,Number theory,Zeta and L-functions: analytic theory
11M36,11,11Mxx,"Selberg zeta functions and regularized determinants; applications to spectral theory, Dirichlet series, Eisenstein series, etc. (explicit formulas)",Number theory,Zeta and L-functions: analytic theory
11M38,11,11Mxx,Zeta and L-functions in characteristic p,Number theory,Zeta and L-functions: analytic theory
11M41,11,11Mxx,"Other Dirichlet series and zeta functions {For local and global ground fields, see 11R42, 11R52, 11S40,",Number theory,Zeta and L-functions: analytic theory
11M45,11,11Mxx,Tauberian theorems [See also 40E05],Number theory,Zeta and L-functions: analytic theory
11M50,11,11Mxx,Relations with random matrices,Number theory,Zeta and L-functions: analytic theory
11M55,11,11Mxx,Relations with noncommutative geometry,Number theory,Zeta and L-functions: analytic theory
11M99,11,11Mxx,"None of the above, but in this section",Number theory,Zeta and L-functions: analytic theory
11N05,11,11Nxx,Distribution of primes,Number theory,Multiplicative number theory
11N13,11,11Nxx,Primes in congruence classes,Number theory,Multiplicative number theory
11N25,11,11Nxx,Distribution of integers with specified multiplicative constraints,Number theory,Multiplicative number theory
11N30,11,11Nxx,Turán theory [See also 30Bxx],Number theory,Multiplicative number theory
11N32,11,11Nxx,Primes represented by polynomials; other multiplicative structures of polynomial values,Number theory,Multiplicative number theory
11N35,11,11Nxx,Sieves,Number theory,Multiplicative number theory
11N36,11,11Nxx,Applications of sieve methods,Number theory,Multiplicative number theory
11N37,11,11Nxx,Asymptotic results on arithmetic functions,Number theory,Multiplicative number theory
11N45,11,11Nxx,Asymptotic results on counting functions for algebraic and topological structures,Number theory,Multiplicative number theory
11N56,11,11Nxx,Rate of growth of arithmetic functions,Number theory,Multiplicative number theory
11N60,11,11Nxx,Distribution functions associated with additive and positive multiplicative functions,Number theory,Multiplicative number theory
11N64,11,11Nxx,Other results on the distribution of values or the characterization of arithmetic functions,Number theory,Multiplicative number theory
11N69,11,11Nxx,Distribution of integers in special residue classes,Number theory,Multiplicative number theory
11N75,11,11Nxx,Applications of automorphic functions and forms to multiplicative problems [See also 11Fxx],Number theory,Multiplicative number theory
11N80,11,11Nxx,Generalized primes and integers,Number theory,Multiplicative number theory
11N99,11,11Nxx,"None of the above, but in this section",Number theory,Multiplicative number theory
11P05,11,11Pxx,Waring’s problem and variants,Number theory,Additive number theory; partitions
11P21,11,11Pxx,Lattice points in specified regions,Number theory,Additive number theory; partitions
11P32,11,11Pxx,Goldbach-type theorems; other additive questions involving primes,Number theory,Additive number theory; partitions
11P55,11,11Pxx,Applications of the Hardy-Littlewood method [See also 11D85],Number theory,Additive number theory; partitions
11P70,11,11Pxx,"Inverse problems of additive number theory, including sumsets",Number theory,Additive number theory; partitions
11P81,11,11Pxx,Elementary theory of partitions [See also 05A17],Number theory,Additive number theory; partitions
11P82,11,11Pxx,Analytic theory of partitions,Number theory,Additive number theory; partitions
11P83,11,11Pxx,Partitions; congruences and congruential restrictions,Number theory,Additive number theory; partitions
11P84,11,11Pxx,Partition identities; identities of Rogers-Ramanujan type,Number theory,Additive number theory; partitions
11P99,11,11Pxx,"None of the above, but in this section",Number theory,Additive number theory; partitions
11R04,11,11Rxx,Algebraic numbers; rings of algebraic integers,Number theory,"Algebraic number theory: global fields {For complex multiplication, see 11G15}"
11R06,11,11Rxx,PV-numbers and generalizations; other special algebraic numbers; Mahler measure,Number theory,"Algebraic number theory: global fields {For complex multiplication, see 11G15}"
11R09,11,11Rxx,"Polynomials (irreducibility, etc.)",Number theory,"Algebraic number theory: global fields {For complex multiplication, see 11G15}"
11R11,11,11Rxx,Quadratic extensions,Number theory,"Algebraic number theory: global fields {For complex multiplication, see 11G15}"
11R16,11,11Rxx,Cubic and quartic extensions,Number theory,"Algebraic number theory: global fields {For complex multiplication, see 11G15}"
11R18,11,11Rxx,Cyclotomic extensions,Number theory,"Algebraic number theory: global fields {For complex multiplication, see 11G15}"
11R20,11,11Rxx,Other abelian and metabelian extensions,Number theory,"Algebraic number theory: global fields {For complex multiplication, see 11G15}"
11R21,11,11Rxx,Other number fields,Number theory,"Algebraic number theory: global fields {For complex multiplication, see 11G15}"
11R23,11,11Rxx,Iwasawa theory,Number theory,"Algebraic number theory: global fields {For complex multiplication, see 11G15}"
11R27,11,11Rxx,Units and factorization,Number theory,"Algebraic number theory: global fields {For complex multiplication, see 11G15}"
11R29,11,11Rxx,"Class numbers, class groups, discriminants",Number theory,"Algebraic number theory: global fields {For complex multiplication, see 11G15}"
11R32,11,11Rxx,Galois theory,Number theory,"Algebraic number theory: global fields {For complex multiplication, see 11G15}"
11R33,11,11Rxx,Integral representations related to algebraic numbers; Galois module structure of rings of integers [See also,Number theory,"Algebraic number theory: global fields {For complex multiplication, see 11G15}"
11R34,11,11Rxx,"Galois cohomology [See also 12Gxx, 19F05]",Number theory,"Algebraic number theory: global fields {For complex multiplication, see 11G15}"
11R37,11,11Rxx,Class field theory,Number theory,"Algebraic number theory: global fields {For complex multiplication, see 11G15}"
11R39,11,11Rxx,"Langlands-Weil conjectures, nonabelian class field theory [See also 11Fxx, 22E55]",Number theory,"Algebraic number theory: global fields {For complex multiplication, see 11G15}"
11R42,11,11Rxx,"Zeta functions and L-functions of number fields [See also 11M41, 19F27]",Number theory,"Algebraic number theory: global fields {For complex multiplication, see 11G15}"
11R44,11,11Rxx,Distribution of prime ideals [See also 11N05],Number theory,"Algebraic number theory: global fields {For complex multiplication, see 11G15}"
11R45,11,11Rxx,Density theorems,Number theory,"Algebraic number theory: global fields {For complex multiplication, see 11G15}"
11R47,11,11Rxx,Other analytic theory [See also 11Nxx],Number theory,"Algebraic number theory: global fields {For complex multiplication, see 11G15}"
11R52,11,11Rxx,"Quaternion and other division algebras: arithmetic, zeta functions",Number theory,"Algebraic number theory: global fields {For complex multiplication, see 11G15}"
11R54,11,11Rxx,"Other algebras and orders, and their zeta and L-functions [See also 11S45, 16Hxx]",Number theory,"Algebraic number theory: global fields {For complex multiplication, see 11G15}"
11R56,11,11Rxx,Adèle rings and groups,Number theory,"Algebraic number theory: global fields {For complex multiplication, see 11G15}"
11R58,11,11Rxx,"Arithmetic theory of algebraic function fields [See also 14Gxx, 14H05]",Number theory,"Algebraic number theory: global fields {For complex multiplication, see 11G15}"
11R59,11,11Rxx,Zeta functions and L-functions of function fields,Number theory,"Algebraic number theory: global fields {For complex multiplication, see 11G15}"
11R60,11,11Rxx,"Cyclotomic function fields (class groups, Bernoulli objects, etc.)",Number theory,"Algebraic number theory: global fields {For complex multiplication, see 11G15}"
11R65,11,11Rxx,Class groups and Picard groups of orders,Number theory,"Algebraic number theory: global fields {For complex multiplication, see 11G15}"
11R70,11,11Rxx,K-theory of global fields [See also 19Fxx],Number theory,"Algebraic number theory: global fields {For complex multiplication, see 11G15}"
11R80,11,11Rxx,Totally real fields [See also 12J15],Number theory,"Algebraic number theory: global fields {For complex multiplication, see 11G15}"
11R99,11,11Rxx,"None of the above, but in this section",Number theory,"Algebraic number theory: global fields {For complex multiplication, see 11G15}"
11S05,11,11Sxx,Polynomials,Number theory,Algebraic number theory: local fields
11S15,11,11Sxx,Ramification and extension theory,Number theory,Algebraic number theory: local fields
11S20,11,11Sxx,Galois theory,Number theory,Algebraic number theory: local fields
11S23,11,11Sxx,Integral representations,Number theory,Algebraic number theory: local fields
11S25,11,11Sxx,"Galois cohomology [See also 12Gxx, 16H05]",Number theory,Algebraic number theory: local fields
11S31,11,11Sxx,Class field theory; p-adic formal groups [See also 14L05],Number theory,Algebraic number theory: local fields
11S37,11,11Sxx,"Langlands-Weil conjectures, nonabelian class field theory [See also 11Fxx, 22E50]",Number theory,Algebraic number theory: local fields
11S40,11,11Sxx,"Zeta functions and L-functions [See also 11M41, 19F27]",Number theory,Algebraic number theory: local fields
11S45,11,11Sxx,"Algebras and orders, and their zeta functions [See also 11R52, 11R54, 16Hxx, 16Kxx]",Number theory,Algebraic number theory: local fields
11S70,11,11Sxx,K-theory of local fields [See also 19Fxx],Number theory,Algebraic number theory: local fields
11S80,11,11Sxx,"Other analytic theory (analogues of beta and gamma functions, p-adic integration, etc.)",Number theory,Algebraic number theory: local fields
11S82,11,11Sxx,Non-Archimedean dynamical systems [See mainly 37Pxx],Number theory,Algebraic number theory: local fields
11S85,11,11Sxx,Other nonanalytic theory,Number theory,Algebraic number theory: local fields
11S90,11,11Sxx,Prehomogeneous vector spaces,Number theory,Algebraic number theory: local fields
11S99,11,11Sxx,"None of the above, but in this section",Number theory,Algebraic number theory: local fields
11T06,11,11Txx,Polynomials over finite fields,Number theory,Finite fields and commutative rings (number-theoretic aspects)
11T22,11,11Txx,Cyclotomy,Number theory,Finite fields and commutative rings (number-theoretic aspects)
11T23,11,11Txx,Exponential sums,Number theory,Finite fields and commutative rings (number-theoretic aspects)
11T24,11,11Txx,Other character sums and Gauss sums,Number theory,Finite fields and commutative rings (number-theoretic aspects)
11T30,11,11Txx,Structure theory for finite fields and commutative rings (number-theoretic aspects),Number theory,Finite fields and commutative rings (number-theoretic aspects)
11T55,11,11Txx,Arithmetic theory of polynomial rings over finite fields,Number theory,Finite fields and commutative rings (number-theoretic aspects)
11T60,11,11Txx,Finite upper half-planes,Number theory,Finite fields and commutative rings (number-theoretic aspects)
11T71,11,11Txx,Algebraic coding theory; cryptography (number-theoretic aspects),Number theory,Finite fields and commutative rings (number-theoretic aspects)
11T99,11,11Txx,"None of the above, but in this section",Number theory,Finite fields and commutative rings (number-theoretic aspects)
11U05,11,11Uxx,Decidability (number-theoretic aspects) [See also 03B25],Number theory,Connections of number theory and logic
11U07,11,11Uxx,Ultraproducts (number-theoretic aspects) [See also 03C20],Number theory,Connections of number theory and logic
11U09,11,11Uxx,Model theory (number-theoretic aspects) [See also 03Cxx],Number theory,Connections of number theory and logic
11U10,11,11Uxx,Nonstandard arithmetic (number-theoretic aspects) [See also 03H15],Number theory,Connections of number theory and logic
11U99,11,11Uxx,"None of the above, but in this section",Number theory,Connections of number theory and logic
11Y05,11,11Yxx,Factorization,Number theory,"Computational number theory {For software etc., see 11-04} [See also 68W30]"
11Y11,11,11Yxx,Primality,Number theory,"Computational number theory {For software etc., see 11-04} [See also 68W30]"
11Y16,11,11Yxx,Number-theoretic algorithms; complexity [See also 68Q25],Number theory,"Computational number theory {For software etc., see 11-04} [See also 68W30]"
11Y35,11,11Yxx,Analytic computations,Number theory,"Computational number theory {For software etc., see 11-04} [See also 68W30]"
11Y40,11,11Yxx,Algebraic number theory computations,Number theory,"Computational number theory {For software etc., see 11-04} [See also 68W30]"
11Y50,11,11Yxx,Computer solution of Diophantine equations,Number theory,"Computational number theory {For software etc., see 11-04} [See also 68W30]"
11Y55,11,11Yxx,Calculation of integer sequences,Number theory,"Computational number theory {For software etc., see 11-04} [See also 68W30]"
11Y60,11,11Yxx,Evaluation of number-theoretic constants,Number theory,"Computational number theory {For software etc., see 11-04} [See also 68W30]"
11Y65,11,11Yxx,Continued fraction calculations (number-theoretic aspects),Number theory,"Computational number theory {For software etc., see 11-04} [See also 68W30]"
11Y70,11,11Yxx,Values of arithmetic functions; tables,Number theory,"Computational number theory {For software etc., see 11-04} [See also 68W30]"
11Y99,11,11Yxx,"None of the above, but in this section",Number theory,"Computational number theory {For software etc., see 11-04} [See also 68W30]"
11Z05,11,11Zxx,Miscellaneous applications of number theory,Number theory,Miscellaneous applications of number theory
11Z99,11,11Zxx,"None of the above, but in this section",Number theory,Miscellaneous applications of number theory
12D05,12,12Dxx,Polynomials in real and complex fields: factorization,Field theory and polynomials,Real and complex fields
12D10,12,12Dxx,"Polynomials in real and complex fields: location of zeros (algebraic theorems) {For the analytic theory, see",Field theory and polynomials,Real and complex fields
12D15,12,12Dxx,"Fields related with sums of squares (formally real fields, Pythagorean fields, etc.) [See also 11Exx]",Field theory and polynomials,Real and complex fields
12D99,12,12Dxx,"None of the above, but in this section",Field theory and polynomials,Real and complex fields
12E05,12,12Exx,"Polynomials in general fields (irreducibility, etc.)",Field theory and polynomials,General field theory
12E10,12,12Exx,Special polynomials in general fields,Field theory and polynomials,General field theory
12E12,12,12Exx,Equations in general fields,Field theory and polynomials,General field theory
12E15,12,12Exx,"Skew fields, division rings [See also 11R52, 16Kxx]",Field theory and polynomials,General field theory
12E20,12,12Exx,Finite fields (field-theoretic aspects),Field theory and polynomials,General field theory
12E25,12,12Exx,Hilbertian fields; Hilbert’s irreducibility theorem,Field theory and polynomials,General field theory
12E30,12,12Exx,Field arithmetic,Field theory and polynomials,General field theory
12E99,12,12Exx,"None of the above, but in this section",Field theory and polynomials,General field theory
12F05,12,12Fxx,Algebraic field extensions,Field theory and polynomials,Field extensions
12F10,12,12Fxx,"Separable extensions, Galois theory",Field theory and polynomials,Field extensions
12F12,12,12Fxx,Inverse Galois theory,Field theory and polynomials,Field extensions
12F15,12,12Fxx,Inseparable field extensions,Field theory and polynomials,Field extensions
12F20,12,12Fxx,Transcendental field extensions,Field theory and polynomials,Field extensions
12F99,12,12Fxx,"None of the above, but in this section",Field theory and polynomials,Field extensions
12G05,12,12Gxx,"Galois cohomology [See also 14F22, 16H05, 16K50]",Field theory and polynomials,Homological methods (field theory)
12G10,12,12Gxx,Cohomological dimension of fields,Field theory and polynomials,Homological methods (field theory)
12G99,12,12Gxx,"None of the above, but in this section",Field theory and polynomials,Homological methods (field theory)
12H05,12,12Hxx,Differential algebra [See also 13Nxx],Field theory and polynomials,Differential and difference algebra
12H10,12,12Hxx,Difference algebra [See also 39Axx],Field theory and polynomials,Differential and difference algebra
12H20,12,12Hxx,Abstract differential equations [See also 34Mxx],Field theory and polynomials,Differential and difference algebra
12H25,12,12Hxx,"p-adic differential equations [See also 11S80, 14G20]",Field theory and polynomials,Differential and difference algebra
12H99,12,12Hxx,"None of the above, but in this section",Field theory and polynomials,Differential and difference algebra
12J05,12,12Jxx,Normed fields,Field theory and polynomials,Topological fields
12J10,12,12Jxx,Valued fields,Field theory and polynomials,Topological fields
12J12,12,12Jxx,Formally p-adic fields,Field theory and polynomials,Topological fields
12J15,12,12Jxx,Ordered fields,Field theory and polynomials,Topological fields
12J17,12,12Jxx,Topological semifields,Field theory and polynomials,Topological fields
12J20,12,12Jxx,General valuation theory for fields [See also 13A18],Field theory and polynomials,Topological fields
12J25,12,12Jxx,"Non-Archimedean valued fields [See also 30G06, 46S10]",Field theory and polynomials,Topological fields
12J27,12,12Jxx,"Krasner-Tate algebras [See mainly 32P05; see also 46S10, 47S10]",Field theory and polynomials,Topological fields
12J99,12,12Jxx,"None of the above, but in this section",Field theory and polynomials,Topological fields
12K05,12,12Kxx,Near-fields [See also 16Y30],Field theory and polynomials,Generalizations of fields
12K10,12,12Kxx,Semifields [See also 16Y60],Field theory and polynomials,Generalizations of fields
12K99,12,12Kxx,"None of the above, but in this section",Field theory and polynomials,Generalizations of fields
12L05,12,12Lxx,Decidability and field theory [See also 03B25],Field theory and polynomials,Connections between field theory and logic
12L10,12,12Lxx,Ultraproducts and field theory [See also 03C20],Field theory and polynomials,Connections between field theory and logic
12L12,12,12Lxx,Model theory of fields [See also 03C60],Field theory and polynomials,Connections between field theory and logic
12L15,12,12Lxx,Nonstandard arithmetic and field theory [See also 03H15],Field theory and polynomials,Connections between field theory and logic
12L99,12,12Lxx,"None of the above, but in this section",Field theory and polynomials,Connections between field theory and logic
13A02,13,13Axx,Graded rings [See also 16W50],Commutative algebra,General commutative ring theory
13A05,13,13Axx,Divisibility and factorizations in commutative rings [See also 13F15],Commutative algebra,General commutative ring theory
13A15,13,13Axx,Ideals and multiplicative ideal theory in commutative rings,Commutative algebra,General commutative ring theory
13A18,13,13Axx,Valuations and their generalizations for commutative rings [See also 12J20],Commutative algebra,General commutative ring theory
13A30,13,13Axx,"Associated graded rings of ideals (Rees ring, form ring), analytic spread and related topics",Commutative algebra,General commutative ring theory
13A35,13,13Axx,Characteristic p methods (Frobenius endomorphism) and reduction to characteristic p; tight closure [See,Commutative algebra,General commutative ring theory
13A50,13,13Axx,Actions of groups on commutative rings; invariant theory [See also 14L24],Commutative algebra,General commutative ring theory
13A70,13,13Axx,"General commutative ring theory and combinatorics (zero-divisor graphs, annihilating-ideal graphs, etc.)",Commutative algebra,General commutative ring theory
13A99,13,13Axx,"None of the above, but in this section",Commutative algebra,General commutative ring theory
13B02,13,13Bxx,Extension theory of commutative rings,Commutative algebra,Commutative ring extensions and related topics
13B05,13,13Bxx,Galois theory and commutative ring extensions,Commutative algebra,Commutative ring extensions and related topics
13B10,13,13Bxx,Morphisms of commutative rings,Commutative algebra,Commutative ring extensions and related topics
13B21,13,13Bxx,"Integral dependence in commutative rings; going up, going down",Commutative algebra,Commutative ring extensions and related topics
13B22,13,13Bxx,"Integral closure of commutative rings and ideals [See also 13A35]; integrally closed rings, related rings",Commutative algebra,Commutative ring extensions and related topics
13B25,13,13Bxx,"Polynomials over commutative rings [See also 11C08, 11T06, 13F20, 13M10]",Commutative algebra,Commutative ring extensions and related topics
13B30,13,13Bxx,Rings of fractions and localization for commutative rings [See also 16S85],Commutative algebra,Commutative ring extensions and related topics
13B35,13,13Bxx,Completion of commutative rings [See also 13J10],Commutative algebra,Commutative ring extensions and related topics
13B40,13,13Bxx,"Étale and flat extensions; Henselization; Artin approximation [See also 13J15, 14B12, 14B25]",Commutative algebra,Commutative ring extensions and related topics
13B99,13,13Bxx,"None of the above, but in this section",Commutative algebra,Commutative ring extensions and related topics
13C05,13,13Cxx,"Structure, classification theorems for modules and ideals in commutative rings",Commutative algebra,Theory of modules and ideals in commutative rings
13C10,13,13Cxx,Projective and free modules and ideals in commutative rings [See also 19A13],Commutative algebra,Theory of modules and ideals in commutative rings
13C11,13,13Cxx,Injective and flat modules and ideals in commutative rings,Commutative algebra,Theory of modules and ideals in commutative rings
13C12,13,13Cxx,Torsion modules and ideals in commutative rings,Commutative algebra,Theory of modules and ideals in commutative rings
13C13,13,13Cxx,Other special types of modules and ideals in commutative rings,Commutative algebra,Theory of modules and ideals in commutative rings
13C14,13,13Cxx,Cohen-Macaulay modules [See also 13H10],Commutative algebra,Theory of modules and ideals in commutative rings
13C15,13,13Cxx,"Dimension theory, depth, related commutative rings (catenary, etc.)",Commutative algebra,Theory of modules and ideals in commutative rings
13C20,13,13Cxx,Class groups [See also 11R29],Commutative algebra,Theory of modules and ideals in commutative rings
13C40,13,13Cxx,"Linkage, complete intersections and determinantal ideals [See also 14M06, 14M10, 14M12]",Commutative algebra,Theory of modules and ideals in commutative rings
13C60,13,13Cxx,Module categories and commutative rings,Commutative algebra,Theory of modules and ideals in commutative rings
13C70,13,13Cxx,"Theory of modules and ideals in commutative rings described by combinatorial properties [See also 05C25,",Commutative algebra,Theory of modules and ideals in commutative rings
13C99,13,13Cxx,"None of the above, but in this section",Commutative algebra,Theory of modules and ideals in commutative rings
13D02,13,13Dxx,"Syzygies, resolutions, complexes and commutative rings",Commutative algebra,"Homological methods in commutative ring theory {For noncommutative rings,"
13D03,13,13Dxx,"(Co)homology of commutative rings and algebras (e.g., Hochschild, André-Quillen, cyclic, dihedral, etc.)",Commutative algebra,"Homological methods in commutative ring theory {For noncommutative rings,"
13D05,13,13Dxx,Homological dimension and commutative rings,Commutative algebra,"Homological methods in commutative ring theory {For noncommutative rings,"
13D07,13,13Dxx,"Homological functors on modules of commutative rings (Tor, Ext, etc.)",Commutative algebra,"Homological methods in commutative ring theory {For noncommutative rings,"
13D09,13,13Dxx,Derived categories and commutative rings,Commutative algebra,"Homological methods in commutative ring theory {For noncommutative rings,"
13D10,13,13Dxx,"Deformations and infinitesimal methods in commutative ring theory [See also 14B10, 14B12, 14D15, 32Gxx]",Commutative algebra,"Homological methods in commutative ring theory {For noncommutative rings,"
13D15,13,13Dxx,"Grothendieck groups, K-theory and commutative rings [See also 14C35, 18F30, 19Axx, 19D50]",Commutative algebra,"Homological methods in commutative ring theory {For noncommutative rings,"
13D22,13,13Dxx,Homological conjectures (intersection theorems) in commutative ring theory,Commutative algebra,"Homological methods in commutative ring theory {For noncommutative rings,"
13D30,13,13Dxx,"Torsion theory for commutative rings [See also 13C12, 18E40]",Commutative algebra,"Homological methods in commutative ring theory {For noncommutative rings,"
13D40,13,13Dxx,Hilbert-Samuel and Hilbert-Kunz functions; Poincaré series,Commutative algebra,"Homological methods in commutative ring theory {For noncommutative rings,"
13D45,13,13Dxx,Local cohomology and commutative rings [See also 14B15],Commutative algebra,"Homological methods in commutative ring theory {For noncommutative rings,"
13D99,13,13Dxx,"None of the above, but in this section",Commutative algebra,"Homological methods in commutative ring theory {For noncommutative rings,"
13E05,13,13Exx,Commutative Noetherian rings and modules,Commutative algebra,"Chain conditions, finiteness conditions in commutative ring theory"
13E10,13,13Exx,"Commutative Artinian rings and modules, finite-dimensional algebras",Commutative algebra,"Chain conditions, finiteness conditions in commutative ring theory"
13E15,13,13Exx,Commutative rings and modules of finite generation or presentation; number of generators,Commutative algebra,"Chain conditions, finiteness conditions in commutative ring theory"
13E99,13,13Exx,"None of the above, but in this section",Commutative algebra,"Chain conditions, finiteness conditions in commutative ring theory"
13F05,13,13Fxx,"Dedekind, Prüfer, Krull and Mori rings and their generalizations",Commutative algebra,Arithmetic rings and other special commutative rings
13F07,13,13Fxx,Euclidean rings and generalizations,Commutative algebra,Arithmetic rings and other special commutative rings
13F10,13,13Fxx,Principal ideal rings,Commutative algebra,Arithmetic rings and other special commutative rings
13F15,13,13Fxx,"Commutative rings defined by factorization properties (e.g., atomic, factorial, half-factorial) [See also 13A05,",Commutative algebra,Arithmetic rings and other special commutative rings
13F20,13,13Fxx,"Polynomial rings and ideals; rings of integer-valued polynomials [See also 11C08, 13B25]",Commutative algebra,Arithmetic rings and other special commutative rings
13F25,13,13Fxx,Formal power series rings [See also 13J05],Commutative algebra,Arithmetic rings and other special commutative rings
13F30,13,13Fxx,Valuation rings [See also 13A18],Commutative algebra,Arithmetic rings and other special commutative rings
13F35,13,13Fxx,Witt vectors and related rings,Commutative algebra,Arithmetic rings and other special commutative rings
13F40,13,13Fxx,Excellent rings,Commutative algebra,Arithmetic rings and other special commutative rings
13F45,13,13Fxx,Seminormal rings,Commutative algebra,Arithmetic rings and other special commutative rings
13F50,13,13Fxx,"Rings with straightening laws, Hodge algebras",Commutative algebra,Arithmetic rings and other special commutative rings
13F55,13,13Fxx,Commutative rings defined by monomial ideals; Stanley-Reisner face rings; simplicial complexes [See also,Commutative algebra,Arithmetic rings and other special commutative rings
13F60,13,13Fxx,Cluster algebras,Commutative algebra,Arithmetic rings and other special commutative rings
13F65,13,13Fxx,"Commutative rings defined by binomial ideals, toric rings, etc. [See also 14M25]",Commutative algebra,Arithmetic rings and other special commutative rings
13F70,13,13Fxx,Other commutative rings defined by combinatorial properties,Commutative algebra,Arithmetic rings and other special commutative rings
13F99,13,13Fxx,"None of the above, but in this section",Commutative algebra,Arithmetic rings and other special commutative rings
13G05,13,13Gxx,Integral domains,Commutative algebra,Integral domains
13G99,13,13Gxx,"None of the above, but in this section",Commutative algebra,Integral domains
13H05,13,13Hxx,Regular local rings,Commutative algebra,Local rings and semilocal rings
13H10,13,13Hxx,"Special types (Cohen-Macaulay, Gorenstein, Buchsbaum, etc.) [See also 14M05]",Commutative algebra,Local rings and semilocal rings
13H15,13,13Hxx,Multiplicity theory and related topics [See also 14C17],Commutative algebra,Local rings and semilocal rings
13H99,13,13Hxx,"None of the above, but in this section",Commutative algebra,Local rings and semilocal rings
13J05,13,13Jxx,Power series rings [See also 13F25],Commutative algebra,"Topological rings and modules [See also 16W60, 16W80]"
13J07,13,13Jxx,Analytical algebras and rings [See also 32B05],Commutative algebra,"Topological rings and modules [See also 16W60, 16W80]"
13J10,13,13Jxx,"Complete rings, completion [See also 13B35]",Commutative algebra,"Topological rings and modules [See also 16W60, 16W80]"
13J15,13,13Jxx,Henselian rings [See also 13B40],Commutative algebra,"Topological rings and modules [See also 16W60, 16W80]"
13J20,13,13Jxx,Global topological rings,Commutative algebra,"Topological rings and modules [See also 16W60, 16W80]"
13J25,13,13Jxx,Ordered rings [See also 06F25],Commutative algebra,"Topological rings and modules [See also 16W60, 16W80]"
13J30,13,13Jxx,"Real algebra [See also 12D15, 14Pxx]",Commutative algebra,"Topological rings and modules [See also 16W60, 16W80]"
13J99,13,13Jxx,"None of the above, but in this section",Commutative algebra,"Topological rings and modules [See also 16W60, 16W80]"
13L05,13,13Lxx,"Applications of logic to commutative algebra [See also 03Cxx, 03Hxx]",Commutative algebra,"Applications of logic to commutative algebra [See also 03Cxx, 03Hxx]"
13L99,13,13Lxx,"None of the above, but in this section",Commutative algebra,"Applications of logic to commutative algebra [See also 03Cxx, 03Hxx]"
13M05,13,13Mxx,Structure of finite commutative rings,Commutative algebra,"Finite commutative rings {For number-theoretic aspects, see 11Txx}"
13M10,13,13Mxx,Polynomials and finite commutative rings,Commutative algebra,"Finite commutative rings {For number-theoretic aspects, see 11Txx}"
13M99,13,13Mxx,"None of the above, but in this section",Commutative algebra,"Finite commutative rings {For number-theoretic aspects, see 11Txx}"
13N05,13,13Nxx,Modules of differentials,Commutative algebra,"Differential algebra [See also 12H05, 14F10]"
13N10,13,13Nxx,"Commutative rings of differential operators and their modules [See also 16S32, 32C38]",Commutative algebra,"Differential algebra [See also 12H05, 14F10]"
13N15,13,13Nxx,Derivations and commutative rings,Commutative algebra,"Differential algebra [See also 12H05, 14F10]"
13N99,13,13Nxx,"None of the above, but in this section",Commutative algebra,"Differential algebra [See also 12H05, 14F10]"
13P05,13,13Pxx,"Polynomials, factorization in commutative rings [See also 12-08]",Commutative algebra,"Computational aspects and applications of commutative rings [See also 14Qxx,"
13P10,13,13Pxx,"Gröbner bases; other bases for ideals and modules (e.g., Janet and border bases)",Commutative algebra,"Computational aspects and applications of commutative rings [See also 14Qxx,"
13P15,13,13Pxx,Solving polynomial systems; resultants,Commutative algebra,"Computational aspects and applications of commutative rings [See also 14Qxx,"
13P20,13,13Pxx,Computational homological algebra [See also 13Dxx],Commutative algebra,"Computational aspects and applications of commutative rings [See also 14Qxx,"
13P25,13,13Pxx,"Applications of commutative algebra (e.g., to statistics, control theory, optimization, etc.)",Commutative algebra,"Computational aspects and applications of commutative rings [See also 14Qxx,"
13P99,13,13Pxx,"None of the above, but in this section",Commutative algebra,"Computational aspects and applications of commutative rings [See also 14Qxx,"
14A05,14,14Axx,Relevant commutative algebra [See also 13-XX],Algebraic geometry,Foundations of algebraic geometry
14A10,14,14Axx,Varieties and morphisms,Algebraic geometry,Foundations of algebraic geometry
14A15,14,14Axx,Schemes and morphisms,Algebraic geometry,Foundations of algebraic geometry
14A20,14,14Axx,"Generalizations (algebraic spaces, stacks)",Algebraic geometry,Foundations of algebraic geometry
14A21,14,14Axx,"Logarithmic algebraic geometry, log schemes",Algebraic geometry,Foundations of algebraic geometry
14A22,14,14Axx,Noncommutative algebraic geometry [See also 16S38],Algebraic geometry,Foundations of algebraic geometry
14A23,14,14Axx,Geometry over the field with one element,Algebraic geometry,Foundations of algebraic geometry
14A25,14,14Axx,Elementary questions in algebraic geometry,Algebraic geometry,Foundations of algebraic geometry
14A30,14,14Axx,"Fundamental constructions in algebraic geometry involving higher and derived categories (homotopical algebraic geometry, derived algebraic geometry, etc.) {For categorical aspects, see 18Fxx, 18Gxx}",Algebraic geometry,Foundations of algebraic geometry
14A99,14,14Axx,"None of the above, but in this section",Algebraic geometry,Foundations of algebraic geometry
14B05,14,14Bxx,"Singularities in algebraic geometry [See also 14E15, 14H20, 14J17, 32Sxx, 58Kxx]",Algebraic geometry,Local theory in algebraic geometry
14B07,14,14Bxx,"Deformations of singularities [See also 14D15, 32S30]",Algebraic geometry,Local theory in algebraic geometry
14B10,14,14Bxx,Infinitesimal methods in algebraic geometry [See also 13D10],Algebraic geometry,Local theory in algebraic geometry
14B12,14,14Bxx,"Local deformation theory, Artin approximation, etc. [See also 13B40, 13D10]",Algebraic geometry,Local theory in algebraic geometry
14B15,14,14Bxx,"Local cohomology and algebraic geometry [See also 13D45, 32C36]",Algebraic geometry,Local theory in algebraic geometry
14B20,14,14Bxx,Formal neighborhoods in algebraic geometry,Algebraic geometry,Local theory in algebraic geometry
14B25,14,14Bxx,"Local structure of morphisms in algebraic geometry: étale, flat, etc. [See also 13B40]",Algebraic geometry,Local theory in algebraic geometry
14B99,14,14Bxx,"None of the above, but in this section",Algebraic geometry,Local theory in algebraic geometry
14C05,14,14Cxx,Parametrization (Chow and Hilbert schemes),Algebraic geometry,Cycles and subschemes
14C15,14,14Cxx,(Equivariant) Chow groups and rings; motives,Algebraic geometry,Cycles and subschemes
14C17,14,14Cxx,"Intersection theory, characteristic classes, intersection multiplicities in algebraic geometry [See also 13H15]",Algebraic geometry,Cycles and subschemes
14C20,14,14Cxx,"Divisors, linear systems, invertible sheaves",Algebraic geometry,Cycles and subschemes
14C21,14,14Cxx,"Pencils, nets, webs in algebraic geometry [See also 53A60]",Algebraic geometry,Cycles and subschemes
14C22,14,14Cxx,Picard groups,Algebraic geometry,Cycles and subschemes
14C25,14,14Cxx,Algebraic cycles,Algebraic geometry,Cycles and subschemes
14C30,14,14Cxx,"Transcendental methods, Hodge theory (algebro-geometric aspects) [See also 14D07, 32G20, 32J25, 32S35,",Algebraic geometry,Cycles and subschemes
14C34,14,14Cxx,Torelli problem [See also 32G20],Algebraic geometry,Cycles and subschemes
14C35,14,14Cxx,Applications of methods of algebraic K-theory in algebraic geometry [See also 19Exx],Algebraic geometry,Cycles and subschemes
14C40,14,14Cxx,"Riemann-Roch theorems [See also 19E20, 19L10]",Algebraic geometry,Cycles and subschemes
14C99,14,14Cxx,"None of the above, but in this section",Algebraic geometry,Cycles and subschemes
14D05,14,14Dxx,"Structure of families (Picard-Lefschetz, monodromy, etc.)",Algebraic geometry,"Families, fibrations in algebraic geometry"
14D06,14,14Dxx,"Fibrations, degenerations in algebraic geometry",Algebraic geometry,"Families, fibrations in algebraic geometry"
14D07,14,14Dxx,Variation of Hodge structures (algebro-geometric aspects) [See also 32G20],Algebraic geometry,"Families, fibrations in algebraic geometry"
14D10,14,14Dxx,"Arithmetic ground fields (finite, local, global) and families or fibrations",Algebraic geometry,"Families, fibrations in algebraic geometry"
14D15,14,14Dxx,"Formal methods and deformations in algebraic geometry [See also 13D10, 14B07, 32Gxx]",Algebraic geometry,"Families, fibrations in algebraic geometry"
14D20,14,14Dxx,"Algebraic moduli problems, moduli of vector bundles {For analytic moduli problems, see 32G13}",Algebraic geometry,"Families, fibrations in algebraic geometry"
14D21,14,14Dxx,"Applications of vector bundles and moduli spaces in mathematical physics (twistor theory, instantons, quantum field theory) [See also 32L25, 81Txx]",Algebraic geometry,"Families, fibrations in algebraic geometry"
14D22,14,14Dxx,Fine and coarse moduli spaces,Algebraic geometry,"Families, fibrations in algebraic geometry"
14D23,14,14Dxx,Stacks and moduli problems,Algebraic geometry,"Families, fibrations in algebraic geometry"
14D24,14,14Dxx,Geometric Langlands program (algebro-geometric aspects) [See also 22E57],Algebraic geometry,"Families, fibrations in algebraic geometry"
14D99,14,14Dxx,"None of the above, but in this section",Algebraic geometry,"Families, fibrations in algebraic geometry"
14E05,14,14Exx,Rational and birational maps,Algebraic geometry,Birational geometry
14E07,14,14Exx,"Birational automorphisms, Cremona group and generalizations",Algebraic geometry,Birational geometry
14E08,14,14Exx,Rationality questions in algebraic geometry [See also 14M20],Algebraic geometry,Birational geometry
14E15,14,14Exx,"Global theory and resolution of singularities (algebro-geometric aspects) [See also 14B05, 32S20, 32S45]",Algebraic geometry,Birational geometry
14E16,14,14Exx,McKay correspondence,Algebraic geometry,Birational geometry
14E18,14,14Exx,Arcs and motivic integration,Algebraic geometry,Birational geometry
14E20,14,14Exx,Coverings in algebraic geometry [See also 14H30],Algebraic geometry,Birational geometry
14E22,14,14Exx,Ramification problems in algebraic geometry [See also 11S15],Algebraic geometry,Birational geometry
14E25,14,14Exx,Embeddings in algebraic geometry,Algebraic geometry,Birational geometry
14E30,14,14Exx,"Minimal model program (Mori theory, extremal rays)",Algebraic geometry,Birational geometry
14E99,14,14Exx,"None of the above, but in this section",Algebraic geometry,Birational geometry
14F06,14,14Fxx,"Sheaves in algebraic geometry [See also 14F08, 14H60, 14J60, 18F20, 32L10, 46M20]",Algebraic geometry,(Co)homology theory in algebraic geometry [See also 13Dxx]
14F08,14,14Fxx,"Derived categories of sheaves, dg categories, and related constructions in algebraic geometry [See also 14A30,",Algebraic geometry,(Co)homology theory in algebraic geometry [See also 13Dxx]
14F10,14,14Fxx,"Differentials and other special sheaves; D-modules; Bernstein-Sato ideals and polynomials [See also 13Nxx,",Algebraic geometry,(Co)homology theory in algebraic geometry [See also 13Dxx]
14F17,14,14Fxx,Vanishing theorems in algebraic geometry [See also 32L20],Algebraic geometry,(Co)homology theory in algebraic geometry [See also 13Dxx]
14F18,14,14Fxx,Multiplier ideals,Algebraic geometry,(Co)homology theory in algebraic geometry [See also 13Dxx]
14F20,14,14Fxx,Étale and other Grothendieck topologies and (co)homologies,Algebraic geometry,(Co)homology theory in algebraic geometry [See also 13Dxx]
14F22,14,14Fxx,"Brauer groups of schemes [See also 12G05, 16K50]",Algebraic geometry,(Co)homology theory in algebraic geometry [See also 13Dxx]
14F25,14,14Fxx,Classical real and complex (co)homology in algebraic geometry,Algebraic geometry,(Co)homology theory in algebraic geometry [See also 13Dxx]
14F30,14,14Fxx,"p-adic cohomology, crystalline cohomology",Algebraic geometry,(Co)homology theory in algebraic geometry [See also 13Dxx]
14F35,14,14Fxx,Homotopy theory and fundamental groups in algebraic geometry [See also 14H30],Algebraic geometry,(Co)homology theory in algebraic geometry [See also 13Dxx]
14F40,14,14Fxx,"de Rham cohomology and algebraic geometry [See also 14C30, 32C35, 32L10]",Algebraic geometry,(Co)homology theory in algebraic geometry [See also 13Dxx]
14F42,14,14Fxx,Motivic cohomology; motivic homotopy theory [See also 19E15],Algebraic geometry,(Co)homology theory in algebraic geometry [See also 13Dxx]
14F43,14,14Fxx,"Other algebro-geometric (co)homologies (e.g., intersection, equivariant, Lawson, Deligne (co)homologies)",Algebraic geometry,(Co)homology theory in algebraic geometry [See also 13Dxx]
14F45,14,14Fxx,Topological properties in algebraic geometry,Algebraic geometry,(Co)homology theory in algebraic geometry [See also 13Dxx]
14F99,14,14Fxx,"None of the above, but in this section",Algebraic geometry,(Co)homology theory in algebraic geometry [See also 13Dxx]
14G05,14,14Gxx,Rational points,Algebraic geometry,Arithmetic problems in algebraic geometry; Diophantine geometry [See also
14G10,14,14Gxx,"Zeta functions and related questions in algebraic geometry (e.g., Birch-Swinnerton-Dyer conjecture) [See",Algebraic geometry,Arithmetic problems in algebraic geometry; Diophantine geometry [See also
14G12,14,14Gxx,"Hasse principle, weak and strong approximation, Brauer-Manin obstruction [See also 14F22]",Algebraic geometry,Arithmetic problems in algebraic geometry; Diophantine geometry [See also
14G15,14,14Gxx,Finite ground fields in algebraic geometry,Algebraic geometry,Arithmetic problems in algebraic geometry; Diophantine geometry [See also
14G17,14,14Gxx,Positive characteristic ground fields in algebraic geometry,Algebraic geometry,Arithmetic problems in algebraic geometry; Diophantine geometry [See also
14G20,14,14Gxx,Local ground fields in algebraic geometry,Algebraic geometry,Arithmetic problems in algebraic geometry; Diophantine geometry [See also
14G22,14,14Gxx,Rigid analytic geometry,Algebraic geometry,Arithmetic problems in algebraic geometry; Diophantine geometry [See also
14G25,14,14Gxx,Global ground fields in algebraic geometry,Algebraic geometry,Arithmetic problems in algebraic geometry; Diophantine geometry [See also
14G27,14,14Gxx,Other nonalgebraically closed ground fields in algebraic geometry,Algebraic geometry,Arithmetic problems in algebraic geometry; Diophantine geometry [See also
14G32,14,14Gxx,"Universal profinite groups (relationship to moduli spaces, projective and moduli towers, Galois theory)",Algebraic geometry,Arithmetic problems in algebraic geometry; Diophantine geometry [See also
14G35,14,14Gxx,"Modular and Shimura varieties [See also 11F41, 11F46, 11G18]",Algebraic geometry,Arithmetic problems in algebraic geometry; Diophantine geometry [See also
14G40,14,14Gxx,"Arithmetic varieties and schemes; Arakelov theory; heights [See also 11G50, 37P30]",Algebraic geometry,Arithmetic problems in algebraic geometry; Diophantine geometry [See also
14G45,14,14Gxx,Perfectoid spaces and mixed characteristic,Algebraic geometry,Arithmetic problems in algebraic geometry; Diophantine geometry [See also
14G50,14,14Gxx,"Applications to coding theory and cryptography of arithmetic geometry [See also 94A60, 94B27, 94B40]",Algebraic geometry,Arithmetic problems in algebraic geometry; Diophantine geometry [See also
14G99,14,14Gxx,"None of the above, but in this section",Algebraic geometry,Arithmetic problems in algebraic geometry; Diophantine geometry [See also
14H05,14,14Hxx,Algebraic functions and function fields in algebraic geometry [See also 11R58],Algebraic geometry,Curves in algebraic geometry
14H10,14,14Hxx,"Families, moduli of curves (algebraic)",Algebraic geometry,Curves in algebraic geometry
14H15,14,14Hxx,"Families, moduli of curves (analytic) [See also 30F10, 32G15]",Algebraic geometry,Curves in algebraic geometry
14H20,14,14Hxx,"Singularities of curves, local rings [See also 13Hxx, 14B05]",Algebraic geometry,Curves in algebraic geometry
14H25,14,14Hxx,"Arithmetic ground fields for curves [See also 11Dxx, 11G05, 14Gxx]",Algebraic geometry,Curves in algebraic geometry
14H30,14,14Hxx,"Coverings of curves, fundamental group [See also 14E20, 14F35]",Algebraic geometry,Curves in algebraic geometry
14H37,14,14Hxx,Automorphisms of curves,Algebraic geometry,Curves in algebraic geometry
14H40,14,14Hxx,"Jacobians, Prym varieties [See also 32G20]",Algebraic geometry,Curves in algebraic geometry
14H42,14,14Hxx,"Theta functions and curves; Schottky problem [See also 14K25, 32G20]",Algebraic geometry,Curves in algebraic geometry
14H45,14,14Hxx,Special algebraic curves and curves of low genus,Algebraic geometry,Curves in algebraic geometry
14H50,14,14Hxx,Plane and space curves,Algebraic geometry,Curves in algebraic geometry
14H51,14,14Hxx,"Special divisors on curves (gonality, Brill-Noether theory)",Algebraic geometry,Curves in algebraic geometry
14H52,14,14Hxx,"Elliptic curves [See also 11G05, 11G07, 14Kxx]",Algebraic geometry,Curves in algebraic geometry
14H55,14,14Hxx,Riemann surfaces; Weierstrass points; gap sequences [See also 30Fxx],Algebraic geometry,Curves in algebraic geometry
14H57,14,14Hxx,"Dessins d’enfants theory {For arithmetic aspects, see 11G32}",Algebraic geometry,Curves in algebraic geometry
14H60,14,14Hxx,"Vector bundles on curves and their moduli [See also 14D20, 14F06, 14J60]",Algebraic geometry,Curves in algebraic geometry
14H70,14,14Hxx,Relationships between algebraic curves and integrable systems,Algebraic geometry,Curves in algebraic geometry
14H81,14,14Hxx,Relationships between algebraic curves and physics,Algebraic geometry,Curves in algebraic geometry
14H99,14,14Hxx,"None of the above, but in this section",Algebraic geometry,Curves in algebraic geometry
14J10,14,14Jxx,"Families, moduli, classification: algebraic theory",Algebraic geometry,"Surfaces and higher-dimensional varieties {For analytic theory, see 32Jxx}"
14J15,14,14Jxx,"Moduli, classification: analytic theory; relations with modular forms [See also 32G13]",Algebraic geometry,"Surfaces and higher-dimensional varieties {For analytic theory, see 32Jxx}"
14J17,14,14Jxx,"Singularities of surfaces or higher-dimensional varieties [See also 14B05, 14E15, 32S05, 32S25]",Algebraic geometry,"Surfaces and higher-dimensional varieties {For analytic theory, see 32Jxx}"
14J20,14,14Jxx,"Arithmetic ground fields for surfaces or higher-dimensional varieties [See also 11Dxx, 11G25, 11G35, 14Gxx]",Algebraic geometry,"Surfaces and higher-dimensional varieties {For analytic theory, see 32Jxx}"
14J25,14,14Jxx,"Special surfaces {For Hilbert modular surfaces, see 14G35}",Algebraic geometry,"Surfaces and higher-dimensional varieties {For analytic theory, see 32Jxx}"
14J26,14,14Jxx,Rational and ruled surfaces,Algebraic geometry,"Surfaces and higher-dimensional varieties {For analytic theory, see 32Jxx}"
14J27,14,14Jxx,"Elliptic surfaces, elliptic or Calabi-Yau fibrations",Algebraic geometry,"Surfaces and higher-dimensional varieties {For analytic theory, see 32Jxx}"
14J28,14,14Jxx,K3 surfaces and Enriques surfaces,Algebraic geometry,"Surfaces and higher-dimensional varieties {For analytic theory, see 32Jxx}"
14J29,14,14Jxx,Surfaces of general type,Algebraic geometry,"Surfaces and higher-dimensional varieties {For analytic theory, see 32Jxx}"
14J30,14,14Jxx,3-folds,Algebraic geometry,"Surfaces and higher-dimensional varieties {For analytic theory, see 32Jxx}"
14J32,14,14Jxx,Calabi-Yau manifolds (algebro-geometric aspects) [See also 32Q25],Algebraic geometry,"Surfaces and higher-dimensional varieties {For analytic theory, see 32Jxx}"
14J33,14,14Jxx,"Mirror symmetry (algebro-geometric aspects) [See also 11G42, 53D37]",Algebraic geometry,"Surfaces and higher-dimensional varieties {For analytic theory, see 32Jxx}"
14J35,14,14Jxx,4-folds,Algebraic geometry,"Surfaces and higher-dimensional varieties {For analytic theory, see 32Jxx}"
14J40,14,14Jxx,n-folds (n > 4),Algebraic geometry,"Surfaces and higher-dimensional varieties {For analytic theory, see 32Jxx}"
14J42,14,14Jxx,"Holomorphic symplectic varieties, hyper-Kähler varieties",Algebraic geometry,"Surfaces and higher-dimensional varieties {For analytic theory, see 32Jxx}"
14J45,14,14Jxx,Fano varieties,Algebraic geometry,"Surfaces and higher-dimensional varieties {For analytic theory, see 32Jxx}"
14J50,14,14Jxx,Automorphisms of surfaces and higher-dimensional varieties,Algebraic geometry,"Surfaces and higher-dimensional varieties {For analytic theory, see 32Jxx}"
14J60,14,14Jxx,"Vector bundles on surfaces and higher-dimensional varieties, and their moduli [See also 14D20, 14F06, 14H60,",Algebraic geometry,"Surfaces and higher-dimensional varieties {For analytic theory, see 32Jxx}"
14J70,14,14Jxx,Hypersurfaces and algebraic geometry,Algebraic geometry,"Surfaces and higher-dimensional varieties {For analytic theory, see 32Jxx}"
14J80,14,14Jxx,"Topology of surfaces (Donaldson polynomials, Seiberg-Witten invariants)",Algebraic geometry,"Surfaces and higher-dimensional varieties {For analytic theory, see 32Jxx}"
14J81,14,14Jxx,"Relationships between surfaces, higher-dimensional varieties, and physics",Algebraic geometry,"Surfaces and higher-dimensional varieties {For analytic theory, see 32Jxx}"
14J99,14,14Jxx,"None of the above, but in this section",Algebraic geometry,"Surfaces and higher-dimensional varieties {For analytic theory, see 32Jxx}"
14K02,14,14Kxx,Isogeny,Algebraic geometry,Abelian varieties and schemes
14K05,14,14Kxx,Algebraic theory of abelian varieties,Algebraic geometry,Abelian varieties and schemes
14K10,14,14Kxx,"Algebraic moduli of abelian varieties, classification [See also 11G15]",Algebraic geometry,Abelian varieties and schemes
14K12,14,14Kxx,Subvarieties of abelian varieties,Algebraic geometry,Abelian varieties and schemes
14K15,14,14Kxx,"Arithmetic ground fields for abelian varieties [See also 11Dxx, 11Fxx, 11G10, 14Gxx]",Algebraic geometry,Abelian varieties and schemes
14K20,14,14Kxx,Analytic theory of abelian varieties; abelian integrals and differentials,Algebraic geometry,Abelian varieties and schemes
14K22,14,14Kxx,Complex multiplication and abelian varieties [See also 11G15],Algebraic geometry,Abelian varieties and schemes
14K25,14,14Kxx,Theta functions and abelian varieties [See also 14H42],Algebraic geometry,Abelian varieties and schemes
14K30,14,14Kxx,"Picard schemes, higher Jacobians [See also 14H40, 32G20]",Algebraic geometry,Abelian varieties and schemes
14K99,14,14Kxx,"None of the above, but in this section",Algebraic geometry,Abelian varieties and schemes
14L05,14,14Lxx,"Formal groups, p-divisible groups [See also 55N22]",Algebraic geometry,"Algebraic groups [See also 11E57] {For Lie algebras, see 17B45; for linear algebraic groups, see 20Gxx}"
14L10,14,14Lxx,Group varieties,Algebraic geometry,"Algebraic groups [See also 11E57] {For Lie algebras, see 17B45; for linear algebraic groups, see 20Gxx}"
14L15,14,14Lxx,Group schemes,Algebraic geometry,"Algebraic groups [See also 11E57] {For Lie algebras, see 17B45; for linear algebraic groups, see 20Gxx}"
14L17,14,14Lxx,"Affine algebraic groups, hyperalgebra constructions [See also 17B45, 18C40]",Algebraic geometry,"Algebraic groups [See also 11E57] {For Lie algebras, see 17B45; for linear algebraic groups, see 20Gxx}"
14L24,14,14Lxx,Geometric invariant theory [See also 13A50],Algebraic geometry,"Algebraic groups [See also 11E57] {For Lie algebras, see 17B45; for linear algebraic groups, see 20Gxx}"
14L30,14,14Lxx,"Group actions on varieties or schemes (quotients) [See also 13A50, 14L24, 14M17]",Algebraic geometry,"Algebraic groups [See also 11E57] {For Lie algebras, see 17B45; for linear algebraic groups, see 20Gxx}"
14L35,14,14Lxx,"Classical groups (algebro-geometric aspects) [See also 20Gxx, 51N30]",Algebraic geometry,"Algebraic groups [See also 11E57] {For Lie algebras, see 17B45; for linear algebraic groups, see 20Gxx}"
14L40,14,14Lxx,Other algebraic groups (geometric aspects),Algebraic geometry,"Algebraic groups [See also 11E57] {For Lie algebras, see 17B45; for linear algebraic groups, see 20Gxx}"
14L99,14,14Lxx,"None of the above, but in this section",Algebraic geometry,"Algebraic groups [See also 11E57] {For Lie algebras, see 17B45; for linear algebraic groups, see 20Gxx}"
14M05,14,14Mxx,"Varieties defined by ring conditions (factorial, Cohen-Macaulay, seminormal) [See also 13F15, 13F45, 13H10]",Algebraic geometry,Special varieties
14M06,14,14Mxx,Linkage [See also 13C40],Algebraic geometry,Special varieties
14M07,14,14Mxx,Low codimension problems in algebraic geometry,Algebraic geometry,Special varieties
14M10,14,14Mxx,Complete intersections [See also 13C40],Algebraic geometry,Special varieties
14M12,14,14Mxx,Determinantal varieties [See also 13C40],Algebraic geometry,Special varieties
14M15,14,14Mxx,"Grassmannians, Schubert varieties, flag manifolds [See also 32M10, 51M35]",Algebraic geometry,Special varieties
14M17,14,14Mxx,"Homogeneous spaces and generalizations [See also 32M10, 53C30, 57T15]",Algebraic geometry,Special varieties
14M20,14,14Mxx,Rational and unirational varieties [See also 14E08],Algebraic geometry,Special varieties
14M22,14,14Mxx,Rationally connected varieties,Algebraic geometry,Special varieties
14M25,14,14Mxx,"Toric varieties, Newton polyhedra, Okounkov bodies [See also 52B20]",Algebraic geometry,Special varieties
14M27,14,14Mxx,Compactifications; symmetric and spherical varieties,Algebraic geometry,Special varieties
14M30,14,14Mxx,"Supervarieties [See also 32C11, 58A50]",Algebraic geometry,Special varieties
14M35,14,14Mxx,Character varieties,Algebraic geometry,Special varieties
14M99,14,14Mxx,"None of the above, but in this section",Algebraic geometry,Special varieties
14N05,14,14Nxx,Projective techniques in algebraic geometry [See also 51N35],Algebraic geometry,Projective and enumerative algebraic geometry [See also 51-XX]
14N07,14,14Nxx,"Secant varieties, tensor rank, varieties of sums of powers",Algebraic geometry,Projective and enumerative algebraic geometry [See also 51-XX]
14N10,14,14Nxx,Enumerative problems (combinatorial problems) in algebraic geometry,Algebraic geometry,Projective and enumerative algebraic geometry [See also 51-XX]
14N15,14,14Nxx,"Classical problems, Schubert calculus",Algebraic geometry,Projective and enumerative algebraic geometry [See also 51-XX]
14N20,14,14Nxx,Configurations and arrangements of linear subspaces,Algebraic geometry,Projective and enumerative algebraic geometry [See also 51-XX]
14N25,14,14Nxx,Varieties of low degree,Algebraic geometry,Projective and enumerative algebraic geometry [See also 51-XX]
14N30,14,14Nxx,Adjunction problems,Algebraic geometry,Projective and enumerative algebraic geometry [See also 51-XX]
14N35,14,14Nxx,"Gromov-Witten invariants, quantum cohomology, Gopakumar-Vafa invariants, Donaldson-Thomas invariants (algebro-geometric aspects) [See also 53D45]",Algebraic geometry,Projective and enumerative algebraic geometry [See also 51-XX]
14N99,14,14Nxx,"None of the above, but in this section",Algebraic geometry,Projective and enumerative algebraic geometry [See also 51-XX]
14P05,14,14Pxx,"Real algebraic sets [See also 12D15, 13J30]",Algebraic geometry,Real algebraic and real-analytic geometry
14P10,14,14Pxx,Semialgebraic sets and related spaces,Algebraic geometry,Real algebraic and real-analytic geometry
14P15,14,14Pxx,"Real-analytic and semi-analytic sets [See also 32B20, 32C05]",Algebraic geometry,Real algebraic and real-analytic geometry
14P20,14,14Pxx,"Nash functions and manifolds [See also 32C07, 58A07]",Algebraic geometry,Real algebraic and real-analytic geometry
14P25,14,14Pxx,Topology of real algebraic varieties,Algebraic geometry,Real algebraic and real-analytic geometry
14P99,14,14Pxx,"None of the above, but in this section",Algebraic geometry,Real algebraic and real-analytic geometry
14Q05,14,14Qxx,Computational aspects of algebraic curves [See also 14Hxx],Algebraic geometry,"Computational aspects in algebraic geometry {For software etc., see 14-04} [See"
14Q10,14,14Qxx,Computational aspects of algebraic surfaces [See also 14Jxx],Algebraic geometry,"Computational aspects in algebraic geometry {For software etc., see 14-04} [See"
14Q15,14,14Qxx,"Computational aspects of higher-dimensional varieties [See also 14Jxx, 14Mxx]",Algebraic geometry,"Computational aspects in algebraic geometry {For software etc., see 14-04} [See"
14Q20,14,14Qxx,"Effectivity, complexity and computational aspects of algebraic geometry",Algebraic geometry,"Computational aspects in algebraic geometry {For software etc., see 14-04} [See"
14Q25,14,14Qxx,"Computational algebraic geometry over arithmetic ground fields [See also 14Gxx, 14H25, 14Kxx]",Algebraic geometry,"Computational aspects in algebraic geometry {For software etc., see 14-04} [See"
14Q30,14,14Qxx,Computational real algebraic geometry [See also 14Pxx],Algebraic geometry,"Computational aspects in algebraic geometry {For software etc., see 14-04} [See"
14Q65,14,14Qxx,Geometric aspects of numerical algebraic geometry [See also 65H14],Algebraic geometry,"Computational aspects in algebraic geometry {For software etc., see 14-04} [See"
14Q99,14,14Qxx,"None of the above, but in this section",Algebraic geometry,"Computational aspects in algebraic geometry {For software etc., see 14-04} [See"
14R05,14,14Rxx,Classification of affine varieties,Algebraic geometry,Affine geometry
14R10,14,14Rxx,"Affine spaces (automorphisms, embeddings, exotic structures, cancellation problem)",Algebraic geometry,Affine geometry
14R15,14,14Rxx,Jacobian problem [See also 13F20],Algebraic geometry,Affine geometry
14R20,14,14Rxx,"Group actions on affine varieties [See also 13A50, 14L30]",Algebraic geometry,Affine geometry
14R25,14,14Rxx,Affine fibrations [See also 14D06],Algebraic geometry,Affine geometry
14R99,14,14Rxx,"None of the above, but in this section",Algebraic geometry,Affine geometry
14T10,14,14Txx,"Foundations of tropical geometry and relations with algebra {For algebraic aspects, see 15A80}",Algebraic geometry,"Tropical geometry [See also 12K10, 14M25, 14N10, 52B20]"
14T15,14,14Txx,Combinatorial aspects of tropical varieties,Algebraic geometry,"Tropical geometry [See also 12K10, 14M25, 14N10, 52B20]"
14T20,14,14Txx,Geometric aspects of tropical varieties,Algebraic geometry,"Tropical geometry [See also 12K10, 14M25, 14N10, 52B20]"
14T25,14,14Txx,Arithmetic aspects of tropical varieties,Algebraic geometry,"Tropical geometry [See also 12K10, 14M25, 14N10, 52B20]"
14T90,14,14Txx,Applications of tropical geometry,Algebraic geometry,"Tropical geometry [See also 12K10, 14M25, 14N10, 52B20]"
14T99,14,14Txx,"None of the above, but in this section",Algebraic geometry,"Tropical geometry [See also 12K10, 14M25, 14N10, 52B20]"
15A03,15,15Axx,"Vector spaces, linear dependence, rank, lineability",Linear and multilinear algebra; matrix theory,Basic linear algebra
15A04,15,15Axx,"Linear transformations, semilinear transformations",Linear and multilinear algebra; matrix theory,Basic linear algebra
15A06,15,15Axx,Linear equations (linear algebraic aspects),Linear and multilinear algebra; matrix theory,Basic linear algebra
15A09,15,15Axx,Theory of matrix inversion and generalized inverses,Linear and multilinear algebra; matrix theory,Basic linear algebra
15A10,15,15Axx,Applications of generalized inverses,Linear and multilinear algebra; matrix theory,Basic linear algebra
15A12,15,15Axx,Conditioning of matrices [See also 65F35],Linear and multilinear algebra; matrix theory,Basic linear algebra
15A15,15,15Axx,"Determinants, permanents, traces, other special matrix functions [See also 19B10, 19B14]",Linear and multilinear algebra; matrix theory,Basic linear algebra
15A16,15,15Axx,Matrix exponential and similar functions of matrices,Linear and multilinear algebra; matrix theory,Basic linear algebra
15A18,15,15Axx,"Eigenvalues, singular values, and eigenvectors",Linear and multilinear algebra; matrix theory,Basic linear algebra
15A20,15,15Axx,"Diagonalization, Jordan forms",Linear and multilinear algebra; matrix theory,Basic linear algebra
15A21,15,15Axx,"Canonical forms, reductions, classification",Linear and multilinear algebra; matrix theory,Basic linear algebra
15A22,15,15Axx,Matrix pencils [See also 47A56],Linear and multilinear algebra; matrix theory,Basic linear algebra
15A23,15,15Axx,Factorization of matrices,Linear and multilinear algebra; matrix theory,Basic linear algebra
15A24,15,15Axx,Matrix equations and identities,Linear and multilinear algebra; matrix theory,Basic linear algebra
15A27,15,15Axx,Commutativity of matrices,Linear and multilinear algebra; matrix theory,Basic linear algebra
15A29,15,15Axx,Inverse problems in linear algebra,Linear and multilinear algebra; matrix theory,Basic linear algebra
15A30,15,15Axx,"Algebraic systems of matrices [See also 16S50, 20Gxx, 20Hxx]",Linear and multilinear algebra; matrix theory,Basic linear algebra
15A39,15,15Axx,Linear inequalities of matrices,Linear and multilinear algebra; matrix theory,Basic linear algebra
15A42,15,15Axx,Inequalities involving eigenvalues and eigenvectors,Linear and multilinear algebra; matrix theory,Basic linear algebra
15A45,15,15Axx,Miscellaneous inequalities involving matrices,Linear and multilinear algebra; matrix theory,Basic linear algebra
15A54,15,15Axx,Matrices over function rings in one or more variables,Linear and multilinear algebra; matrix theory,Basic linear algebra
15A60,15,15Axx,"Norms of matrices, numerical range, applications of functional analysis to matrix theory [See also 65F35,",Linear and multilinear algebra; matrix theory,Basic linear algebra
15A63,15,15Axx,"Quadratic and bilinear forms, inner products [See mainly 11Exx]",Linear and multilinear algebra; matrix theory,Basic linear algebra
15A66,15,15Axx,"Clifford algebras, spinors",Linear and multilinear algebra; matrix theory,Basic linear algebra
15A67,15,15Axx,"Applications of Clifford algebras to physics, etc.",Linear and multilinear algebra; matrix theory,Basic linear algebra
15A69,15,15Axx,"Multilinear algebra, tensor calculus",Linear and multilinear algebra; matrix theory,Basic linear algebra
15A72,15,15Axx,"Vector and tensor algebra, theory of invariants [See also 13A50, 14L24]",Linear and multilinear algebra; matrix theory,Basic linear algebra
15A75,15,15Axx,"Exterior algebra, Grassmann algebras",Linear and multilinear algebra; matrix theory,Basic linear algebra
15A78,15,15Axx,Other algebras built from modules,Linear and multilinear algebra; matrix theory,Basic linear algebra
15A80,15,15Axx,Max-plus and related algebras,Linear and multilinear algebra; matrix theory,Basic linear algebra
15A83,15,15Axx,Matrix completion problems,Linear and multilinear algebra; matrix theory,Basic linear algebra
15A86,15,15Axx,Linear preserver problems,Linear and multilinear algebra; matrix theory,Basic linear algebra
15A99,15,15Axx,"None of the above, but in this section",Linear and multilinear algebra; matrix theory,Basic linear algebra
15B05,15,15Bxx,"Toeplitz, Cauchy, and related matrices",Linear and multilinear algebra; matrix theory,Special matrices
15B10,15,15Bxx,Orthogonal matrices,Linear and multilinear algebra; matrix theory,Special matrices
15B15,15,15Bxx,Fuzzy matrices,Linear and multilinear algebra; matrix theory,Special matrices
15B30,15,15Bxx,Matrix Lie algebras,Linear and multilinear algebra; matrix theory,Special matrices
15B33,15,15Bxx,"Matrices over special rings (quaternions, finite fields, etc.)",Linear and multilinear algebra; matrix theory,Special matrices
15B34,15,15Bxx,Boolean and Hadamard matrices,Linear and multilinear algebra; matrix theory,Special matrices
15B35,15,15Bxx,Sign pattern matrices,Linear and multilinear algebra; matrix theory,Special matrices
15B36,15,15Bxx,Matrices of integers [See also 11C20],Linear and multilinear algebra; matrix theory,Special matrices
15B48,15,15Bxx,Positive matrices and their generalizations; cones of matrices,Linear and multilinear algebra; matrix theory,Special matrices
15B51,15,15Bxx,Stochastic matrices,Linear and multilinear algebra; matrix theory,Special matrices
15B52,15,15Bxx,"Random matrices (algebraic aspects) {For probabilistic aspects, see 60B20}",Linear and multilinear algebra; matrix theory,Special matrices
15B57,15,15Bxx,"Hermitian, skew-Hermitian, and related matrices",Linear and multilinear algebra; matrix theory,Special matrices
15B99,15,15Bxx,"None of the above, but in this section",Linear and multilinear algebra; matrix theory,Special matrices
16B50,16,16Bxx,Category-theoretic methods and results in associative algebras (except as in 16D90) [See also 18-XX],"Associative rings and algebras {For the commutative case, see",General and miscellaneous
16B70,16,16Bxx,Applications of logic in associative algebras [See also 03Cxx],"Associative rings and algebras {For the commutative case, see",General and miscellaneous
16B99,16,16Bxx,"None of the above, but in this section","Associative rings and algebras {For the commutative case, see",General and miscellaneous
16D10,16,16Dxx,General module theory in associative algebras,"Associative rings and algebras {For the commutative case, see","Modules, bimodules and ideals in associative algebras"
16D20,16,16Dxx,Bimodules in associative algebras,"Associative rings and algebras {For the commutative case, see","Modules, bimodules and ideals in associative algebras"
16D25,16,16Dxx,Ideals in associative algebras,"Associative rings and algebras {For the commutative case, see","Modules, bimodules and ideals in associative algebras"
16D30,16,16Dxx,Infinite-dimensional simple rings (except as in 16Kxx),"Associative rings and algebras {For the commutative case, see","Modules, bimodules and ideals in associative algebras"
16D40,16,16Dxx,"Free, projective, and flat modules and ideals in associative algebras [See also 19A13]","Associative rings and algebras {For the commutative case, see","Modules, bimodules and ideals in associative algebras"
16D50,16,16Dxx,"Injective modules, self-injective associative rings [See also 16L60]","Associative rings and algebras {For the commutative case, see","Modules, bimodules and ideals in associative algebras"
16D60,16,16Dxx,"Simple and semisimple modules, primitive rings and ideals in associative algebras","Associative rings and algebras {For the commutative case, see","Modules, bimodules and ideals in associative algebras"
16D70,16,16Dxx,"Structure and classification for modules, bimodules and ideals (except as in 16Gxx), direct sum decomposition and cancellation in associative algebras)","Associative rings and algebras {For the commutative case, see","Modules, bimodules and ideals in associative algebras"
16D80,16,16Dxx,Other classes of modules and ideals in associative algebras [See also 16G50],"Associative rings and algebras {For the commutative case, see","Modules, bimodules and ideals in associative algebras"
16D90,16,16Dxx,"Module categories in associative algebras [See also 16Gxx, 16S90]; module theory in a category-theoretic","Associative rings and algebras {For the commutative case, see","Modules, bimodules and ideals in associative algebras"
16D99,16,16Dxx,"None of the above, but in this section","Associative rings and algebras {For the commutative case, see","Modules, bimodules and ideals in associative algebras"
16E05,16,16Exx,"Syzygies, resolutions, complexes in associative algebras","Associative rings and algebras {For the commutative case, see","Homological methods in associative algebras {For commutative rings, see"
16E10,16,16Exx,Homological dimension in associative algebras,"Associative rings and algebras {For the commutative case, see","Homological methods in associative algebras {For commutative rings, see"
16E20,16,16Exx,"Grothendieck groups, K-theory, etc. [See also 18F30, 19Axx, 19D50]","Associative rings and algebras {For the commutative case, see","Homological methods in associative algebras {For commutative rings, see"
16E30,16,16Exx,"Homological functors on modules (Tor, Ext, etc.) in associative algebras","Associative rings and algebras {For the commutative case, see","Homological methods in associative algebras {For commutative rings, see"
16E35,16,16Exx,Derived categories and associative algebras,"Associative rings and algebras {For the commutative case, see","Homological methods in associative algebras {For commutative rings, see"
16E40,16,16Exx,"(Co)homology of rings and associative algebras (e.g., Hochschild, cyclic, dihedral, etc.)","Associative rings and algebras {For the commutative case, see","Homological methods in associative algebras {For commutative rings, see"
16E45,16,16Exx,Differential graded algebras and applications (associative algebraic aspects),"Associative rings and algebras {For the commutative case, see","Homological methods in associative algebras {For commutative rings, see"
16E50,16,16Exx,von Neumann regular rings and generalizations (associative algebraic aspects),"Associative rings and algebras {For the commutative case, see","Homological methods in associative algebras {For commutative rings, see"
16E60,16,16Exx,"Semihereditary and hereditary rings, free ideal rings, Sylvester rings, etc.","Associative rings and algebras {For the commutative case, see","Homological methods in associative algebras {For commutative rings, see"
16E65,16,16Exx,"Homological conditions on associative rings (generalizations of regular, Gorenstein, Cohen-Macaulay rings,","Associative rings and algebras {For the commutative case, see","Homological methods in associative algebras {For commutative rings, see"
16E99,16,16Exx,"None of the above, but in this section","Associative rings and algebras {For the commutative case, see","Homological methods in associative algebras {For commutative rings, see"
16G10,16,16Gxx,Representations of associative Artinian rings,"Associative rings and algebras {For the commutative case, see",Representation theory of associative rings and algebras
16G20,16,16Gxx,Representations of quivers and partially ordered sets,"Associative rings and algebras {For the commutative case, see",Representation theory of associative rings and algebras
16G30,16,16Gxx,"Representations of orders, lattices, algebras over commutative rings [See also 16Hxx]","Associative rings and algebras {For the commutative case, see",Representation theory of associative rings and algebras
16G50,16,16Gxx,Cohen-Macaulay modules in associative algebras,"Associative rings and algebras {For the commutative case, see",Representation theory of associative rings and algebras
16G60,16,16Gxx,"Representation type (finite, tame, wild, etc.) of associative algebras","Associative rings and algebras {For the commutative case, see",Representation theory of associative rings and algebras
16G70,16,16Gxx,Auslander-Reiten sequences (almost split sequences) and Auslander-Reiten quivers,"Associative rings and algebras {For the commutative case, see",Representation theory of associative rings and algebras
16G99,16,16Gxx,"None of the above, but in this section","Associative rings and algebras {For the commutative case, see",Representation theory of associative rings and algebras
16H05,16,16Hxx,"Separable algebras (e.g., quaternion algebras, Azumaya algebras, etc.)","Associative rings and algebras {For the commutative case, see","Associative algebras and orders {For arithmetic aspects, see 11R52, 11R54,"
16H10,16,16Hxx,Orders in separable algebras,"Associative rings and algebras {For the commutative case, see","Associative algebras and orders {For arithmetic aspects, see 11R52, 11R54,"
16H15,16,16Hxx,Commutative orders,"Associative rings and algebras {For the commutative case, see","Associative algebras and orders {For arithmetic aspects, see 11R52, 11R54,"
16H20,16,16Hxx,Lattices over orders,"Associative rings and algebras {For the commutative case, see","Associative algebras and orders {For arithmetic aspects, see 11R52, 11R54,"
16H99,16,16Hxx,"None of the above, but in this section","Associative rings and algebras {For the commutative case, see","Associative algebras and orders {For arithmetic aspects, see 11R52, 11R54,"
16K20,16,16Kxx,"Finite-dimensional division rings {For crossed products, see 16S35}","Associative rings and algebras {For the commutative case, see","Division rings and semisimple Artin rings [See also 12E15, 15A30]"
16K40,16,16Kxx,Infinite-dimensional and general division rings,"Associative rings and algebras {For the commutative case, see","Division rings and semisimple Artin rings [See also 12E15, 15A30]"
16K50,16,16Kxx,"Brauer groups (algebraic aspects) [See also 12G05, 14F22]","Associative rings and algebras {For the commutative case, see","Division rings and semisimple Artin rings [See also 12E15, 15A30]"
16K99,16,16Kxx,"None of the above, but in this section","Associative rings and algebras {For the commutative case, see","Division rings and semisimple Artin rings [See also 12E15, 15A30]"
16L30,16,16Lxx,"Noncommutative local and semilocal rings, perfect rings","Associative rings and algebras {For the commutative case, see",Local rings and generalizations
16L60,16,16Lxx,Quasi-Frobenius rings [See also 16D50],"Associative rings and algebras {For the commutative case, see",Local rings and generalizations
16L99,16,16Lxx,"None of the above, but in this section","Associative rings and algebras {For the commutative case, see",Local rings and generalizations
16N20,16,16Nxx,"Jacobson radical, quasimultiplication","Associative rings and algebras {For the commutative case, see",Radicals and radical properties of associative rings
16N40,16,16Nxx,"Nil and nilpotent radicals, sets, ideals, associative rings","Associative rings and algebras {For the commutative case, see",Radicals and radical properties of associative rings
16N60,16,16Nxx,"Prime and semiprime associative rings [See also 16D60, 16U10]","Associative rings and algebras {For the commutative case, see",Radicals and radical properties of associative rings
16N80,16,16Nxx,"General radicals and associative rings {For radicals in module categories, see 16S90}","Associative rings and algebras {For the commutative case, see",Radicals and radical properties of associative rings
16N99,16,16Nxx,"None of the above, but in this section","Associative rings and algebras {For the commutative case, see",Radicals and radical properties of associative rings
16P10,16,16Pxx,"Finite rings and finite-dimensional associative algebras {For semisimple, see 16K20; for commutative, see","Associative rings and algebras {For the commutative case, see","Chain conditions, growth conditions, and other forms of finiteness for associative"
16P20,16,16Pxx,Artinian rings and modules (associative rings and algebras),"Associative rings and algebras {For the commutative case, see","Chain conditions, growth conditions, and other forms of finiteness for associative"
16P40,16,16Pxx,Noetherian rings and modules (associative rings and algebras),"Associative rings and algebras {For the commutative case, see","Chain conditions, growth conditions, and other forms of finiteness for associative"
16P50,16,16Pxx,Localization and associative Noetherian rings [See also 16U20],"Associative rings and algebras {For the commutative case, see","Chain conditions, growth conditions, and other forms of finiteness for associative"
16P60,16,16Pxx,"Chain conditions on annihilators and summands: Goldie-type conditions [See also 16U20], Krull dimension","Associative rings and algebras {For the commutative case, see","Chain conditions, growth conditions, and other forms of finiteness for associative"
16P70,16,16Pxx,"Chain conditions on other classes of submodules, ideals, subrings, etc.; coherence (associative rings and","Associative rings and algebras {For the commutative case, see","Chain conditions, growth conditions, and other forms of finiteness for associative"
16P90,16,16Pxx,"Growth rate, Gelfand-Kirillov dimension","Associative rings and algebras {For the commutative case, see","Chain conditions, growth conditions, and other forms of finiteness for associative"
16P99,16,16Pxx,"None of the above, but in this section","Associative rings and algebras {For the commutative case, see","Chain conditions, growth conditions, and other forms of finiteness for associative"
16R10,16,16Rxx,"T -ideals, identities, varieties of associative rings and algebras","Associative rings and algebras {For the commutative case, see",Rings with polynomial identity
16R20,16,16Rxx,"Semiprime p.i. rings, rings embeddable in matrices over commutative rings","Associative rings and algebras {For the commutative case, see",Rings with polynomial identity
16R30,16,16Rxx,Trace rings and invariant theory (associative rings and algebras),"Associative rings and algebras {For the commutative case, see",Rings with polynomial identity
16R40,16,16Rxx,Identities other than those of matrices over commutative rings,"Associative rings and algebras {For the commutative case, see",Rings with polynomial identity
16R50,16,16Rxx,"Other kinds of identities (generalized polynomial, rational, involution)","Associative rings and algebras {For the commutative case, see",Rings with polynomial identity
16R60,16,16Rxx,Functional identities (associative rings and algebras),"Associative rings and algebras {For the commutative case, see",Rings with polynomial identity
16R99,16,16Rxx,"None of the above, but in this section","Associative rings and algebras {For the commutative case, see",Rings with polynomial identity
16S10,16,16Sxx,"Associative rings determined by universal properties (free algebras, coproducts, adjunction of inverses, etc.)","Associative rings and algebras {For the commutative case, see",Associative rings and algebras arising under various constructions
16S15,16,16Sxx,"Finite generation, finite presentability, normal forms (diamond lemma, term-rewriting)","Associative rings and algebras {For the commutative case, see",Associative rings and algebras arising under various constructions
16S20,16,16Sxx,Centralizing and normalizing extensions,"Associative rings and algebras {For the commutative case, see",Associative rings and algebras arising under various constructions
16S30,16,16Sxx,Universal enveloping algebras of Lie algebras [See mainly 17B35],"Associative rings and algebras {For the commutative case, see",Associative rings and algebras arising under various constructions
16S32,16,16Sxx,"Rings of differential operators (associative algebraic aspects) [See also 13N10, 32C38]","Associative rings and algebras {For the commutative case, see",Associative rings and algebras arising under various constructions
16S34,16,16Sxx,"Group rings [See also 20C05, 20C07], Laurent polynomial rings (associative algebraic aspects)","Associative rings and algebras {For the commutative case, see",Associative rings and algebras arising under various constructions
16S35,16,16Sxx,"Twisted and skew group rings, crossed products","Associative rings and algebras {For the commutative case, see",Associative rings and algebras arising under various constructions
16S36,16,16Sxx,Ordinary and skew polynomial rings and semigroup rings [See also 20M25],"Associative rings and algebras {For the commutative case, see",Associative rings and algebras arising under various constructions
16S37,16,16Sxx,Quadratic and Koszul algebras,"Associative rings and algebras {For the commutative case, see",Associative rings and algebras arising under various constructions
16S38,16,16Sxx,Rings arising from noncommutative algebraic geometry [See also 14A22],"Associative rings and algebras {For the commutative case, see",Associative rings and algebras arising under various constructions
16S40,16,16Sxx,Smash products of general Hopf actions [See also 16T05],"Associative rings and algebras {For the commutative case, see",Associative rings and algebras arising under various constructions
16S50,16,16Sxx,Endomorphism rings; matrix rings [See also 15-XX],"Associative rings and algebras {For the commutative case, see",Associative rings and algebras arising under various constructions
16S60,16,16Sxx,"Associative rings of functions, subdirect products, sheaves of rings","Associative rings and algebras {For the commutative case, see",Associative rings and algebras arising under various constructions
16S70,16,16Sxx,Extensions of associative rings by ideals,"Associative rings and algebras {For the commutative case, see",Associative rings and algebras arising under various constructions
16S80,16,16Sxx,"Deformations of associative rings [See also 13D10, 14D15]","Associative rings and algebras {For the commutative case, see",Associative rings and algebras arising under various constructions
16S85,16,16Sxx,Associative rings of fractions and localizations [See also 13B30],"Associative rings and algebras {For the commutative case, see",Associative rings and algebras arising under various constructions
16S88,16,16Sxx,Leavitt path algebras,"Associative rings and algebras {For the commutative case, see",Associative rings and algebras arising under various constructions
16S90,16,16Sxx,"Torsion theories; radicals on module categories (associative algebraic aspects) [See also 13D30, 18E40] {For","Associative rings and algebras {For the commutative case, see",Associative rings and algebras arising under various constructions
16S99,16,16Sxx,"None of the above, but in this section","Associative rings and algebras {For the commutative case, see",Associative rings and algebras arising under various constructions
16T05,16,16Txx,"Hopf algebras and their applications [See also 16S40, 57T05]","Associative rings and algebras {For the commutative case, see","Hopf algebras, quantum groups and related topics"
16T10,16,16Txx,Bialgebras,"Associative rings and algebras {For the commutative case, see","Hopf algebras, quantum groups and related topics"
16T15,16,16Txx,Coalgebras and comodules; corings,"Associative rings and algebras {For the commutative case, see","Hopf algebras, quantum groups and related topics"
16T20,16,16Txx,"Ring-theoretic aspects of quantum groups [See also 17B37, 20G42, 81R50]","Associative rings and algebras {For the commutative case, see","Hopf algebras, quantum groups and related topics"
16T25,16,16Txx,Yang-Baxter equations,"Associative rings and algebras {For the commutative case, see","Hopf algebras, quantum groups and related topics"
16T30,16,16Txx,Connections of Hopf algebras with combinatorics [See also 05Exx],"Associative rings and algebras {For the commutative case, see","Hopf algebras, quantum groups and related topics"
16T99,16,16Txx,"None of the above, but in this section","Associative rings and algebras {For the commutative case, see","Hopf algebras, quantum groups and related topics"
16U10,16,16Uxx,Integral domains (associative rings and algebras),"Associative rings and algebras {For the commutative case, see",Conditions on elements
16U20,16,16Uxx,"Ore rings, multiplicative sets, Ore localization","Associative rings and algebras {For the commutative case, see",Conditions on elements
16U30,16,16Uxx,"Divisibility, noncommutative UFDs","Associative rings and algebras {For the commutative case, see",Conditions on elements
16U40,16,16Uxx,Idempotent elements (associative rings and algebras),"Associative rings and algebras {For the commutative case, see",Conditions on elements
16U60,16,16Uxx,"Units, groups of units (associative rings and algebras)","Associative rings and algebras {For the commutative case, see",Conditions on elements
16U70,16,16Uxx,"Center, normalizer (invariant elements) (associative rings and algebras)","Associative rings and algebras {For the commutative case, see",Conditions on elements
16U80,16,16Uxx,Generalizations of commutativity (associative rings and algebras),"Associative rings and algebras {For the commutative case, see",Conditions on elements
16U90,16,16Uxx,Generalized inverses (associative rings and algebras),"Associative rings and algebras {For the commutative case, see",Conditions on elements
16U99,16,16Uxx,"None of the above, but in this section","Associative rings and algebras {For the commutative case, see",Conditions on elements
16W10,16,16Wxx,"Rings with involution; Lie, Jordan and other nonassociative structures [See also 17B60, 17C50, 46Kxx]","Associative rings and algebras {For the commutative case, see",Associative rings and algebras with additional structure
16W20,16,16Wxx,Automorphisms and endomorphisms,"Associative rings and algebras {For the commutative case, see",Associative rings and algebras with additional structure
16W22,16,16Wxx,Actions of groups and semigroups; invariant theory (associative rings and algebras),"Associative rings and algebras {For the commutative case, see",Associative rings and algebras with additional structure
16W25,16,16Wxx,"Derivations, actions of Lie algebras","Associative rings and algebras {For the commutative case, see",Associative rings and algebras with additional structure
16W50,16,16Wxx,Graded rings and modules (associative rings and algebras),"Associative rings and algebras {For the commutative case, see",Associative rings and algebras with additional structure
16W55,16,16Wxx,"“Super” (or “skew”) structure [See also 17A70, 17Bxx, 17C70] {For exterior algebras, see 15A75; for Clifford","Associative rings and algebras {For the commutative case, see",Associative rings and algebras with additional structure
16W60,16,16Wxx,"Valuations, completions, formal power series and related constructions (associative rings and algebras) [See","Associative rings and algebras {For the commutative case, see",Associative rings and algebras with additional structure
16W70,16,16Wxx,Filtered associative rings; filtrational and graded techniques,"Associative rings and algebras {For the commutative case, see",Associative rings and algebras with additional structure
16W80,16,16Wxx,"Topological and ordered rings and modules [See also 06F25, 13Jxx]","Associative rings and algebras {For the commutative case, see",Associative rings and algebras with additional structure
16W99,16,16Wxx,"None of the above, but in this section","Associative rings and algebras {For the commutative case, see",Associative rings and algebras with additional structure
16Y20,16,16Yxx,Hyperrings,"Associative rings and algebras {For the commutative case, see","Generalizations {For nonassociative rings, see 17-XX}"
16Y30,16,16Yxx,Near-rings [See also 12K05],"Associative rings and algebras {For the commutative case, see","Generalizations {For nonassociative rings, see 17-XX}"
16Y60,16,16Yxx,Semirings [See also 12K10],"Associative rings and algebras {For the commutative case, see","Generalizations {For nonassociative rings, see 17-XX}"
16Y80,16,16Yxx,Γ and fuzzy structures,"Associative rings and algebras {For the commutative case, see","Generalizations {For nonassociative rings, see 17-XX}"
16Y99,16,16Yxx,"None of the above, but in this section","Associative rings and algebras {For the commutative case, see","Generalizations {For nonassociative rings, see 17-XX}"
16Z05,16,16Zxx,Computational aspects of associative rings (general theory) [See also 68W30],"Associative rings and algebras {For the commutative case, see","Computational aspects of associative rings {For software etc., see 16-04}"
16Z10,16,16Zxx,Gröbner-Shirshov bases,"Associative rings and algebras {For the commutative case, see","Computational aspects of associative rings {For software etc., see 16-04}"
16Z99,16,16Zxx,"None of the above, but in this section","Associative rings and algebras {For the commutative case, see","Computational aspects of associative rings {For software etc., see 16-04}"
17A01,17,17Axx,General theory of nonassociative rings and algebras,Nonassociative rings and algebras,General nonassociative rings
17A05,17,17Axx,Power-associative rings,Nonassociative rings and algebras,General nonassociative rings
17A15,17,17Axx,Noncommutative Jordan algebras,Nonassociative rings and algebras,General nonassociative rings
17A20,17,17Axx,Flexible algebras,Nonassociative rings and algebras,General nonassociative rings
17A30,17,17Axx,Nonassociative algebras satisfying other identities,Nonassociative rings and algebras,General nonassociative rings
17A32,17,17Axx,Leibniz algebras,Nonassociative rings and algebras,General nonassociative rings
17A35,17,17Axx,Nonassociative division algebras,Nonassociative rings and algebras,General nonassociative rings
17A36,17,17Axx,"Automorphisms, derivations, other operators (nonassociative rings and algebras)",Nonassociative rings and algebras,General nonassociative rings
17A40,17,17Axx,Ternary compositions,Nonassociative rings and algebras,General nonassociative rings
17A42,17,17Axx,Other n-ary compositions (n ≥ 3),Nonassociative rings and algebras,General nonassociative rings
17A45,17,17Axx,Quadratic algebras (but not quadratic Jordan algebras),Nonassociative rings and algebras,General nonassociative rings
17A50,17,17Axx,Free nonassociative algebras,Nonassociative rings and algebras,General nonassociative rings
17A60,17,17Axx,Structure theory for nonassociative algebras,Nonassociative rings and algebras,General nonassociative rings
17A61,17,17Axx,Gröbner-Shirshov bases in nonassociative algebras,Nonassociative rings and algebras,General nonassociative rings
17A65,17,17Axx,Radical theory (nonassociative rings and algebras),Nonassociative rings and algebras,General nonassociative rings
17A70,17,17Axx,Superalgebras,Nonassociative rings and algebras,General nonassociative rings
17A75,17,17Axx,Composition algebras,Nonassociative rings and algebras,General nonassociative rings
17A80,17,17Axx,Valued algebras,Nonassociative rings and algebras,General nonassociative rings
17A99,17,17Axx,"None of the above, but in this section",Nonassociative rings and algebras,General nonassociative rings
17B01,17,17Bxx,"Identities, free Lie (super)algebras",Nonassociative rings and algebras,"Lie algebras and Lie superalgebras {For Lie groups, see 22Exx}"
17B05,17,17Bxx,Structure theory for Lie algebras and superalgebras,Nonassociative rings and algebras,"Lie algebras and Lie superalgebras {For Lie groups, see 22Exx}"
17B08,17,17Bxx,Coadjoint orbits; nilpotent varieties,Nonassociative rings and algebras,"Lie algebras and Lie superalgebras {For Lie groups, see 22Exx}"
17B10,17,17Bxx,"Representations of Lie algebras and Lie superalgebras, algebraic theory (weights)",Nonassociative rings and algebras,"Lie algebras and Lie superalgebras {For Lie groups, see 22Exx}"
17B15,17,17Bxx,"Representations of Lie algebras and Lie superalgebras, analytic theory",Nonassociative rings and algebras,"Lie algebras and Lie superalgebras {For Lie groups, see 22Exx}"
17B20,17,17Bxx,"Simple, semisimple, reductive (super)algebras",Nonassociative rings and algebras,"Lie algebras and Lie superalgebras {For Lie groups, see 22Exx}"
17B22,17,17Bxx,Root systems,Nonassociative rings and algebras,"Lie algebras and Lie superalgebras {For Lie groups, see 22Exx}"
17B25,17,17Bxx,Exceptional (super)algebras,Nonassociative rings and algebras,"Lie algebras and Lie superalgebras {For Lie groups, see 22Exx}"
17B30,17,17Bxx,"Solvable, nilpotent (super)algebras",Nonassociative rings and algebras,"Lie algebras and Lie superalgebras {For Lie groups, see 22Exx}"
17B35,17,17Bxx,Universal enveloping (super)algebras [See also 16S30],Nonassociative rings and algebras,"Lie algebras and Lie superalgebras {For Lie groups, see 22Exx}"
17B37,17,17Bxx,"Quantum groups (quantized enveloping algebras) and related deformations [See also 16T20, 20G42, 81R50,",Nonassociative rings and algebras,"Lie algebras and Lie superalgebras {For Lie groups, see 22Exx}"
17B38,17,17Bxx,Yang-Baxter equations and Rota-Baxter operators,Nonassociative rings and algebras,"Lie algebras and Lie superalgebras {For Lie groups, see 22Exx}"
17B40,17,17Bxx,"Automorphisms, derivations, other operators for Lie algebras and super algebras",Nonassociative rings and algebras,"Lie algebras and Lie superalgebras {For Lie groups, see 22Exx}"
17B45,17,17Bxx,Lie algebras of linear algebraic groups [See also 14Lxx and 20Gxx],Nonassociative rings and algebras,"Lie algebras and Lie superalgebras {For Lie groups, see 22Exx}"
17B50,17,17Bxx,Modular Lie (super)algebras,Nonassociative rings and algebras,"Lie algebras and Lie superalgebras {For Lie groups, see 22Exx}"
17B55,17,17Bxx,Homological methods in Lie (super)algebras,Nonassociative rings and algebras,"Lie algebras and Lie superalgebras {For Lie groups, see 22Exx}"
17B56,17,17Bxx,Cohomology of Lie (super)algebras,Nonassociative rings and algebras,"Lie algebras and Lie superalgebras {For Lie groups, see 22Exx}"
17B60,17,17Bxx,"Lie (super)algebras associated with other structures (associative, Jordan, etc.) [See also 16W10, 17C40,",Nonassociative rings and algebras,"Lie algebras and Lie superalgebras {For Lie groups, see 22Exx}"
17B61,17,17Bxx,Hom-Lie and related algebras,Nonassociative rings and algebras,"Lie algebras and Lie superalgebras {For Lie groups, see 22Exx}"
17B62,17,17Bxx,Lie bialgebras; Lie coalgebras,Nonassociative rings and algebras,"Lie algebras and Lie superalgebras {For Lie groups, see 22Exx}"
17B63,17,17Bxx,Poisson algebras,Nonassociative rings and algebras,"Lie algebras and Lie superalgebras {For Lie groups, see 22Exx}"
17B65,17,17Bxx,Infinite-dimensional Lie (super)algebras [See also 22E65],Nonassociative rings and algebras,"Lie algebras and Lie superalgebras {For Lie groups, see 22Exx}"
17B66,17,17Bxx,Lie algebras of vector fields and related (super) algebras,Nonassociative rings and algebras,"Lie algebras and Lie superalgebras {For Lie groups, see 22Exx}"
17B67,17,17Bxx,Kac-Moody (super)algebras; extended affine Lie algebras; toroidal Lie algebras,Nonassociative rings and algebras,"Lie algebras and Lie superalgebras {For Lie groups, see 22Exx}"
17B68,17,17Bxx,Virasoro and related algebras,Nonassociative rings and algebras,"Lie algebras and Lie superalgebras {For Lie groups, see 22Exx}"
17B69,17,17Bxx,Vertex operators; vertex operator algebras and related structures,Nonassociative rings and algebras,"Lie algebras and Lie superalgebras {For Lie groups, see 22Exx}"
17B70,17,17Bxx,Graded Lie (super)algebras,Nonassociative rings and algebras,"Lie algebras and Lie superalgebras {For Lie groups, see 22Exx}"
17B75,17,17Bxx,Color Lie (super)algebras,Nonassociative rings and algebras,"Lie algebras and Lie superalgebras {For Lie groups, see 22Exx}"
17B80,17,17Bxx,Applications of Lie algebras and superalgebras to integrable systems,Nonassociative rings and algebras,"Lie algebras and Lie superalgebras {For Lie groups, see 22Exx}"
17B81,17,17Bxx,"Applications of Lie (super)algebras to physics, etc.",Nonassociative rings and algebras,"Lie algebras and Lie superalgebras {For Lie groups, see 22Exx}"
17B99,17,17Bxx,"None of the above, but in this section",Nonassociative rings and algebras,"Lie algebras and Lie superalgebras {For Lie groups, see 22Exx}"
17C05,17,17Cxx,Identities and free Jordan structures,Nonassociative rings and algebras,"Jordan algebras (algebras, triples and pairs)"
17C10,17,17Cxx,Structure theory for Jordan algebras,Nonassociative rings and algebras,"Jordan algebras (algebras, triples and pairs)"
17C17,17,17Cxx,Radicals in Jordan algebras,Nonassociative rings and algebras,"Jordan algebras (algebras, triples and pairs)"
17C20,17,17Cxx,"Simple, semisimple Jordan algebras",Nonassociative rings and algebras,"Jordan algebras (algebras, triples and pairs)"
17C27,17,17Cxx,"Idempotents, Peirce decompositions",Nonassociative rings and algebras,"Jordan algebras (algebras, triples and pairs)"
17C30,17,17Cxx,"Associated groups, automorphisms of Jordan algebras",Nonassociative rings and algebras,"Jordan algebras (algebras, triples and pairs)"
17C36,17,17Cxx,Associated manifolds of Jordan algebras,Nonassociative rings and algebras,"Jordan algebras (algebras, triples and pairs)"
17C37,17,17Cxx,Associated geometries of Jordan algebras,Nonassociative rings and algebras,"Jordan algebras (algebras, triples and pairs)"
17C40,17,17Cxx,Exceptional Jordan structures,Nonassociative rings and algebras,"Jordan algebras (algebras, triples and pairs)"
17C50,17,17Cxx,Jordan structures associated with other structures [See also 16W10],Nonassociative rings and algebras,"Jordan algebras (algebras, triples and pairs)"
17C55,17,17Cxx,Finite-dimensional structures of Jordan algebras,Nonassociative rings and algebras,"Jordan algebras (algebras, triples and pairs)"
17C60,17,17Cxx,Division algebras and Jordan algebras,Nonassociative rings and algebras,"Jordan algebras (algebras, triples and pairs)"
17C65,17,17Cxx,"Jordan structures on Banach spaces and algebras [See also 46H70, 46L70]",Nonassociative rings and algebras,"Jordan algebras (algebras, triples and pairs)"
17C70,17,17Cxx,Super structures,Nonassociative rings and algebras,"Jordan algebras (algebras, triples and pairs)"
17C90,17,17Cxx,"Applications of Jordan algebras to physics, etc.",Nonassociative rings and algebras,"Jordan algebras (algebras, triples and pairs)"
17C99,17,17Cxx,"None of the above, but in this section",Nonassociative rings and algebras,"Jordan algebras (algebras, triples and pairs)"
17D05,17,17Dxx,Alternative rings,Nonassociative rings and algebras,Other nonassociative rings and algebras
17D10,17,17Dxx,Mal’tsev rings and algebras,Nonassociative rings and algebras,Other nonassociative rings and algebras
17D15,17,17Dxx,Right alternative rings,Nonassociative rings and algebras,Other nonassociative rings and algebras
17D20,17,17Dxx,"(γ, δ)-rings, including (1, −1)-rings",Nonassociative rings and algebras,Other nonassociative rings and algebras
17D25,17,17Dxx,Lie-admissible algebras,Nonassociative rings and algebras,Other nonassociative rings and algebras
17D30,17,17Dxx,(non-Lie) Hom algebras and topics,Nonassociative rings and algebras,Other nonassociative rings and algebras
17D92,17,17Dxx,Genetic algebras,Nonassociative rings and algebras,Other nonassociative rings and algebras
17D99,17,17Dxx,"None of the above, but in this section",Nonassociative rings and algebras,Other nonassociative rings and algebras
18A05,18,18Axx,Definitions and generalizations in theory of categories,"Category theory; homological algebra {For commutative rings,",General theory of categories and functors
18A10,18,18Axx,"Graphs, diagram schemes, precategories","Category theory; homological algebra {For commutative rings,",General theory of categories and functors
18A15,18,18Axx,"Foundations, relations to logic and deductive systems [See also 03-XX]","Category theory; homological algebra {For commutative rings,",General theory of categories and functors
18A20,18,18Axx,"Epimorphisms, monomorphisms, special classes of morphisms, null morphisms","Category theory; homological algebra {For commutative rings,",General theory of categories and functors
18A22,18,18Axx,"Special properties of functors (faithful, full, etc.)","Category theory; homological algebra {For commutative rings,",General theory of categories and functors
18A23,18,18Axx,"Natural morphisms, dinatural morphisms","Category theory; homological algebra {For commutative rings,",General theory of categories and functors
18A25,18,18Axx,"Functor categories, comma categories","Category theory; homological algebra {For commutative rings,",General theory of categories and functors
18A30,18,18Axx,"Limits and colimits (products, sums, directed limits, pushouts, fiber products, equalizers, kernels, ends and","Category theory; homological algebra {For commutative rings,",General theory of categories and functors
18A32,18,18Axx,"Factorization systems, substructures, quotient structures, congruences, amalgams","Category theory; homological algebra {For commutative rings,",General theory of categories and functors
18A35,18,18Axx,"Categories admitting limits (complete categories), functors preserving limits, completions","Category theory; homological algebra {For commutative rings,",General theory of categories and functors
18A40,18,18Axx,"Adjoint functors (universal constructions, reflective subcategories, Kan extensions, etc.)","Category theory; homological algebra {For commutative rings,",General theory of categories and functors
18A50,18,18Axx,"Graded categories (general) {For dg categories, see 18G35}","Category theory; homological algebra {For commutative rings,",General theory of categories and functors
18A99,18,18Axx,"None of the above, but in this section","Category theory; homological algebra {For commutative rings,",General theory of categories and functors
18B05,18,18Bxx,"Categories of sets, characterizations [See also 03-XX]","Category theory; homological algebra {For commutative rings,",Special categories
18B10,18,18Bxx,"Categories of spans/cospans, relations, or partial maps","Category theory; homological algebra {For commutative rings,",Special categories
18B15,18,18Bxx,"Embedding theorems, universal categories [See also 18E20]","Category theory; homological algebra {For commutative rings,",Special categories
18B20,18,18Bxx,"Categories of machines, automata [See also 03D05, 68Qxx]","Category theory; homological algebra {For commutative rings,",Special categories
18B25,18,18Bxx,"Topoi [See also 03G30, 18F10]","Category theory; homological algebra {For commutative rings,",Special categories
18B35,18,18Bxx,"Preorders, orders, domains and lattices (viewed as categories) [See also 06-XX]","Category theory; homological algebra {For commutative rings,",Special categories
18B40,18,18Bxx,"Groupoids, semigroupoids, semigroups, groups (viewed as categories) [See also 20Axx, 20L05, 20Mxx]","Category theory; homological algebra {For commutative rings,",Special categories
18B50,18,18Bxx,"Extensive, distributive, and adhesive categories","Category theory; homological algebra {For commutative rings,",Special categories
18B99,18,18Bxx,"None of the above, but in this section","Category theory; homological algebra {For commutative rings,",Special categories
18C05,18,18Cxx,"Equational categories [See also 03C05, 08C05]","Category theory; homological algebra {For commutative rings,",Categories and theories
18C10,18,18Cxx,"Theories (e.g., algebraic theories), structure, and semantics [See also 03G30]","Category theory; homological algebra {For commutative rings,",Categories and theories
18C15,18,18Cxx,"Monads (= standard construction, triple or triad), algebras for monads, homology and derived functors for","Category theory; homological algebra {For commutative rings,",Categories and theories
18C20,18,18Cxx,Eilenberg-Moore and Kleisli constructions for monads,"Category theory; homological algebra {For commutative rings,",Categories and theories
18C30,18,18Cxx,Sketches and generalizations,"Category theory; homological algebra {For commutative rings,",Categories and theories
18C35,18,18Cxx,Accessible and locally presentable categories,"Category theory; homological algebra {For commutative rings,",Categories and theories
18C40,18,18Cxx,"Structured objects in a category (group objects, etc.)","Category theory; homological algebra {For commutative rings,",Categories and theories
18C50,18,18Cxx,"Categorical semantics of formal languages [See also 68Q55, 68Q65]","Category theory; homological algebra {For commutative rings,",Categories and theories
18C99,18,18Cxx,"None of the above, but in this section","Category theory; homological algebra {For commutative rings,",Categories and theories
18D15,18,18Dxx,"Closed categories (closed monoidal and Cartesian closed categories, etc.)","Category theory; homological algebra {For commutative rings,",Categorical structures
18D20,18,18Dxx,Enriched categories (over closed or monoidal categories),"Category theory; homological algebra {For commutative rings,",Categorical structures
18D25,18,18Dxx,"Actions of a monoidal category, tensorial strength {For functional programming, see also 68N18}","Category theory; homological algebra {For commutative rings,",Categorical structures
18D30,18,18Dxx,Fibered categories,"Category theory; homological algebra {For commutative rings,",Categorical structures
18D40,18,18Dxx,"Internal categories and groupoids {For double categories, see 18N10; for topological groupoids, see 22A22;","Category theory; homological algebra {For commutative rings,",Categorical structures
18D60,18,18Dxx,"Profunctors (= correspondences, distributors, modules)","Category theory; homological algebra {For commutative rings,",Categorical structures
18D65,18,18Dxx,"Proarrow equipments, Yoneda structures, KZ doctrines (lax idempotent monads)","Category theory; homological algebra {For commutative rings,",Categorical structures
18D70,18,18Dxx,Formal category theory,"Category theory; homological algebra {For commutative rings,",Categorical structures
18D99,18,18Dxx,"None of the above, but in this section","Category theory; homological algebra {For commutative rings,",Categorical structures
18E05,18,18Exx,"Preadditive, additive categories","Category theory; homological algebra {For commutative rings,",Categorical algebra
18E08,18,18Exx,"Regular categories, Barr-exact categories","Category theory; homological algebra {For commutative rings,",Categorical algebra
18E10,18,18Exx,"Abelian categories, Grothendieck categories","Category theory; homological algebra {For commutative rings,",Categorical algebra
18E13,18,18Exx,"Protomodular categories, semi-abelian categories, Mal’tsev categories [See also 08B05 and 18B10]","Category theory; homological algebra {For commutative rings,",Categorical algebra
18E20,18,18Exx,Categorical embedding theorems [See also 18B15],"Category theory; homological algebra {For commutative rings,",Categorical algebra
18E35,18,18Exx,"Localization of categories, calculus of fractions {For homotopical aspects, see also 18N55, 55P60}","Category theory; homological algebra {For commutative rings,",Categorical algebra
18E40,18,18Exx,"Torsion theories, radicals [See also 13D30, 16S90]","Category theory; homological algebra {For commutative rings,",Categorical algebra
18E45,18,18Exx,Definable subcategories and connections with model theory [See also 13C60],"Category theory; homological algebra {For commutative rings,",Categorical algebra
18E50,18,18Exx,Categorical Galois theory,"Category theory; homological algebra {For commutative rings,",Categorical algebra
18E99,18,18Exx,"None of the above, but in this section","Category theory; homological algebra {For commutative rings,",Categorical algebra
18F05,18,18Fxx,Local categories and functors,"Category theory; homological algebra {For commutative rings,",Categories in geometry and topology
18F10,18,18Fxx,"Grothendieck topologies and Grothendieck topoi [See also 14F20, 18B25]","Category theory; homological algebra {For commutative rings,",Categories in geometry and topology
18F15,18,18Fxx,"Abstract manifolds and fiber bundles (category-theoretic aspects) [See also 55Rxx, 57Pxx]","Category theory; homological algebra {For commutative rings,",Categories in geometry and topology
18F20,18,18Fxx,"Presheaves and sheaves, stacks, descent conditions (category-theoretic aspects) [See also 14F06, 14F08,","Category theory; homological algebra {For commutative rings,",Categories in geometry and topology
18F25,18,18Fxx,"Algebraic K-theory and L-theory (category-theoretic aspects) [See also 11Exx, 11R70, 11S70, 12-XX, 13D15,","Category theory; homological algebra {For commutative rings,",Categories in geometry and topology
18F30,18,18Fxx,"Grothendieck groups (category-theoretic aspects) [See also 13D15, 16E20, 19Axx]","Category theory; homological algebra {For commutative rings,",Categories in geometry and topology
18F40,18,18Fxx,"Synthetic differential geometry, tangent categories, differential categories","Category theory; homological algebra {For commutative rings,",Categories in geometry and topology
18F50,18,18Fxx,Goodwillie calculus and functor calculus,"Category theory; homological algebra {For commutative rings,",Categories in geometry and topology
18F60,18,18Fxx,Categories of topological spaces and continuous mappings [See also 54-XX],"Category theory; homological algebra {For commutative rings,",Categories in geometry and topology
18F70,18,18Fxx,"Frames and locales, pointfree topology, Stone duality [See also 06D22, 18B35]","Category theory; homological algebra {For commutative rings,",Categories in geometry and topology
18F75,18,18Fxx,"Quantales [See also 06F07, 18B35]","Category theory; homological algebra {For commutative rings,",Categories in geometry and topology
18F99,18,18Fxx,"None of the above, but in this section","Category theory; homological algebra {For commutative rings,",Categories in geometry and topology
18G05,18,18Gxx,"Projectives and injectives (category-theoretic aspects) [See also 13C10, 13C11, 16D40, 16D50]","Category theory; homological algebra {For commutative rings,","Homological algebra in category theory, derived categories and functors [See"
18G10,18,18Gxx,"Resolutions; derived functors (category-theoretic aspects) [See also 13D02, 16E05, 18Gxx]","Category theory; homological algebra {For commutative rings,","Homological algebra in category theory, derived categories and functors [See"
18G15,18,18Gxx,"Ext and Tor, generalizations, Künneth formula (category-theoretic aspects) [See also 55U25]","Category theory; homological algebra {For commutative rings,","Homological algebra in category theory, derived categories and functors [See"
18G20,18,18Gxx,"Homological dimension (category-theoretic aspects) [See also 13D05, 16E10]","Category theory; homological algebra {For commutative rings,","Homological algebra in category theory, derived categories and functors [See"
18G25,18,18Gxx,"Relative homological algebra, projective classes (category-theoretic aspects)","Category theory; homological algebra {For commutative rings,","Homological algebra in category theory, derived categories and functors [See"
18G31,18,18Gxx,Simplicial modules and Dold-Kan correspondence,"Category theory; homological algebra {For commutative rings,","Homological algebra in category theory, derived categories and functors [See"
18G35,18,18Gxx,"Chain complexes (category-theoretic aspects), dg categories [See also 14F08, 18G80, 55U15]","Category theory; homological algebra {For commutative rings,","Homological algebra in category theory, derived categories and functors [See"
18G40,18,18Gxx,"Spectral sequences, hypercohomology [See also 55Txx]","Category theory; homological algebra {For commutative rings,","Homological algebra in category theory, derived categories and functors [See"
18G45,18,18Gxx,"2-groups, crossed modules, crossed complexes","Category theory; homological algebra {For commutative rings,","Homological algebra in category theory, derived categories and functors [See"
18G50,18,18Gxx,Nonabelian homological algebra (category-theoretic aspects),"Category theory; homological algebra {For commutative rings,","Homological algebra in category theory, derived categories and functors [See"
18G65,18,18Gxx,Stable module categories [See also 20C20],"Category theory; homological algebra {For commutative rings,","Homological algebra in category theory, derived categories and functors [See"
18G70,18,18Gxx,"A∞ -categories, relations with homological mirror symmetry [See also 14F08, 14J33, 53D37]","Category theory; homological algebra {For commutative rings,","Homological algebra in category theory, derived categories and functors [See"
18G80,18,18Gxx,"Derived categories, triangulated categories","Category theory; homological algebra {For commutative rings,","Homological algebra in category theory, derived categories and functors [See"
18G85,18,18Gxx,"Graph complexes and graph homology {For relations with deformation quantization, see 53D55}","Category theory; homological algebra {For commutative rings,","Homological algebra in category theory, derived categories and functors [See"
18G90,18,18Gxx,"Other (co)homology theories (category-theoretic aspects) [See also 19D55, 46L80, 58J20, 58J22]","Category theory; homological algebra {For commutative rings,","Homological algebra in category theory, derived categories and functors [See"
18G99,18,18Gxx,"None of the above, but in this section","Category theory; homological algebra {For commutative rings,","Homological algebra in category theory, derived categories and functors [See"
18M05,18,18Mxx,"Monoidal categories, symmetric monoidal categories [See also 19D23]","Category theory; homological algebra {For commutative rings,",Monoidal categories and operads
18M10,18,18Mxx,"Traced monoidal categories, compact closed categories, star-autonomous categories","Category theory; homological algebra {For commutative rings,",Monoidal categories and operads
18M15,18,18Mxx,"Braided monoidal categories and ribbon categories {For applications to knot theory, see also 57Kxx; for","Category theory; homological algebra {For commutative rings,",Monoidal categories and operads
18M20,18,18Mxx,"Fusion categories, modular tensor categories, modular functors {For applications to topological quantum","Category theory; homological algebra {For commutative rings,",Monoidal categories and operads
18M25,18,18Mxx,"Tannakian categories {For applications to motives, see also 14C15, 19E15}","Category theory; homological algebra {For commutative rings,",Monoidal categories and operads
18M30,18,18Mxx,String diagrams and graphical calculi,"Category theory; homological algebra {For commutative rings,",Monoidal categories and operads
18M35,18,18Mxx,"Categories of networks and processes, compositionality","Category theory; homological algebra {For commutative rings,",Monoidal categories and operads
18M40,18,18Mxx,"Dagger categories, categorical quantum mechanics [See also 81P68]","Category theory; homological algebra {For commutative rings,",Monoidal categories and operads
18M45,18,18Mxx,Categorical aspects of linear logic [See also 03B47],"Category theory; homological algebra {For commutative rings,",Monoidal categories and operads
18M50,18,18Mxx,"Bimonoidal, skew-monoidal, duoidal categories","Category theory; homological algebra {For commutative rings,",Monoidal categories and operads
18M60,18,18Mxx,Operads (general),"Category theory; homological algebra {For commutative rings,",Monoidal categories and operads
18M65,18,18Mxx,"Non-symmetric operads, multicategories, generalized multicategories","Category theory; homological algebra {For commutative rings,",Monoidal categories and operads
18M70,18,18Mxx,"Algebraic operads, cooperads, and Koszul duality","Category theory; homological algebra {For commutative rings,",Monoidal categories and operads
18M75,18,18Mxx,Topological and simplicial operads [See also 18N60],"Category theory; homological algebra {For commutative rings,",Monoidal categories and operads
18M80,18,18Mxx,"Species, Hopf monoids, operads in combinatorics","Category theory; homological algebra {For commutative rings,",Monoidal categories and operads
18M85,18,18Mxx,"Polycategories/dioperads, properads, PROPs, cyclic operads, modular operads","Category theory; homological algebra {For commutative rings,",Monoidal categories and operads
18M90,18,18Mxx,Globular operads,"Category theory; homological algebra {For commutative rings,",Monoidal categories and operads
18M99,18,18Mxx,"None of the above, but in this section","Category theory; homological algebra {For commutative rings,",Monoidal categories and operads
18N10,18,18Nxx,"2-categories, bicategories, double categories","Category theory; homological algebra {For commutative rings,",Higher categories and homotopical algebra
18N15,18,18Nxx,2-dimensional monad theory [See also 18C15],"Category theory; homological algebra {For commutative rings,",Higher categories and homotopical algebra
18N20,18,18Nxx,"Tricategories, weak n-categories, coherence, semi-strictification","Category theory; homological algebra {For commutative rings,",Higher categories and homotopical algebra
18N25,18,18Nxx,Categorification,"Category theory; homological algebra {For commutative rings,",Higher categories and homotopical algebra
18N30,18,18Nxx,"Strict omega-categories, computads, polygraphs","Category theory; homological algebra {For commutative rings,",Higher categories and homotopical algebra
18N40,18,18Nxx,"Homotopical algebra, Quillen model categories, derivators [See also 55U35]","Category theory; homological algebra {For commutative rings,",Higher categories and homotopical algebra
18N45,18,18Nxx,"Categories of fibrations, relations to K-theory, relations to type theory","Category theory; homological algebra {For commutative rings,",Higher categories and homotopical algebra
18N50,18,18Nxx,"Simplicial sets, simplicial objects [See also 55U10]","Category theory; homological algebra {For commutative rings,",Higher categories and homotopical algebra
18N55,18,18Nxx,"Localizations (e.g., simplicial localization, Bousfield localization) [See also 18E35, 55P60]","Category theory; homological algebra {For commutative rings,",Higher categories and homotopical algebra
18N60,18,18Nxx,"(∞, 1)-categories (quasi-categories, Segal spaces, etc.); ∞-topoi, stable ∞-categories [See also 55U35, 55U40]","Category theory; homological algebra {For commutative rings,",Higher categories and homotopical algebra
18N65,18,18Nxx,"(∞, n)-categories and (∞, ∞)-categories","Category theory; homological algebra {For commutative rings,",Higher categories and homotopical algebra
18N70,18,18Nxx,∞-operads and higher algebra [See also 18M75],"Category theory; homological algebra {For commutative rings,",Higher categories and homotopical algebra
18N99,18,18Nxx,"None of the above, but in this section","Category theory; homological algebra {For commutative rings,",Higher categories and homotopical algebra
19A13,19,19Axx,Stability for projective modules [See also 13C10],"K-theory [See also 16E20, 18F25]","Grothendieck groups and K0 [See also 13D15, 18F30]"
19A15,19,19Axx,Efficient generation of modules,"K-theory [See also 16E20, 18F25]","Grothendieck groups and K0 [See also 13D15, 18F30]"
19A22,19,19Axx,"Frobenius induction, Burnside and representation rings","K-theory [See also 16E20, 18F25]","Grothendieck groups and K0 [See also 13D15, 18F30]"
19A31,19,19Axx,K0 of group rings and orders,"K-theory [See also 16E20, 18F25]","Grothendieck groups and K0 [See also 13D15, 18F30]"
19A49,19,19Axx,K0 of other rings,"K-theory [See also 16E20, 18F25]","Grothendieck groups and K0 [See also 13D15, 18F30]"
19A99,19,19Axx,"None of the above, but in this section","K-theory [See also 16E20, 18F25]","Grothendieck groups and K0 [See also 13D15, 18F30]"
19B10,19,19Bxx,Stable range conditions,"K-theory [See also 16E20, 18F25]",Whitehead groups and K1
19B14,19,19Bxx,Stability for linear groups,"K-theory [See also 16E20, 18F25]",Whitehead groups and K1
19B28,19,19Bxx,K1 of group rings and orders [See also 57Q10],"K-theory [See also 16E20, 18F25]",Whitehead groups and K1
19B37,19,19Bxx,Congruence subgroup problems [See also 20H05],"K-theory [See also 16E20, 18F25]",Whitehead groups and K1
19B99,19,19Bxx,"None of the above, but in this section","K-theory [See also 16E20, 18F25]",Whitehead groups and K1
19C09,19,19Cxx,Central extensions and Schur multipliers,"K-theory [See also 16E20, 18F25]",Steinberg groups and K2
19C20,19,19Cxx,"Symbols, presentations and stability of K2","K-theory [See also 16E20, 18F25]",Steinberg groups and K2
19C30,19,19Cxx,K2 and the Brauer group,"K-theory [See also 16E20, 18F25]",Steinberg groups and K2
19C40,19,19Cxx,Excision for K2,"K-theory [See also 16E20, 18F25]",Steinberg groups and K2
19C99,19,19Cxx,"None of the above, but in this section","K-theory [See also 16E20, 18F25]",Steinberg groups and K2
19D06,19,19Dxx,Q- and plus-constructions,"K-theory [See also 16E20, 18F25]",Higher algebraic K-theory
19D10,19,19Dxx,Algebraic K-theory of spaces,"K-theory [See also 16E20, 18F25]",Higher algebraic K-theory
19D23,19,19Dxx,Symmetric monoidal categories [See also 18M05],"K-theory [See also 16E20, 18F25]",Higher algebraic K-theory
19D25,19,19Dxx,Karoubi-Villamayor-Gersten K-theory,"K-theory [See also 16E20, 18F25]",Higher algebraic K-theory
19D35,19,19Dxx,"Negative K-theory, NK and Nil","K-theory [See also 16E20, 18F25]",Higher algebraic K-theory
19D45,19,19Dxx,"Higher symbols, Milnor K-theory","K-theory [See also 16E20, 18F25]",Higher algebraic K-theory
19D50,19,19Dxx,"Computations of higher K-theory of rings [See also 13D15, 16E20]","K-theory [See also 16E20, 18F25]",Higher algebraic K-theory
19D55,19,19Dxx,K-theory and homology; cyclic homology and cohomology [See also 18G90],"K-theory [See also 16E20, 18F25]",Higher algebraic K-theory
19D99,19,19Dxx,"None of the above, but in this section","K-theory [See also 16E20, 18F25]",Higher algebraic K-theory
19E08,19,19Exx,K-theory of schemes [See also 14C35],"K-theory [See also 16E20, 18F25]",K-theory in geometry
19E15,19,19Exx,"Algebraic cycles and motivic cohomology (K-theoretic aspects) [See also 14C25, 14C35, 14F42]","K-theory [See also 16E20, 18F25]",K-theory in geometry
19E20,19,19Exx,Relations of K-theory with cohomology theories [See also 14Fxx],"K-theory [See also 16E20, 18F25]",K-theory in geometry
19E99,19,19Exx,"None of the above, but in this section","K-theory [See also 16E20, 18F25]",K-theory in geometry
19F05,19,19Fxx,Generalized class field theory (K-theoretic aspects) [See also 11G45],"K-theory [See also 16E20, 18F25]","K-theory in number theory [See also 11R70, 11S70]"
19F15,19,19Fxx,Symbols and arithmetic (K-theoretic aspects) [See also 11R37],"K-theory [See also 16E20, 18F25]","K-theory in number theory [See also 11R70, 11S70]"
19F27,19,19Fxx,"Étale cohomology, higher regulators, zeta and L-functions (K-theoretic aspects) [See also 11G40, 11R42,","K-theory [See also 16E20, 18F25]","K-theory in number theory [See also 11R70, 11S70]"
19F99,19,19Fxx,"None of the above, but in this section","K-theory [See also 16E20, 18F25]","K-theory in number theory [See also 11R70, 11S70]"
19G05,19,19Gxx,Stability for quadratic modules,"K-theory [See also 16E20, 18F25]",K-theory of forms [See also 11Exx]
19G12,19,19Gxx,Witt groups of rings [See also 11E81],"K-theory [See also 16E20, 18F25]",K-theory of forms [See also 11Exx]
19G24,19,19Gxx,L-theory of group rings [See also 11E81],"K-theory [See also 16E20, 18F25]",K-theory of forms [See also 11Exx]
19G38,19,19Gxx,"Hermitian K-theory, relations with K-theory of rings","K-theory [See also 16E20, 18F25]",K-theory of forms [See also 11Exx]
19G99,19,19Gxx,"None of the above, but in this section","K-theory [See also 16E20, 18F25]",K-theory of forms [See also 11Exx]
19J05,19,19Jxx,Finiteness and other obstructions in K0,"K-theory [See also 16E20, 18F25]",Obstructions from topology
19J10,19,19Jxx,Whitehead (and related) torsion,"K-theory [See also 16E20, 18F25]",Obstructions from topology
19J25,19,19Jxx,Surgery obstructions (K-theoretic aspects) [See also 57R67],"K-theory [See also 16E20, 18F25]",Obstructions from topology
19J35,19,19Jxx,Obstructions to group actions (K-theoretic aspects),"K-theory [See also 16E20, 18F25]",Obstructions from topology
19J99,19,19Jxx,"None of the above, but in this section","K-theory [See also 16E20, 18F25]",Obstructions from topology
19K14,19,19Kxx,"K0 as an ordered group, traces","K-theory [See also 16E20, 18F25]","K-theory and operator algebras [See mainly 46L80, and also 46M20]"
19K33,19,19Kxx,Ext and K-homology [See also 55N22],"K-theory [See also 16E20, 18F25]","K-theory and operator algebras [See mainly 46L80, and also 46M20]"
19K35,19,19Kxx,Kasparov theory (KK-theory) [See also 58J22],"K-theory [See also 16E20, 18F25]","K-theory and operator algebras [See mainly 46L80, and also 46M20]"
19K56,19,19Kxx,"Index theory [See also 58J20, 58J22]","K-theory [See also 16E20, 18F25]","K-theory and operator algebras [See mainly 46L80, and also 46M20]"
19K99,19,19Kxx,"None of the above, but in this section","K-theory [See also 16E20, 18F25]","K-theory and operator algebras [See mainly 46L80, and also 46M20]"
19L10,19,19Lxx,"Riemann-Roch theorems, Chern characters","K-theory [See also 16E20, 18F25]","Topological K-theory [See also 55N15, 55R50, 55S25]"
19L20,19,19Lxx,"J-homomorphism, Adams operations [See also 55Q50]","K-theory [See also 16E20, 18F25]","Topological K-theory [See also 55N15, 55R50, 55S25]"
19L41,19,19Lxx,"Connective K-theory, cobordism [See also 55N22]","K-theory [See also 16E20, 18F25]","Topological K-theory [See also 55N15, 55R50, 55S25]"
19L47,19,19Lxx,"Equivariant K-theory [See also 55N91, 55P91, 55Q91, 55R91, 55S91]","K-theory [See also 16E20, 18F25]","Topological K-theory [See also 55N15, 55R50, 55S25]"
19L50,19,19Lxx,Twisted K-theory; differential K-theory,"K-theory [See also 16E20, 18F25]","Topological K-theory [See also 55N15, 55R50, 55S25]"
19L64,19,19Lxx,Geometric applications of topological K-theory,"K-theory [See also 16E20, 18F25]","Topological K-theory [See also 55N15, 55R50, 55S25]"
19L99,19,19Lxx,"None of the above, but in this section","K-theory [See also 16E20, 18F25]","Topological K-theory [See also 55N15, 55R50, 55S25]"
19M05,19,19Mxx,Miscellaneous applications of K-theory,"K-theory [See also 16E20, 18F25]",Miscellaneous applications of K-theory
19M99,19,19Mxx,"None of the above, but in this section","K-theory [See also 16E20, 18F25]",Miscellaneous applications of K-theory
20A05,20,20Axx,Axiomatics and elementary properties of groups,Group theory and generalizations,Foundations
20A10,20,20Axx,"Metamathematical considerations in group theory {For word problems, see 20F10}",Group theory and generalizations,Foundations
20A15,20,20Axx,Applications of logic to group theory,Group theory and generalizations,Foundations
20A99,20,20Axx,"None of the above, but in this section",Group theory and generalizations,Foundations
20B05,20,20Bxx,General theory for finite permutation groups,Group theory and generalizations,Permutation groups
20B07,20,20Bxx,General theory for infinite permutation groups,Group theory and generalizations,Permutation groups
20B10,20,20Bxx,Characterization theorems for permutation groups,Group theory and generalizations,Permutation groups
20B15,20,20Bxx,Primitive groups,Group theory and generalizations,Permutation groups
20B20,20,20Bxx,Multiply transitive finite groups,Group theory and generalizations,Permutation groups
20B22,20,20Bxx,Multiply transitive infinite groups,Group theory and generalizations,Permutation groups
20B25,20,20Bxx,"Finite automorphism groups of algebraic, geometric, or combinatorial structures [See also 05Bxx, 12F10,",Group theory and generalizations,Permutation groups
20B27,20,20Bxx,Infinite automorphism groups [See also 12F10],Group theory and generalizations,Permutation groups
20B30,20,20Bxx,Symmetric groups,Group theory and generalizations,Permutation groups
20B35,20,20Bxx,Subgroups of symmetric groups,Group theory and generalizations,Permutation groups
20B99,20,20Bxx,"None of the above, but in this section",Group theory and generalizations,Permutation groups
20C05,20,20Cxx,Group rings of finite groups and their modules (group-theoretic aspects) [See also 16S34],Group theory and generalizations,"Representation theory of groups {For representation rings and Burnside rings,"
20C07,20,20Cxx,Group rings of infinite groups and their modules (group-theoretic aspects) [See also 16S34],Group theory and generalizations,"Representation theory of groups {For representation rings and Burnside rings,"
20C08,20,20Cxx,Hecke algebras and their representations,Group theory and generalizations,"Representation theory of groups {For representation rings and Burnside rings,"
20C10,20,20Cxx,Integral representations of finite groups,Group theory and generalizations,"Representation theory of groups {For representation rings and Burnside rings,"
20C11,20,20Cxx,p-adic representations of finite groups,Group theory and generalizations,"Representation theory of groups {For representation rings and Burnside rings,"
20C12,20,20Cxx,Integral representations of infinite groups,Group theory and generalizations,"Representation theory of groups {For representation rings and Burnside rings,"
20C15,20,20Cxx,Ordinary representations and characters,Group theory and generalizations,"Representation theory of groups {For representation rings and Burnside rings,"
20C20,20,20Cxx,Modular representations and characters,Group theory and generalizations,"Representation theory of groups {For representation rings and Burnside rings,"
20C25,20,20Cxx,Projective representations and multipliers,Group theory and generalizations,"Representation theory of groups {For representation rings and Burnside rings,"
20C30,20,20Cxx,Representations of finite symmetric groups,Group theory and generalizations,"Representation theory of groups {For representation rings and Burnside rings,"
20C32,20,20Cxx,Representations of infinite symmetric groups,Group theory and generalizations,"Representation theory of groups {For representation rings and Burnside rings,"
20C33,20,20Cxx,Representations of finite groups of Lie type,Group theory and generalizations,"Representation theory of groups {For representation rings and Burnside rings,"
20C34,20,20Cxx,Representations of sporadic groups,Group theory and generalizations,"Representation theory of groups {For representation rings and Burnside rings,"
20C35,20,20Cxx,Applications of group representations to physics and other areas of science,Group theory and generalizations,"Representation theory of groups {For representation rings and Burnside rings,"
20C99,20,20Cxx,"None of the above, but in this section",Group theory and generalizations,"Representation theory of groups {For representation rings and Burnside rings,"
20D05,20,20Dxx,Finite simple groups and their classification,Group theory and generalizations,Abstract finite groups
20D06,20,20Dxx,Simple groups: alternating groups and groups of Lie type [See also 20Gxx],Group theory and generalizations,Abstract finite groups
20D08,20,20Dxx,Simple groups: sporadic groups,Group theory and generalizations,Abstract finite groups
20D10,20,20Dxx,"Finite solvable groups, theory of formations, Schunck classes, Fitting classes, π-length, ranks [See also 20F17]",Group theory and generalizations,Abstract finite groups
20D15,20,20Dxx,"Finite nilpotent groups, p-groups",Group theory and generalizations,Abstract finite groups
20D20,20,20Dxx,"Sylow subgroups, Sylow properties, π-groups, π-structure",Group theory and generalizations,Abstract finite groups
20D25,20,20Dxx,"Special subgroups (Frattini, Fitting, etc.)",Group theory and generalizations,Abstract finite groups
20D30,20,20Dxx,Series and lattices of subgroups,Group theory and generalizations,Abstract finite groups
20D35,20,20Dxx,Subnormal subgroups of abstract finite groups,Group theory and generalizations,Abstract finite groups
20D40,20,20Dxx,Products of subgroups of abstract finite groups,Group theory and generalizations,Abstract finite groups
20D45,20,20Dxx,Automorphisms of abstract finite groups,Group theory and generalizations,Abstract finite groups
20D60,20,20Dxx,Arithmetic and combinatorial problems involving abstract finite groups,Group theory and generalizations,Abstract finite groups
20D99,20,20Dxx,"None of the above, but in this section",Group theory and generalizations,Abstract finite groups
20E05,20,20Exx,Free nonabelian groups,Group theory and generalizations,Structure and classification of infinite or finite groups
20E06,20,20Exx,"Free products of groups, free products with amalgamation, Higman-Neumann-Neumann extensions, and",Group theory and generalizations,Structure and classification of infinite or finite groups
20E07,20,20Exx,Subgroup theorems; subgroup growth,Group theory and generalizations,Structure and classification of infinite or finite groups
20E08,20,20Exx,Groups acting on trees [See also 20F65],Group theory and generalizations,Structure and classification of infinite or finite groups
20E10,20,20Exx,Quasivarieties and varieties of groups,Group theory and generalizations,Structure and classification of infinite or finite groups
20E15,20,20Exx,"Chains and lattices of subgroups, subnormal subgroups [See also 20F22]",Group theory and generalizations,Structure and classification of infinite or finite groups
20E18,20,20Exx,"Limits, profinite groups",Group theory and generalizations,Structure and classification of infinite or finite groups
20E22,20,20Exx,"Extensions, wreath products, and other compositions of groups [See also 20J05]",Group theory and generalizations,Structure and classification of infinite or finite groups
20E25,20,20Exx,Local properties of groups,Group theory and generalizations,Structure and classification of infinite or finite groups
20E26,20,20Exx,Residual properties and generalizations; residually finite groups,Group theory and generalizations,Structure and classification of infinite or finite groups
20E28,20,20Exx,Maximal subgroups,Group theory and generalizations,Structure and classification of infinite or finite groups
20E32,20,20Exx,Simple groups [See also 20D05],Group theory and generalizations,Structure and classification of infinite or finite groups
20E34,20,20Exx,General structure theorems for groups,Group theory and generalizations,Structure and classification of infinite or finite groups
20E36,20,20Exx,"Automorphisms of infinite groups {For automorphisms of finite groups, see 20D45}",Group theory and generalizations,Structure and classification of infinite or finite groups
20E42,20,20Exx,Groups with a BN -pair; buildings [See also 51E24],Group theory and generalizations,Structure and classification of infinite or finite groups
20E45,20,20Exx,Conjugacy classes for groups,Group theory and generalizations,Structure and classification of infinite or finite groups
20E99,20,20Exx,"None of the above, but in this section",Group theory and generalizations,Structure and classification of infinite or finite groups
20F05,20,20Fxx,"Generators, relations, and presentations of groups",Group theory and generalizations,Special aspects of infinite or finite groups
20F06,20,20Fxx,Cancellation theory of groups; application of van Kampen diagrams [See also 57M05],Group theory and generalizations,Special aspects of infinite or finite groups
20F10,20,20Fxx,"Word problems, other decision problems, connections with logic and automata (group-theoretic aspects) [See",Group theory and generalizations,Special aspects of infinite or finite groups
20F11,20,20Fxx,"Groups of finite Morley rank [See also 03C45, 03C60]",Group theory and generalizations,Special aspects of infinite or finite groups
20F12,20,20Fxx,Commutator calculus,Group theory and generalizations,Special aspects of infinite or finite groups
20F14,20,20Fxx,"Derived series, central series, and generalizations for groups",Group theory and generalizations,Special aspects of infinite or finite groups
20F16,20,20Fxx,"Solvable groups, supersolvable groups [See also 20D10]",Group theory and generalizations,Special aspects of infinite or finite groups
20F17,20,20Fxx,"Formations of groups, Fitting classes [See also 20D10]",Group theory and generalizations,Special aspects of infinite or finite groups
20F18,20,20Fxx,Nilpotent groups [See also 20D15],Group theory and generalizations,Special aspects of infinite or finite groups
20F19,20,20Fxx,Generalizations of solvable and nilpotent groups,Group theory and generalizations,Special aspects of infinite or finite groups
20F22,20,20Fxx,Other classes of groups defined by subgroup chains,Group theory and generalizations,Special aspects of infinite or finite groups
20F24,20,20Fxx,FC-groups and their generalizations,Group theory and generalizations,Special aspects of infinite or finite groups
20F28,20,20Fxx,Automorphism groups of groups [See also 20E36],Group theory and generalizations,Special aspects of infinite or finite groups
20F29,20,20Fxx,Representations of groups as automorphism groups of algebraic systems,Group theory and generalizations,Special aspects of infinite or finite groups
20F34,20,20Fxx,"Fundamental groups and their automorphisms (group-theoretic aspects) [See also 57M05, 57Sxx]",Group theory and generalizations,Special aspects of infinite or finite groups
20F36,20,20Fxx,Braid groups; Artin groups,Group theory and generalizations,Special aspects of infinite or finite groups
20F38,20,20Fxx,Other groups related to topology or analysis,Group theory and generalizations,Special aspects of infinite or finite groups
20F40,20,20Fxx,Associated Lie structures for groups,Group theory and generalizations,Special aspects of infinite or finite groups
20F45,20,20Fxx,Engel conditions,Group theory and generalizations,Special aspects of infinite or finite groups
20F50,20,20Fxx,Periodic groups; locally finite groups,Group theory and generalizations,Special aspects of infinite or finite groups
20F55,20,20Fxx,"Reflection and Coxeter groups (group-theoretic aspects) [See also 22E40, 51F15]",Group theory and generalizations,Special aspects of infinite or finite groups
20F60,20,20Fxx,Ordered groups (group-theoretic aspects) [See mainly 06F15],Group theory and generalizations,Special aspects of infinite or finite groups
20F65,20,20Fxx,"Geometric group theory [See also 05C25, 20E08, 57Mxx]",Group theory and generalizations,Special aspects of infinite or finite groups
20F67,20,20Fxx,Hyperbolic groups and nonpositively curved groups,Group theory and generalizations,Special aspects of infinite or finite groups
20F69,20,20Fxx,Asymptotic properties of groups,Group theory and generalizations,Special aspects of infinite or finite groups
20F70,20,20Fxx,Algebraic geometry over groups; equations over groups,Group theory and generalizations,Special aspects of infinite or finite groups
20F99,20,20Fxx,"None of the above, but in this section",Group theory and generalizations,Special aspects of infinite or finite groups
20G05,20,20Gxx,Representation theory for linear algebraic groups,Group theory and generalizations,"Linear algebraic groups and related topics {For arithmetic theory, see 11E57,"
20G07,20,20Gxx,Structure theory for linear algebraic groups,Group theory and generalizations,"Linear algebraic groups and related topics {For arithmetic theory, see 11E57,"
20G10,20,20Gxx,Cohomology theory for linear algebraic groups,Group theory and generalizations,"Linear algebraic groups and related topics {For arithmetic theory, see 11E57,"
20G15,20,20Gxx,Linear algebraic groups over arbitrary fields,Group theory and generalizations,"Linear algebraic groups and related topics {For arithmetic theory, see 11E57,"
20G20,20,20Gxx,"Linear algebraic groups over the reals, the complexes, the quaternions",Group theory and generalizations,"Linear algebraic groups and related topics {For arithmetic theory, see 11E57,"
20G25,20,20Gxx,Linear algebraic groups over local fields and their integers,Group theory and generalizations,"Linear algebraic groups and related topics {For arithmetic theory, see 11E57,"
20G30,20,20Gxx,Linear algebraic groups over global fields and their integers,Group theory and generalizations,"Linear algebraic groups and related topics {For arithmetic theory, see 11E57,"
20G35,20,20Gxx,Linear algebraic groups over adèles and other rings and schemes,Group theory and generalizations,"Linear algebraic groups and related topics {For arithmetic theory, see 11E57,"
20G40,20,20Gxx,Linear algebraic groups over finite fields,Group theory and generalizations,"Linear algebraic groups and related topics {For arithmetic theory, see 11E57,"
20G41,20,20Gxx,Exceptional groups,Group theory and generalizations,"Linear algebraic groups and related topics {For arithmetic theory, see 11E57,"
20G42,20,20Gxx,"Quantum groups (quantized function algebras) and their representations [See also 16T20, 17B37, 81R50]",Group theory and generalizations,"Linear algebraic groups and related topics {For arithmetic theory, see 11E57,"
20G43,20,20Gxx,Schur and q-Schur algebras,Group theory and generalizations,"Linear algebraic groups and related topics {For arithmetic theory, see 11E57,"
20G44,20,20Gxx,Kac-Moody groups,Group theory and generalizations,"Linear algebraic groups and related topics {For arithmetic theory, see 11E57,"
20G45,20,20Gxx,Applications of linear algebraic groups to the sciences,Group theory and generalizations,"Linear algebraic groups and related topics {For arithmetic theory, see 11E57,"
20G99,20,20Gxx,"None of the above, but in this section",Group theory and generalizations,"Linear algebraic groups and related topics {For arithmetic theory, see 11E57,"
20H05,20,20Hxx,"Unimodular groups, congruence subgroups (group-theoretic aspects) [See also 11F06, 19B37, 22E40, 51F20]",Group theory and generalizations,Other groups of matrices [See also 15A30]
20H10,20,20Hxx,"Fuchsian groups and their generalizations (group-theoretic aspects) [See also 11F06, 22E40, 30F35, 32Nxx]",Group theory and generalizations,Other groups of matrices [See also 15A30]
20H15,20,20Hxx,"Other geometric groups, including crystallographic groups [See also 51-XX, especially 51F15, and 82D25]",Group theory and generalizations,Other groups of matrices [See also 15A30]
20H20,20,20Hxx,Other matrix groups over fields,Group theory and generalizations,Other groups of matrices [See also 15A30]
20H25,20,20Hxx,Other matrix groups over rings,Group theory and generalizations,Other groups of matrices [See also 15A30]
20H30,20,20Hxx,Other matrix groups over finite fields,Group theory and generalizations,Other groups of matrices [See also 15A30]
20H99,20,20Hxx,"None of the above, but in this section",Group theory and generalizations,Other groups of matrices [See also 15A30]
20J05,20,20Jxx,Homological methods in group theory,Group theory and generalizations,Connections of group theory with homological algebra and category theory
20J06,20,20Jxx,Cohomology of groups,Group theory and generalizations,Connections of group theory with homological algebra and category theory
20J15,20,20Jxx,Category of groups,Group theory and generalizations,Connections of group theory with homological algebra and category theory
20J99,20,20Jxx,"None of the above, but in this section",Group theory and generalizations,Connections of group theory with homological algebra and category theory
20K01,20,20Kxx,"Finite abelian groups {For sumsets, see 11B13, 11P70}",Group theory and generalizations,Abelian groups
20K10,20,20Kxx,"Torsion groups, primary groups and generalized primary groups",Group theory and generalizations,Abelian groups
20K15,20,20Kxx,"Torsion-free groups, finite rank",Group theory and generalizations,Abelian groups
20K20,20,20Kxx,"Torsion-free groups, infinite rank",Group theory and generalizations,Abelian groups
20K21,20,20Kxx,Mixed groups,Group theory and generalizations,Abelian groups
20K25,20,20Kxx,"Direct sums, direct products, etc. for abelian groups",Group theory and generalizations,Abelian groups
20K27,20,20Kxx,Subgroups of abelian groups,Group theory and generalizations,Abelian groups
20K30,20,20Kxx,"Automorphisms, homomorphisms, endomorphisms, etc. for abelian groups",Group theory and generalizations,Abelian groups
20K35,20,20Kxx,Extensions of abelian groups,Group theory and generalizations,Abelian groups
20K40,20,20Kxx,Homological and categorical methods for abelian groups,Group theory and generalizations,Abelian groups
20K45,20,20Kxx,"Topological methods for abelian groups [See also 22A05, 22B05]",Group theory and generalizations,Abelian groups
20K99,20,20Kxx,"None of the above, but in this section",Group theory and generalizations,Abelian groups
20L05,20,20Lxx,Groupoids (i.e. small categories in which all morphisms are isomorphisms) {For sets with a single binary,Group theory and generalizations,Groupoids (i.e. small categories in which all morphisms are isomorphisms) {For
20L99,20,20Lxx,"None of the above, but in this section",Group theory and generalizations,Groupoids (i.e. small categories in which all morphisms are isomorphisms) {For
20M05,20,20Mxx,"Free semigroups, generators and relations, word problems [See also 03D40, 08A50, 20F10]",Group theory and generalizations,Semigroups
20M07,20,20Mxx,Varieties and pseudovarieties of semigroups,Group theory and generalizations,Semigroups
20M10,20,20Mxx,General structure theory for semigroups,Group theory and generalizations,Semigroups
20M11,20,20Mxx,Radical theory for semigroups,Group theory and generalizations,Semigroups
20M12,20,20Mxx,Ideal theory for semigroups,Group theory and generalizations,Semigroups
20M13,20,20Mxx,Arithmetic theory of semigroups,Group theory and generalizations,Semigroups
20M14,20,20Mxx,Commutative semigroups,Group theory and generalizations,Semigroups
20M15,20,20Mxx,Mappings of semigroups,Group theory and generalizations,Semigroups
20M17,20,20Mxx,Regular semigroups,Group theory and generalizations,Semigroups
20M18,20,20Mxx,Inverse semigroups,Group theory and generalizations,Semigroups
20M19,20,20Mxx,Orthodox semigroups,Group theory and generalizations,Semigroups
20M20,20,20Mxx,"Semigroups of transformations, relations, partitions, etc. [See also 47D03, 47H20, 54H15]",Group theory and generalizations,Semigroups
20M25,20,20Mxx,"Semigroup rings, multiplicative semigroups of rings [See also 16S36, 16Y60]",Group theory and generalizations,Semigroups
20M30,20,20Mxx,Representation of semigroups; actions of semigroups on sets,Group theory and generalizations,Semigroups
20M32,20,20Mxx,Algebraic monoids,Group theory and generalizations,Semigroups
20M35,20,20Mxx,"Semigroups in automata theory, linguistics, etc. [See also 03D05, 68Q70, 68T50]",Group theory and generalizations,Semigroups
20M50,20,20Mxx,Connections of semigroups with homological algebra and category theory,Group theory and generalizations,Semigroups
20M75,20,20Mxx,Generalizations of semigroups,Group theory and generalizations,Semigroups
20M99,20,20Mxx,"None of the above, but in this section",Group theory and generalizations,Semigroups
20N02,20,20Nxx,"Sets with a single binary operation (groupoids) {For groupoids in connection with category theory, see",Group theory and generalizations,Other generalizations of groups
20N05,20,20Nxx,"Loops, quasigroups [See also 05Bxx]",Group theory and generalizations,Other generalizations of groups
20N10,20,20Nxx,"Ternary systems (heaps, semiheaps, heapoids, etc.)",Group theory and generalizations,Other generalizations of groups
20N15,20,20Nxx,n-ary systems (n ≥ 3),Group theory and generalizations,Other generalizations of groups
20N20,20,20Nxx,Hypergroups,Group theory and generalizations,Other generalizations of groups
20N25,20,20Nxx,Fuzzy groups [See also 03E72],Group theory and generalizations,Other generalizations of groups
20N99,20,20Nxx,"None of the above, but in this section",Group theory and generalizations,Other generalizations of groups
20P05,20,20Pxx,Probabilistic methods in group theory [See also 60Bxx],Group theory and generalizations,Probabilistic methods in group theory [See also 60Bxx]
20P99,20,20Pxx,"None of the above, but in this section",Group theory and generalizations,Probabilistic methods in group theory [See also 60Bxx]
22A05,22,22Axx,Structure of general topological groups,"Topological groups, Lie groups {For transformation groups, see",Topological and differentiable algebraic systems {For topological rings and
22A10,22,22Axx,Analysis on general topological groups,"Topological groups, Lie groups {For transformation groups, see",Topological and differentiable algebraic systems {For topological rings and
22A15,22,22Axx,Structure of topological semigroups,"Topological groups, Lie groups {For transformation groups, see",Topological and differentiable algebraic systems {For topological rings and
22A20,22,22Axx,Analysis on topological semigroups,"Topological groups, Lie groups {For transformation groups, see",Topological and differentiable algebraic systems {For topological rings and
22A22,22,22Axx,Topological groupoids (including differentiable and Lie groupoids) [See also 58H05],"Topological groups, Lie groups {For transformation groups, see",Topological and differentiable algebraic systems {For topological rings and
22A25,22,22Axx,Representations of general topological groups and semigroups,"Topological groups, Lie groups {For transformation groups, see",Topological and differentiable algebraic systems {For topological rings and
22A26,22,22Axx,"Topological semilattices, lattices and applications [See also 06B30, 06B35, 06F30]","Topological groups, Lie groups {For transformation groups, see",Topological and differentiable algebraic systems {For topological rings and
22A30,22,22Axx,Other topological algebraic systems and their representations,"Topological groups, Lie groups {For transformation groups, see",Topological and differentiable algebraic systems {For topological rings and
22A99,22,22Axx,"None of the above, but in this section","Topological groups, Lie groups {For transformation groups, see",Topological and differentiable algebraic systems {For topological rings and
22B05,22,22Bxx,General properties and structure of LCA groups,"Topological groups, Lie groups {For transformation groups, see",Locally compact abelian groups (LCA groups)
22B10,22,22Bxx,Structure of group algebras of LCA groups,"Topological groups, Lie groups {For transformation groups, see",Locally compact abelian groups (LCA groups)
22B99,22,22Bxx,"None of the above, but in this section","Topological groups, Lie groups {For transformation groups, see",Locally compact abelian groups (LCA groups)
22C05,22,22Cxx,Compact groups,"Topological groups, Lie groups {For transformation groups, see",Compact groups
22C99,22,22Cxx,"None of the above, but in this section","Topological groups, Lie groups {For transformation groups, see",Compact groups
22D05,22,22Dxx,General properties and structure of locally compact groups,"Topological groups, Lie groups {For transformation groups, see",Locally compact groups and their algebras
22D10,22,22Dxx,Unitary representations of locally compact groups,"Topological groups, Lie groups {For transformation groups, see",Locally compact groups and their algebras
22D12,22,22Dxx,Other representations of locally compact groups,"Topological groups, Lie groups {For transformation groups, see",Locally compact groups and their algebras
22D15,22,22Dxx,Group algebras of locally compact groups,"Topological groups, Lie groups {For transformation groups, see",Locally compact groups and their algebras
22D20,22,22Dxx,Representations of group algebras,"Topological groups, Lie groups {For transformation groups, see",Locally compact groups and their algebras
22D25,22,22Dxx,C ∗ -algebras and W ∗ -algebras in relation to group representations [See also 46Lxx],"Topological groups, Lie groups {For transformation groups, see",Locally compact groups and their algebras
22D30,22,22Dxx,Induced representations for locally compact groups,"Topological groups, Lie groups {For transformation groups, see",Locally compact groups and their algebras
22D35,22,22Dxx,Duality theorems for locally compact groups,"Topological groups, Lie groups {For transformation groups, see",Locally compact groups and their algebras
22D40,22,22Dxx,Ergodic theory on groups [See also 28Dxx],"Topological groups, Lie groups {For transformation groups, see",Locally compact groups and their algebras
22D45,22,22Dxx,Automorphism groups of locally compact groups,"Topological groups, Lie groups {For transformation groups, see",Locally compact groups and their algebras
22D50,22,22Dxx,Rigidity in locally compact groups,"Topological groups, Lie groups {For transformation groups, see",Locally compact groups and their algebras
22D55,22,22Dxx,"Kazhdan’s property (T), the Haagerup property, and generalizations","Topological groups, Lie groups {For transformation groups, see",Locally compact groups and their algebras
22D99,22,22Dxx,"None of the above, but in this section","Topological groups, Lie groups {For transformation groups, see",Locally compact groups and their algebras
22E05,22,22Exx,"Local Lie groups [See also 34-XX, 35-XX, 58H05]","Topological groups, Lie groups {For transformation groups, see","Lie groups {For the topology of Lie groups and homogeneous spaces, see 57Sxx,"
22E10,22,22Exx,General properties and structure of complex Lie groups [See also 32M05],"Topological groups, Lie groups {For transformation groups, see","Lie groups {For the topology of Lie groups and homogeneous spaces, see 57Sxx,"
22E15,22,22Exx,General properties and structure of real Lie groups,"Topological groups, Lie groups {For transformation groups, see","Lie groups {For the topology of Lie groups and homogeneous spaces, see 57Sxx,"
22E20,22,22Exx,General properties and structure of other Lie groups,"Topological groups, Lie groups {For transformation groups, see","Lie groups {For the topology of Lie groups and homogeneous spaces, see 57Sxx,"
22E25,22,22Exx,Nilpotent and solvable Lie groups,"Topological groups, Lie groups {For transformation groups, see","Lie groups {For the topology of Lie groups and homogeneous spaces, see 57Sxx,"
22E27,22,22Exx,"Representations of nilpotent and solvable Lie groups (special orbital integrals, non-type I representations,","Topological groups, Lie groups {For transformation groups, see","Lie groups {For the topology of Lie groups and homogeneous spaces, see 57Sxx,"
22E30,22,22Exx,"Analysis on real and complex Lie groups [See also 33C80, 43-XX]","Topological groups, Lie groups {For transformation groups, see","Lie groups {For the topology of Lie groups and homogeneous spaces, see 57Sxx,"
22E35,22,22Exx,Analysis on p-adic Lie groups,"Topological groups, Lie groups {For transformation groups, see","Lie groups {For the topology of Lie groups and homogeneous spaces, see 57Sxx,"
22E40,22,22Exx,"Discrete subgroups of Lie groups [See also 20Hxx, 32Nxx]","Topological groups, Lie groups {For transformation groups, see","Lie groups {For the topology of Lie groups and homogeneous spaces, see 57Sxx,"
22E41,22,22Exx,"Continuous cohomology of Lie groups [See also 57R32, 57Txx, 58H10]","Topological groups, Lie groups {For transformation groups, see","Lie groups {For the topology of Lie groups and homogeneous spaces, see 57Sxx,"
22E43,22,22Exx,Structure and representation of the Lorentz group,"Topological groups, Lie groups {For transformation groups, see","Lie groups {For the topology of Lie groups and homogeneous spaces, see 57Sxx,"
22E45,22,22Exx,Representations of Lie and linear algebraic groups over real fields: analytic methods {For the purely algebraic,"Topological groups, Lie groups {For transformation groups, see","Lie groups {For the topology of Lie groups and homogeneous spaces, see 57Sxx,"
22E46,22,22Exx,Semisimple Lie groups and their representations,"Topological groups, Lie groups {For transformation groups, see","Lie groups {For the topology of Lie groups and homogeneous spaces, see 57Sxx,"
22E47,22,22Exx,"Representations of Lie and real algebraic groups: algebraic methods (Verma modules, etc.) [See also 17B10]","Topological groups, Lie groups {For transformation groups, see","Lie groups {For the topology of Lie groups and homogeneous spaces, see 57Sxx,"
22E50,22,22Exx,"Representations of Lie and linear algebraic groups over local fields [See also 11F70, 20G05]","Topological groups, Lie groups {For transformation groups, see","Lie groups {For the topology of Lie groups and homogeneous spaces, see 57Sxx,"
22E55,22,22Exx,"Representations of Lie and linear algebraic groups over global fields and adèle rings [See also 11F70, 20G05]","Topological groups, Lie groups {For transformation groups, see","Lie groups {For the topology of Lie groups and homogeneous spaces, see 57Sxx,"
22E57,22,22Exx,Geometric Langlands program: representation-theoretic aspects [See also 14D24],"Topological groups, Lie groups {For transformation groups, see","Lie groups {For the topology of Lie groups and homogeneous spaces, see 57Sxx,"
22E60,22,22Exx,"Lie algebras of Lie groups {For the algebraic theory of Lie algebras, see 17Bxx}","Topological groups, Lie groups {For transformation groups, see","Lie groups {For the topology of Lie groups and homogeneous spaces, see 57Sxx,"
22E65,22,22Exx,"Infinite-dimensional Lie groups and their Lie algebras: general properties [See also 17B65, 58B25, 58D05","Topological groups, Lie groups {For transformation groups, see","Lie groups {For the topology of Lie groups and homogeneous spaces, see 57Sxx,"
22E66,22,22Exx,Analysis on and representations of infinite-dimensional Lie groups,"Topological groups, Lie groups {For transformation groups, see","Lie groups {For the topology of Lie groups and homogeneous spaces, see 57Sxx,"
22E67,22,22Exx,"Loop groups and related constructions, group-theoretic treatment [See also 58D05]","Topological groups, Lie groups {For transformation groups, see","Lie groups {For the topology of Lie groups and homogeneous spaces, see 57Sxx,"
22E70,22,22Exx,"Applications of Lie groups to the sciences; explicit representations [See also 81R05, 81R10]","Topological groups, Lie groups {For transformation groups, see","Lie groups {For the topology of Lie groups and homogeneous spaces, see 57Sxx,"
22E99,22,22Exx,"None of the above, but in this section","Topological groups, Lie groups {For transformation groups, see","Lie groups {For the topology of Lie groups and homogeneous spaces, see 57Sxx,"
22F05,22,22Fxx,"General theory of group and pseudogroup actions {For topological properties of spaces with an action, see","Topological groups, Lie groups {For transformation groups, see",Noncompact transformation groups
22F10,22,22Fxx,"Measurable group actions [See also 22D40, 28Dxx, 37Axx]","Topological groups, Lie groups {For transformation groups, see",Noncompact transformation groups
22F30,22,22Fxx,"Homogeneous spaces {For general actions on manifolds or preserving geometrical structures, see 57M60,","Topological groups, Lie groups {For transformation groups, see",Noncompact transformation groups
22F50,22,22Fxx,Groups as automorphisms of other structures,"Topological groups, Lie groups {For transformation groups, see",Noncompact transformation groups
22F99,22,22Fxx,"None of the above, but in this section","Topological groups, Lie groups {For transformation groups, see",Noncompact transformation groups
26A03,26,26Axx,"Foundations: limits and generalizations, elementary topology of the line",Real functions [See also 54C30],Functions of one variable
26A06,26,26Axx,One-variable calculus,Real functions [See also 54C30],Functions of one variable
26A09,26,26Axx,Elementary functions,Real functions [See also 54C30],Functions of one variable
26A12,26,26Axx,"Rate of growth of functions, orders of infinity, slowly varying functions [See also 26A48]",Real functions [See also 54C30],Functions of one variable
26A15,26,26Axx,"Continuity and related questions (modulus of continuity, semicontinuity, discontinuities, etc.) for real functions in one variable {For properties determined by Fourier coefficients, see 42A16; for those determined by",Real functions [See also 54C30],Functions of one variable
26A16,26,26Axx,Lipschitz (Hölder) classes,Real functions [See also 54C30],Functions of one variable
26A18,26,26Axx,"Iteration of real functions in one variable [See also 37Bxx, 37Cxx, 37Exx, 39B12, 47H10, 54H25]",Real functions [See also 54C30],Functions of one variable
26A21,26,26Axx,"Classification of real functions; Baire classification of sets and functions [See also 03E15, 28A05, 54C50,",Real functions [See also 54C30],Functions of one variable
26A24,26,26Axx,"Differentiation (real functions of one variable): general theory, generalized derivatives, mean value theorems",Real functions [See also 54C30],Functions of one variable
26A27,26,26Axx,"Nondifferentiability (nondifferentiable functions, points of nondifferentiability), discontinuous derivatives",Real functions [See also 54C30],Functions of one variable
26A30,26,26Axx,"Singular functions, Cantor functions, functions with other special properties",Real functions [See also 54C30],Functions of one variable
26A33,26,26Axx,Fractional derivatives and integrals,Real functions [See also 54C30],Functions of one variable
26A36,26,26Axx,Antidifferentiation,Real functions [See also 54C30],Functions of one variable
26A39,26,26Axx,"Denjoy and Perron integrals, other special integrals",Real functions [See also 54C30],Functions of one variable
26A42,26,26Axx,"Integrals of Riemann, Stieltjes and Lebesgue type [See also 28-XX]",Real functions [See also 54C30],Functions of one variable
26A45,26,26Axx,"Functions of bounded variation, generalizations",Real functions [See also 54C30],Functions of one variable
26A46,26,26Axx,Absolutely continuous real functions in one variable,Real functions [See also 54C30],Functions of one variable
26A48,26,26Axx,"Monotonic functions, generalizations",Real functions [See also 54C30],Functions of one variable
26A51,26,26Axx,"Convexity of real functions in one variable, generalizations",Real functions [See also 54C30],Functions of one variable
26A99,26,26Axx,"None of the above, but in this section",Real functions [See also 54C30],Functions of one variable
26B05,26,26Bxx,Continuity and differentiation questions,Real functions [See also 54C30],Functions of several variables
26B10,26,26Bxx,"Implicit function theorems, Jacobians, transformations with several variables",Real functions [See also 54C30],Functions of several variables
26B12,26,26Bxx,Calculus of vector functions,Real functions [See also 54C30],Functions of several variables
26B15,26,26Bxx,"Integration of real functions of several variables: length, area, volume [See also 28A75, 51M25]",Real functions [See also 54C30],Functions of several variables
26B20,26,26Bxx,"Integral formulas of real functions of several variables (Stokes, Gauss, Green, etc.)",Real functions [See also 54C30],Functions of several variables
26B25,26,26Bxx,"Convexity of real functions of several variables, generalizations",Real functions [See also 54C30],Functions of several variables
26B30,26,26Bxx,"Absolutely continuous real functions of several variables, functions of bounded variation",Real functions [See also 54C30],Functions of several variables
26B35,26,26Bxx,"Special properties of functions of several variables, Hölder conditions, etc.",Real functions [See also 54C30],Functions of several variables
26B40,26,26Bxx,Representation and superposition of functions,Real functions [See also 54C30],Functions of several variables
26B99,26,26Bxx,"None of the above, but in this section",Real functions [See also 54C30],Functions of several variables
26C05,26,26Cxx,"Real polynomials: analytic properties, etc. [See also 12Dxx, 12Exx]",Real functions [See also 54C30],"Polynomials, rational functions in real analysis"
26C10,26,26Cxx,"Real polynomials: location of zeros {For algebraic theory, see 12D10; for complex methods, see 30C15; for",Real functions [See also 54C30],"Polynomials, rational functions in real analysis"
26C15,26,26Cxx,Real rational functions [See also 14Pxx],Real functions [See also 54C30],"Polynomials, rational functions in real analysis"
26C99,26,26Cxx,"None of the above, but in this section",Real functions [See also 54C30],"Polynomials, rational functions in real analysis"
26D05,26,26Dxx,Inequalities for trigonometric functions and polynomials,Real functions [See also 54C30],"Inequalities in real analysis {For maximal function inequalities, see 42B25; for"
26D07,26,26Dxx,Inequalities involving other types of functions,Real functions [See also 54C30],"Inequalities in real analysis {For maximal function inequalities, see 42B25; for"
26D10,26,26Dxx,Inequalities involving derivatives and differential and integral operators,Real functions [See also 54C30],"Inequalities in real analysis {For maximal function inequalities, see 42B25; for"
26D15,26,26Dxx,"Inequalities for sums, series and integrals",Real functions [See also 54C30],"Inequalities in real analysis {For maximal function inequalities, see 42B25; for"
26D20,26,26Dxx,Other analytical inequalities,Real functions [See also 54C30],"Inequalities in real analysis {For maximal function inequalities, see 42B25; for"
26D99,26,26Dxx,"None of the above, but in this section",Real functions [See also 54C30],"Inequalities in real analysis {For maximal function inequalities, see 42B25; for"
26E05,26,26Exx,"Real-analytic functions [See also 32B05, 32C05]",Real functions [See also 54C30],Miscellaneous topics in real functions [See also 58Cxx]
26E10,26,26Exx,"C ∞ -functions, quasi-analytic functions [See also 58C25]",Real functions [See also 54C30],Miscellaneous topics in real functions [See also 58Cxx]
26E15,26,26Exx,"Calculus of functions on infinite-dimensional spaces [See also 46G05, 58Cxx]",Real functions [See also 54C30],Miscellaneous topics in real functions [See also 58Cxx]
26E20,26,26Exx,"Calculus of functions taking values in infinite-dimensional spaces [See also 46E40, 46G10, 58Cxx]",Real functions [See also 54C30],Miscellaneous topics in real functions [See also 58Cxx]
26E25,26,26Exx,"Set-valued functions [See also 28B20, 49J53, 54C60] {For nonsmooth analysis, see 49J52, 58Cxx, 90Cxx}",Real functions [See also 54C30],Miscellaneous topics in real functions [See also 58Cxx]
26E30,26,26Exx,Non-Archimedean analysis [See also 12J25],Real functions [See also 54C30],Miscellaneous topics in real functions [See also 58Cxx]
26E35,26,26Exx,"Nonstandard analysis [See also 03H05, 28E05, 54J05]",Real functions [See also 54C30],Miscellaneous topics in real functions [See also 58Cxx]
26E40,26,26Exx,Constructive real analysis [See also 03F60],Real functions [See also 54C30],Miscellaneous topics in real functions [See also 58Cxx]
26E50,26,26Exx,"Fuzzy real analysis [See also 03E72, 28E10]",Real functions [See also 54C30],Miscellaneous topics in real functions [See also 58Cxx]
26E60,26,26Exx,Means [See also 47A64],Real functions [See also 54C30],Miscellaneous topics in real functions [See also 58Cxx]
26E70,26,26Exx,"Real analysis on time scales or measure chains {For dynamic equations on time scales or measure chains, see",Real functions [See also 54C30],Miscellaneous topics in real functions [See also 58Cxx]
26E99,26,26Exx,"None of the above, but in this section",Real functions [See also 54C30],Miscellaneous topics in real functions [See also 58Cxx]
28A05,28,28Axx,"Classes of sets (Borel fields, σ-rings, etc.), measurable sets, Suslin sets, analytic sets [See also 03E15, 26A21,","Measure and integration {For analysis on manifolds, see 58-XX}",Classical measure theory
28A10,28,28Axx,Real- or complex-valued set functions,"Measure and integration {For analysis on manifolds, see 58-XX}",Classical measure theory
28A12,28,28Axx,"Contents, measures, outer measures, capacities","Measure and integration {For analysis on manifolds, see 58-XX}",Classical measure theory
28A15,28,28Axx,"Abstract differentiation theory, differentiation of set functions [See also 26A24]","Measure and integration {For analysis on manifolds, see 58-XX}",Classical measure theory
28A20,28,28Axx,"Measurable and nonmeasurable functions, sequences of measurable functions, modes of convergence","Measure and integration {For analysis on manifolds, see 58-XX}",Classical measure theory
28A25,28,28Axx,Integration with respect to measures and other set functions,"Measure and integration {For analysis on manifolds, see 58-XX}",Classical measure theory
28A33,28,28Axx,"Spaces of measures, convergence of measures [See also 46E27, 60Bxx]","Measure and integration {For analysis on manifolds, see 58-XX}",Classical measure theory
28A35,28,28Axx,Measures and integrals in product spaces,"Measure and integration {For analysis on manifolds, see 58-XX}",Classical measure theory
28A50,28,28Axx,Integration and disintegration of measures,"Measure and integration {For analysis on manifolds, see 58-XX}",Classical measure theory
28A51,28,28Axx,Lifting theory [See also 46G15],"Measure and integration {For analysis on manifolds, see 58-XX}",Classical measure theory
28A60,28,28Axx,"Measures on Boolean rings, measure algebras [See also 54H10]","Measure and integration {For analysis on manifolds, see 58-XX}",Classical measure theory
28A75,28,28Axx,"Length, area, volume, other geometric measure theory [See also 26B15, 49Q15]","Measure and integration {For analysis on manifolds, see 58-XX}",Classical measure theory
28A78,28,28Axx,Hausdorff and packing measures,"Measure and integration {For analysis on manifolds, see 58-XX}",Classical measure theory
28A80,28,28Axx,Fractals [See also 37Fxx],"Measure and integration {For analysis on manifolds, see 58-XX}",Classical measure theory
28A99,28,28Axx,"None of the above, but in this section","Measure and integration {For analysis on manifolds, see 58-XX}",Classical measure theory
28B05,28,28Bxx,"Vector-valued set functions, measures and integrals [See also 46G10]","Measure and integration {For analysis on manifolds, see 58-XX}","Set functions, measures and integrals with values in abstract spaces"
28B10,28,28Bxx,"Group- or semigroup-valued set functions, measures and integrals","Measure and integration {For analysis on manifolds, see 58-XX}","Set functions, measures and integrals with values in abstract spaces"
28B15,28,28Bxx,"Set functions, measures and integrals with values in ordered spaces","Measure and integration {For analysis on manifolds, see 58-XX}","Set functions, measures and integrals with values in abstract spaces"
28B20,28,28Bxx,Set-valued set functions and measures; integration of set-valued functions; measurable selections [See also,"Measure and integration {For analysis on manifolds, see 58-XX}","Set functions, measures and integrals with values in abstract spaces"
28B99,28,28Bxx,"None of the above, but in this section","Measure and integration {For analysis on manifolds, see 58-XX}","Set functions, measures and integrals with values in abstract spaces"
28C05,28,28Cxx,"Integration theory via linear functionals (Radon measures, Daniell integrals, etc.), representing set functions","Measure and integration {For analysis on manifolds, see 58-XX}","Set functions and measures on spaces with additional structure [See also 46G12,"
28C10,28,28Cxx,"Set functions and measures on topological groups or semigroups, Haar measures, invariant measures [See","Measure and integration {For analysis on manifolds, see 58-XX}","Set functions and measures on spaces with additional structure [See also 46G12,"
28C15,28,28Cxx,"Set functions and measures on topological spaces (regularity of measures, etc.)","Measure and integration {For analysis on manifolds, see 58-XX}","Set functions and measures on spaces with additional structure [See also 46G12,"
28C20,28,28Cxx,"Set functions and measures and integrals in infinite-dimensional spaces (Wiener measure, Gaussian measure,","Measure and integration {For analysis on manifolds, see 58-XX}","Set functions and measures on spaces with additional structure [See also 46G12,"
28C99,28,28Cxx,"None of the above, but in this section","Measure and integration {For analysis on manifolds, see 58-XX}","Set functions and measures on spaces with additional structure [See also 46G12,"
28D05,28,28Dxx,"Measure-preserving transformations {For measure-preserving transformations and dynamical systems, see","Measure and integration {For analysis on manifolds, see 58-XX}","Measure-theoretic ergodic theory [See also 11K50, 11K55, 22D40, 37Axx,"
28D10,28,28Dxx,"One-parameter continuous families of measure-preserving transformations {For dynamical systems aspect,","Measure and integration {For analysis on manifolds, see 58-XX}","Measure-theoretic ergodic theory [See also 11K50, 11K55, 22D40, 37Axx,"
28D15,28,28Dxx,"General groups of measure-preserving transformations {For dynamical systems aspects, see 37A15}","Measure and integration {For analysis on manifolds, see 58-XX}","Measure-theoretic ergodic theory [See also 11K50, 11K55, 22D40, 37Axx,"
28D20,28,28Dxx,Entropy and other invariants,"Measure and integration {For analysis on manifolds, see 58-XX}","Measure-theoretic ergodic theory [See also 11K50, 11K55, 22D40, 37Axx,"
28D99,28,28Dxx,"None of the above, but in this section","Measure and integration {For analysis on manifolds, see 58-XX}","Measure-theoretic ergodic theory [See also 11K50, 11K55, 22D40, 37Axx,"
28E05,28,28Exx,"Nonstandard measure theory [See also 03H05, 26E35]","Measure and integration {For analysis on manifolds, see 58-XX}",Miscellaneous topics in measure theory
28E10,28,28Exx,"Fuzzy measure theory [See also 03E72, 26E50, 94D05]","Measure and integration {For analysis on manifolds, see 58-XX}",Miscellaneous topics in measure theory
28E15,28,28Exx,Other connections with logic and set theory,"Measure and integration {For analysis on manifolds, see 58-XX}",Miscellaneous topics in measure theory
28E99,28,28Exx,"None of the above, but in this section","Measure and integration {For analysis on manifolds, see 58-XX}",Miscellaneous topics in measure theory
30A05,30,30Axx,Monogenic and polygenic functions of one complex variable,Functions of a complex variable,General properties of functions of one complex variable
30A10,30,30Axx,Inequalities in the complex plane,Functions of a complex variable,General properties of functions of one complex variable
30A99,30,30Axx,"None of the above, but in this section",Functions of a complex variable,General properties of functions of one complex variable
30B10,30,30Bxx,Power series (including lacunary series) in one complex variable,Functions of a complex variable,Series expansions of functions of one complex variable
30B20,30,30Bxx,Random power series in one complex variable,Functions of a complex variable,Series expansions of functions of one complex variable
30B30,30,30Bxx,Boundary behavior of power series in one complex variable; over-convergence,Functions of a complex variable,Series expansions of functions of one complex variable
30B40,30,30Bxx,Analytic continuation of functions of one complex variable,Functions of a complex variable,Series expansions of functions of one complex variable
30B50,30,30Bxx,"Dirichlet series, exponential series and other series in one complex variable [See also 11M41, 42-XX]",Functions of a complex variable,Series expansions of functions of one complex variable
30B60,30,30Bxx,"Completeness problems, closure of a system of functions of one complex variable",Functions of a complex variable,Series expansions of functions of one complex variable
30B70,30,30Bxx,"Continued fractions; complex-analytic aspects [See also 11A55, 40A15]",Functions of a complex variable,Series expansions of functions of one complex variable
30B99,30,30Bxx,"None of the above, but in this section",Functions of a complex variable,Series expansions of functions of one complex variable
30C10,30,30Cxx,Polynomials and rational functions of one complex variable,Functions of a complex variable,Geometric function theory
30C15,30,30Cxx,"Zeros of polynomials, rational functions, and other analytic functions of one complex variable (e.g., zeros of",Functions of a complex variable,Geometric function theory
30C20,30,30Cxx,Conformal mappings of special domains,Functions of a complex variable,Geometric function theory
30C25,30,30Cxx,Covering theorems in conformal mapping theory,Functions of a complex variable,Geometric function theory
30C30,30,30Cxx,Schwarz-Christoffel-type mappings [See also 65E10],Functions of a complex variable,Geometric function theory
30C35,30,30Cxx,General theory of conformal mappings,Functions of a complex variable,Geometric function theory
30C40,30,30Cxx,Kernel functions in one complex variable and applications,Functions of a complex variable,Geometric function theory
30C45,30,30Cxx,"Special classes of univalent and multivalent functions of one complex variable (starlike, convex, bounded",Functions of a complex variable,Geometric function theory
30C50,30,30Cxx,Coefficient problems for univalent and multivalent functions of one complex variable,Functions of a complex variable,Geometric function theory
30C55,30,30Cxx,General theory of univalent and multivalent functions of one complex variable,Functions of a complex variable,Geometric function theory
30C62,30,30Cxx,Quasiconformal mappings in the complex plane,Functions of a complex variable,Geometric function theory
30C65,30,30Cxx,"Quasiconformal mappings in Rn , other generalizations",Functions of a complex variable,Geometric function theory
30C70,30,30Cxx,"Extremal problems for conformal and quasiconformal mappings, variational methods",Functions of a complex variable,Geometric function theory
30C75,30,30Cxx,"Extremal problems for conformal and quasiconformal mappings, other methods",Functions of a complex variable,Geometric function theory
30C80,30,30Cxx,"Maximum principle, Schwarz’s lemma, Lindelöf principle, analogues and generalizations; subordination",Functions of a complex variable,Geometric function theory
30C85,30,30Cxx,Capacity and harmonic measure in the complex plane [See also 31A15],Functions of a complex variable,Geometric function theory
30C99,30,30Cxx,"None of the above, but in this section",Functions of a complex variable,Geometric function theory
30D05,30,30Dxx,"Functional equations in the complex plane, iteration and composition of analytic functions of one complex",Functions of a complex variable,"Entire and meromorphic functions of one complex variable, and related topics"
30D10,30,30Dxx,Representations of entire functions of one complex variable by series and integrals,Functions of a complex variable,"Entire and meromorphic functions of one complex variable, and related topics"
30D15,30,30Dxx,Special classes of entire functions of one complex variable and growth estimates,Functions of a complex variable,"Entire and meromorphic functions of one complex variable, and related topics"
30D20,30,30Dxx,Entire functions of one complex variable (general theory),Functions of a complex variable,"Entire and meromorphic functions of one complex variable, and related topics"
30D30,30,30Dxx,Meromorphic functions of one complex variable (general theory),Functions of a complex variable,"Entire and meromorphic functions of one complex variable, and related topics"
30D35,30,30Dxx,"Value distribution of meromorphic functions of one complex variable, Nevanlinna theory",Functions of a complex variable,"Entire and meromorphic functions of one complex variable, and related topics"
30D40,30,30Dxx,"Cluster sets, prime ends, boundary behavior",Functions of a complex variable,"Entire and meromorphic functions of one complex variable, and related topics"
30D45,30,30Dxx,"Normal functions of one complex variable, normal families",Functions of a complex variable,"Entire and meromorphic functions of one complex variable, and related topics"
30D60,30,30Dxx,Quasi-analytic and other classes of functions of one complex variable,Functions of a complex variable,"Entire and meromorphic functions of one complex variable, and related topics"
30D99,30,30Dxx,"None of the above, but in this section",Functions of a complex variable,"Entire and meromorphic functions of one complex variable, and related topics"
30E05,30,30Exx,Moment problems and interpolation problems in the complex plane,Functions of a complex variable,Miscellaneous topics of analysis in the complex plane
30E10,30,30Exx,Approximation in the complex plane,Functions of a complex variable,Miscellaneous topics of analysis in the complex plane
30E15,30,30Exx,Asymptotic representations in the complex plane,Functions of a complex variable,Miscellaneous topics of analysis in the complex plane
30E20,30,30Exx,"Integration, integrals of Cauchy type, integral representations of analytic functions in the complex plane [See",Functions of a complex variable,Miscellaneous topics of analysis in the complex plane
30E25,30,30Exx,Boundary value problems in the complex plane [See also 45Exx],Functions of a complex variable,Miscellaneous topics of analysis in the complex plane
30E99,30,30Exx,"None of the above, but in this section",Functions of a complex variable,Miscellaneous topics of analysis in the complex plane
30F10,30,30Fxx,"Compact Riemann surfaces and uniformization [See also 14H15, 32G15]",Functions of a complex variable,Riemann surfaces
30F15,30,30Fxx,Harmonic functions on Riemann surfaces,Functions of a complex variable,Riemann surfaces
30F20,30,30Fxx,Classification theory of Riemann surfaces,Functions of a complex variable,Riemann surfaces
30F25,30,30Fxx,Ideal boundary theory for Riemann surfaces,Functions of a complex variable,Riemann surfaces
30F30,30,30Fxx,Differentials on Riemann surfaces,Functions of a complex variable,Riemann surfaces
30F35,30,30Fxx,Fuchsian groups and automorphic functions (aspects of compact Riemann surfaces and uniformization) [See,Functions of a complex variable,Riemann surfaces
30F40,30,30Fxx,Kleinian groups (aspects of compact Riemann surfaces and uniformization) [See also 20H10],Functions of a complex variable,Riemann surfaces
30F45,30,30Fxx,"Conformal metrics (hyperbolic, Poincaré, distance functions)",Functions of a complex variable,Riemann surfaces
30F50,30,30Fxx,Klein surfaces,Functions of a complex variable,Riemann surfaces
30F60,30,30Fxx,Teichmüller theory for Riemann surfaces [See also 32G15],Functions of a complex variable,Riemann surfaces
30F99,30,30Fxx,"None of the above, but in this section",Functions of a complex variable,Riemann surfaces
30G06,30,30Gxx,Non-Archimedean function theory [See also 12J25]; nonstandard function theory [See also 03H05],Functions of a complex variable,Generalized function theory
30G12,30,30Gxx,Finely holomorphic functions and topological function theory,Functions of a complex variable,Generalized function theory
30G20,30,30Gxx,"Generalizations of Bers and Vekua type (pseudoanalytic, p-analytic, etc.)",Functions of a complex variable,Generalized function theory
30G25,30,30Gxx,Discrete analytic functions,Functions of a complex variable,Generalized function theory
30G30,30,30Gxx,Other generalizations of analytic functions (including abstract-valued functions),Functions of a complex variable,Generalized function theory
30G35,30,30Gxx,Functions of hypercomplex variables and generalized variables,Functions of a complex variable,Generalized function theory
30G99,30,30Gxx,"None of the above, but in this section",Functions of a complex variable,Generalized function theory
30H05,30,30Hxx,Spaces of bounded analytic functions of one complex variable,Functions of a complex variable,Spaces and algebras of analytic functions of one complex variable
30H10,30,30Hxx,"Hardy spaces [See also 42B30, 46E30]",Functions of a complex variable,Spaces and algebras of analytic functions of one complex variable
30H15,30,30Hxx,Nevanlinna spaces and Smirnov spaces,Functions of a complex variable,Spaces and algebras of analytic functions of one complex variable
30H20,30,30Hxx,"Bergman spaces and Fock spaces [See also 46E30, 46E35]",Functions of a complex variable,Spaces and algebras of analytic functions of one complex variable
30H25,30,30Hxx,Besov spaces and Qp -spaces,Functions of a complex variable,Spaces and algebras of analytic functions of one complex variable
30H30,30,30Hxx,Bloch spaces,Functions of a complex variable,Spaces and algebras of analytic functions of one complex variable
30H35,30,30Hxx,BMO-spaces,Functions of a complex variable,Spaces and algebras of analytic functions of one complex variable
30H40,30,30Hxx,Zygmund spaces,Functions of a complex variable,Spaces and algebras of analytic functions of one complex variable
30H45,30,30Hxx,de Branges-Rovnyak spaces,Functions of a complex variable,Spaces and algebras of analytic functions of one complex variable
30H50,30,30Hxx,Algebras of analytic functions of one complex variable,Functions of a complex variable,Spaces and algebras of analytic functions of one complex variable
30H80,30,30Hxx,Corona theorems,Functions of a complex variable,Spaces and algebras of analytic functions of one complex variable
30H99,30,30Hxx,"None of the above, but in this section",Functions of a complex variable,Spaces and algebras of analytic functions of one complex variable
30J05,30,30Jxx,Inner functions of one complex variable,Functions of a complex variable,Function theory on the disc
30J10,30,30Jxx,Blaschke products,Functions of a complex variable,Function theory on the disc
30J15,30,30Jxx,Singular inner functions of one complex variable,Functions of a complex variable,Function theory on the disc
30J99,30,30Jxx,"None of the above, but in this section",Functions of a complex variable,Function theory on the disc
30K05,30,30Kxx,Universal Taylor series in one complex variable,Functions of a complex variable,Universal holomorphic functions of one complex variable
30K10,30,30Kxx,Universal Dirichlet series in one complex variable,Functions of a complex variable,Universal holomorphic functions of one complex variable
30K15,30,30Kxx,Universal functions of one complex variable,Functions of a complex variable,Universal holomorphic functions of one complex variable
30K20,30,30Kxx,Compositional universality,Functions of a complex variable,Universal holomorphic functions of one complex variable
30K99,30,30Kxx,"None of the above, but in this section",Functions of a complex variable,Universal holomorphic functions of one complex variable
30L05,30,30Lxx,Geometric embeddings of metric spaces,Functions of a complex variable,Analysis on metric spaces
30L10,30,30Lxx,Quasiconformal mappings in metric spaces,Functions of a complex variable,Analysis on metric spaces
30L15,30,30Lxx,Inequalities in metric spaces,Functions of a complex variable,Analysis on metric spaces
30L99,30,30Lxx,"None of the above, but in this section",Functions of a complex variable,Analysis on metric spaces
31A05,31,31Axx,"Harmonic, subharmonic, superharmonic functions in two dimensions","Potential theory {For probabilistic potential theory, see 60J45}",Two-dimensional potential theory
31A10,31,31Axx,"Integral representations, integral operators, integral equations methods in two dimensions","Potential theory {For probabilistic potential theory, see 60J45}",Two-dimensional potential theory
31A15,31,31Axx,"Potentials and capacity, harmonic measure, extremal length and related notions in two dimensions [See also","Potential theory {For probabilistic potential theory, see 60J45}",Two-dimensional potential theory
31A20,31,31Axx,"Boundary behavior (theorems of Fatou type, etc.) of harmonic functions in two dimensions","Potential theory {For probabilistic potential theory, see 60J45}",Two-dimensional potential theory
31A25,31,31Axx,Boundary value and inverse problems for harmonic functions in two dimensions,"Potential theory {For probabilistic potential theory, see 60J45}",Two-dimensional potential theory
31A30,31,31Axx,"Biharmonic, polyharmonic functions and equations, Poisson’s equation in two dimensions","Potential theory {For probabilistic potential theory, see 60J45}",Two-dimensional potential theory
31A35,31,31Axx,Connections of harmonic functions with differential equations in two dimensions,"Potential theory {For probabilistic potential theory, see 60J45}",Two-dimensional potential theory
31A99,31,31Axx,"None of the above, but in this section","Potential theory {For probabilistic potential theory, see 60J45}",Two-dimensional potential theory
31B05,31,31Bxx,"Harmonic, subharmonic, superharmonic functions in higher dimensions","Potential theory {For probabilistic potential theory, see 60J45}",Higher-dimensional potential theory
31B10,31,31Bxx,"Integral representations, integral operators, integral equations methods in higher dimensions","Potential theory {For probabilistic potential theory, see 60J45}",Higher-dimensional potential theory
31B15,31,31Bxx,"Potentials and capacities, extremal length and related notions in higher dimensions","Potential theory {For probabilistic potential theory, see 60J45}",Higher-dimensional potential theory
31B20,31,31Bxx,Boundary value and inverse problems for harmonic functions in higher dimensions,"Potential theory {For probabilistic potential theory, see 60J45}",Higher-dimensional potential theory
31B25,31,31Bxx,Boundary behavior of harmonic functions in higher dimensions,"Potential theory {For probabilistic potential theory, see 60J45}",Higher-dimensional potential theory
31B30,31,31Bxx,Biharmonic and polyharmonic equations and functions in higher dimensions,"Potential theory {For probabilistic potential theory, see 60J45}",Higher-dimensional potential theory
31B35,31,31Bxx,Connections of harmonic functions with differential equations in higher dimensions,"Potential theory {For probabilistic potential theory, see 60J45}",Higher-dimensional potential theory
31B99,31,31Bxx,"None of the above, but in this section","Potential theory {For probabilistic potential theory, see 60J45}",Higher-dimensional potential theory
31C05,31,31Cxx,"Harmonic, subharmonic, superharmonic functions on other spaces","Potential theory {For probabilistic potential theory, see 60J45}",Generalizations of potential theory
31C10,31,31Cxx,Pluriharmonic and plurisubharmonic functions [See also 32U05],"Potential theory {For probabilistic potential theory, see 60J45}",Generalizations of potential theory
31C12,31,31Cxx,"Potential theory on Riemannian manifolds and other spaces [See also 53C20] {For Hodge theory, see 58A14}","Potential theory {For probabilistic potential theory, see 60J45}",Generalizations of potential theory
31C15,31,31Cxx,Potentials and capacities on other spaces,"Potential theory {For probabilistic potential theory, see 60J45}",Generalizations of potential theory
31C20,31,31Cxx,Discrete potential theory,"Potential theory {For probabilistic potential theory, see 60J45}",Generalizations of potential theory
31C25,31,31Cxx,Dirichlet forms,"Potential theory {For probabilistic potential theory, see 60J45}",Generalizations of potential theory
31C35,31,31Cxx,Martin boundary theory [See also 60J50],"Potential theory {For probabilistic potential theory, see 60J45}",Generalizations of potential theory
31C40,31,31Cxx,Fine potential theory; fine properties of sets and functions,"Potential theory {For probabilistic potential theory, see 60J45}",Generalizations of potential theory
31C45,31,31Cxx,"Other generalizations (nonlinear potential theory, etc.)","Potential theory {For probabilistic potential theory, see 60J45}",Generalizations of potential theory
31C99,31,31Cxx,"None of the above, but in this section","Potential theory {For probabilistic potential theory, see 60J45}",Generalizations of potential theory
31D05,31,31Dxx,Axiomatic potential theory,"Potential theory {For probabilistic potential theory, see 60J45}",Axiomatic potential theory
31D99,31,31Dxx,"None of the above, but in this section","Potential theory {For probabilistic potential theory, see 60J45}",Axiomatic potential theory
31E05,31,31Exx,Potential theory on fractals and metric spaces,"Potential theory {For probabilistic potential theory, see 60J45}",Potential theory on fractals and metric spaces
31E99,31,31Exx,"None of the above, but in this section","Potential theory {For probabilistic potential theory, see 60J45}",Potential theory on fractals and metric spaces
32A05,32,32Axx,"Power series, series of functions of several complex variables","Several complex variables and analytic spaces {For infinitedimensional holomorphy, see also 46G20, 58B12}",Holomorphic functions of several complex variables
32A08,32,32Axx,Polynomials and rational functions of several complex variables,"Several complex variables and analytic spaces {For infinitedimensional holomorphy, see also 46G20, 58B12}",Holomorphic functions of several complex variables
32A10,32,32Axx,Holomorphic functions of several complex variables,"Several complex variables and analytic spaces {For infinitedimensional holomorphy, see also 46G20, 58B12}",Holomorphic functions of several complex variables
32A12,32,32Axx,Multifunctions of several complex variables,"Several complex variables and analytic spaces {For infinitedimensional holomorphy, see also 46G20, 58B12}",Holomorphic functions of several complex variables
32A15,32,32Axx,Entire functions of several complex variables,"Several complex variables and analytic spaces {For infinitedimensional holomorphy, see also 46G20, 58B12}",Holomorphic functions of several complex variables
32A17,32,32Axx,Special families of functions of several complex variables,"Several complex variables and analytic spaces {For infinitedimensional holomorphy, see also 46G20, 58B12}",Holomorphic functions of several complex variables
32A18,32,32Axx,"Bloch functions, normal functions of several complex variables","Several complex variables and analytic spaces {For infinitedimensional holomorphy, see also 46G20, 58B12}",Holomorphic functions of several complex variables
32A19,32,32Axx,"Normal families of holomorphic functions, mappings of several complex variables, and related topics (taut","Several complex variables and analytic spaces {For infinitedimensional holomorphy, see also 46G20, 58B12}",Holomorphic functions of several complex variables
32A20,32,32Axx,Meromorphic functions of several complex variables,"Several complex variables and analytic spaces {For infinitedimensional holomorphy, see also 46G20, 58B12}",Holomorphic functions of several complex variables
32A22,32,32Axx,"Nevanlinna theory; growth estimates; other inequalities of several complex variables {For geometric theory,","Several complex variables and analytic spaces {For infinitedimensional holomorphy, see also 46G20, 58B12}",Holomorphic functions of several complex variables
32A25,32,32Axx,"Integral representations; canonical kernels (Szegő, Bergman, etc.)","Several complex variables and analytic spaces {For infinitedimensional holomorphy, see also 46G20, 58B12}",Holomorphic functions of several complex variables
32A26,32,32Axx,"Integral representations, constructed kernels (e.g., Cauchy, Fantappiè-type kernels)","Several complex variables and analytic spaces {For infinitedimensional holomorphy, see also 46G20, 58B12}",Holomorphic functions of several complex variables
32A27,32,32Axx,Residues for several complex variables [See also 32C30],"Several complex variables and analytic spaces {For infinitedimensional holomorphy, see also 46G20, 58B12}",Holomorphic functions of several complex variables
32A30,32,32Axx,Other generalizations of function theory of one complex variable [Should also be assigned at least one,"Several complex variables and analytic spaces {For infinitedimensional holomorphy, see also 46G20, 58B12}",Holomorphic functions of several complex variables
32A35,32,32Axx,"H p -spaces, Nevanlinna spaces of functions in several complex variables [See also 32M15, 42B30, 43A85,","Several complex variables and analytic spaces {For infinitedimensional holomorphy, see also 46G20, 58B12}",Holomorphic functions of several complex variables
32A36,32,32Axx,Bergman spaces of functions in several complex variables,"Several complex variables and analytic spaces {For infinitedimensional holomorphy, see also 46G20, 58B12}",Holomorphic functions of several complex variables
32A37,32,32Axx,"Other spaces of holomorphic functions of several complex variables (e.g., bounded mean oscillation (BMOA),","Several complex variables and analytic spaces {For infinitedimensional holomorphy, see also 46G20, 58B12}",Holomorphic functions of several complex variables
32A38,32,32Axx,"Algebras of holomorphic functions of several complex variables [See also 46J10, 46J15]","Several complex variables and analytic spaces {For infinitedimensional holomorphy, see also 46G20, 58B12}",Holomorphic functions of several complex variables
32A40,32,32Axx,Boundary behavior of holomorphic functions of several complex variables,"Several complex variables and analytic spaces {For infinitedimensional holomorphy, see also 46G20, 58B12}",Holomorphic functions of several complex variables
32A45,32,32Axx,Hyperfunctions [See also 46F15],"Several complex variables and analytic spaces {For infinitedimensional holomorphy, see also 46G20, 58B12}",Holomorphic functions of several complex variables
32A50,32,32Axx,Harmonic analysis of several complex variables [See mainly 43-XX],"Several complex variables and analytic spaces {For infinitedimensional holomorphy, see also 46G20, 58B12}",Holomorphic functions of several complex variables
32A55,32,32Axx,Singular integrals of functions in several complex variables,"Several complex variables and analytic spaces {For infinitedimensional holomorphy, see also 46G20, 58B12}",Holomorphic functions of several complex variables
32A60,32,32Axx,Zero sets of holomorphic functions of several complex variables,"Several complex variables and analytic spaces {For infinitedimensional holomorphy, see also 46G20, 58B12}",Holomorphic functions of several complex variables
32A65,32,32Axx,Banach algebra techniques applied to functions of several complex variables [See also 46Jxx],"Several complex variables and analytic spaces {For infinitedimensional holomorphy, see also 46G20, 58B12}",Holomorphic functions of several complex variables
32A70,32,32Axx,Functional analysis techniques applied to functions of several complex variables [See also 46Exx],"Several complex variables and analytic spaces {For infinitedimensional holomorphy, see also 46G20, 58B12}",Holomorphic functions of several complex variables
32A99,32,32Axx,"None of the above, but in this section","Several complex variables and analytic spaces {For infinitedimensional holomorphy, see also 46G20, 58B12}",Holomorphic functions of several complex variables
32B05,32,32Bxx,"Analytic algebras and generalizations, preparation theorems","Several complex variables and analytic spaces {For infinitedimensional holomorphy, see also 46G20, 58B12}","Local analytic geometry [See also 13-XX, 14-XX]"
32B10,32,32Bxx,"Germs of analytic sets, local parametrization","Several complex variables and analytic spaces {For infinitedimensional holomorphy, see also 46G20, 58B12}","Local analytic geometry [See also 13-XX, 14-XX]"
32B15,32,32Bxx,Analytic subsets of affine space,"Several complex variables and analytic spaces {For infinitedimensional holomorphy, see also 46G20, 58B12}","Local analytic geometry [See also 13-XX, 14-XX]"
32B20,32,32Bxx,"Semi-analytic sets, subanalytic sets, and generalizations [See also 14P15]","Several complex variables and analytic spaces {For infinitedimensional holomorphy, see also 46G20, 58B12}","Local analytic geometry [See also 13-XX, 14-XX]"
32B25,32,32Bxx,"Triangulation and topological properties of semi-analytic andsubanalytic sets, and related questions","Several complex variables and analytic spaces {For infinitedimensional holomorphy, see also 46G20, 58B12}","Local analytic geometry [See also 13-XX, 14-XX]"
32B99,32,32Bxx,"None of the above, but in this section","Several complex variables and analytic spaces {For infinitedimensional holomorphy, see also 46G20, 58B12}","Local analytic geometry [See also 13-XX, 14-XX]"
32C05,32,32Cxx,"Real-analytic manifolds, real-analytic spaces [See also 14Pxx, 58A07]","Several complex variables and analytic spaces {For infinitedimensional holomorphy, see also 46G20, 58B12}",Analytic spaces
32C07,32,32Cxx,"Real-analytic sets, complex Nash functions [See also 14P15, 14P20]","Several complex variables and analytic spaces {For infinitedimensional holomorphy, see also 46G20, 58B12}",Analytic spaces
32C09,32,32Cxx,Embedding of real-analytic manifolds,"Several complex variables and analytic spaces {For infinitedimensional holomorphy, see also 46G20, 58B12}",Analytic spaces
32C11,32,32Cxx,"Complex supergeometry [See also 14A22, 14M30, 58A50]","Several complex variables and analytic spaces {For infinitedimensional holomorphy, see also 46G20, 58B12}",Analytic spaces
32C15,32,32Cxx,Complex spaces,"Several complex variables and analytic spaces {For infinitedimensional holomorphy, see also 46G20, 58B12}",Analytic spaces
32C18,32,32Cxx,Topology of analytic spaces,"Several complex variables and analytic spaces {For infinitedimensional holomorphy, see also 46G20, 58B12}",Analytic spaces
32C20,32,32Cxx,Normal analytic spaces,"Several complex variables and analytic spaces {For infinitedimensional holomorphy, see also 46G20, 58B12}",Analytic spaces
32C22,32,32Cxx,Embedding of analytic spaces,"Several complex variables and analytic spaces {For infinitedimensional holomorphy, see also 46G20, 58B12}",Analytic spaces
32C25,32,32Cxx,Analytic subsets and submanifolds,"Several complex variables and analytic spaces {For infinitedimensional holomorphy, see also 46G20, 58B12}",Analytic spaces
32C30,32,32Cxx,"Integration on analytic sets and spaces, currents [See also 32A25, 32A27]","Several complex variables and analytic spaces {For infinitedimensional holomorphy, see also 46G20, 58B12}",Analytic spaces
32C35,32,32Cxx,"Analytic sheaves and cohomology groups [See also 14Fxx, 18F20, 55N30]","Several complex variables and analytic spaces {For infinitedimensional holomorphy, see also 46G20, 58B12}",Analytic spaces
32C36,32,32Cxx,Local cohomology of analytic spaces,"Several complex variables and analytic spaces {For infinitedimensional holomorphy, see also 46G20, 58B12}",Analytic spaces
32C37,32,32Cxx,Duality theorems for analytic spaces,"Several complex variables and analytic spaces {For infinitedimensional holomorphy, see also 46G20, 58B12}",Analytic spaces
32C38,32,32Cxx,"Sheaves of differential operators and their modules, D-modules [See also 13N10, 14F10, 16S32, 35A27, 35S35,","Several complex variables and analytic spaces {For infinitedimensional holomorphy, see also 46G20, 58B12}",Analytic spaces
32C55,32,32Cxx,The Levi problem in complex spaces; generalizations,"Several complex variables and analytic spaces {For infinitedimensional holomorphy, see also 46G20, 58B12}",Analytic spaces
32C81,32,32Cxx,Applications of analytic spaces to physics and other areas of science,"Several complex variables and analytic spaces {For infinitedimensional holomorphy, see also 46G20, 58B12}",Analytic spaces
32C99,32,32Cxx,"None of the above, but in this section","Several complex variables and analytic spaces {For infinitedimensional holomorphy, see also 46G20, 58B12}",Analytic spaces
32D05,32,32Dxx,Domains of holomorphy,"Several complex variables and analytic spaces {For infinitedimensional holomorphy, see also 46G20, 58B12}",Analytic continuation
32D10,32,32Dxx,Envelopes of holomorphy,"Several complex variables and analytic spaces {For infinitedimensional holomorphy, see also 46G20, 58B12}",Analytic continuation
32D15,32,32Dxx,Continuation of analytic objects in several complex variables,"Several complex variables and analytic spaces {For infinitedimensional holomorphy, see also 46G20, 58B12}",Analytic continuation
32D20,32,32Dxx,Removable singularities in several complex variables,"Several complex variables and analytic spaces {For infinitedimensional holomorphy, see also 46G20, 58B12}",Analytic continuation
32D26,32,32Dxx,Riemann domains,"Several complex variables and analytic spaces {For infinitedimensional holomorphy, see also 46G20, 58B12}",Analytic continuation
32D99,32,32Dxx,"None of the above, but in this section","Several complex variables and analytic spaces {For infinitedimensional holomorphy, see also 46G20, 58B12}",Analytic continuation
32E05,32,32Exx,"Holomorphically convex complex spaces, reduction theory","Several complex variables and analytic spaces {For infinitedimensional holomorphy, see also 46G20, 58B12}",Holomorphic convexity
32E10,32,32Exx,Stein spaces,"Several complex variables and analytic spaces {For infinitedimensional holomorphy, see also 46G20, 58B12}",Holomorphic convexity
32E20,32,32Exx,"Polynomial convexity, rational convexity, meromorphic convexity in several complex variables","Several complex variables and analytic spaces {For infinitedimensional holomorphy, see also 46G20, 58B12}",Holomorphic convexity
32E30,32,32Exx,"Holomorphic, polynomial and rational approximation, and interpolation in several complex variables; Runge","Several complex variables and analytic spaces {For infinitedimensional holomorphy, see also 46G20, 58B12}",Holomorphic convexity
32E35,32,32Exx,Global boundary behavior of holomorphic functions of several complex variables,"Several complex variables and analytic spaces {For infinitedimensional holomorphy, see also 46G20, 58B12}",Holomorphic convexity
32E40,32,32Exx,The Levi problem,"Several complex variables and analytic spaces {For infinitedimensional holomorphy, see also 46G20, 58B12}",Holomorphic convexity
32E99,32,32Exx,"None of the above, but in this section","Several complex variables and analytic spaces {For infinitedimensional holomorphy, see also 46G20, 58B12}",Holomorphic convexity
32F10,32,32Fxx,"q-convexity, q-concavity","Several complex variables and analytic spaces {For infinitedimensional holomorphy, see also 46G20, 58B12}",Geometric convexity in several complex variables
32F17,32,32Fxx,Other notions of convexity in relation to several complex variables,"Several complex variables and analytic spaces {For infinitedimensional holomorphy, see also 46G20, 58B12}",Geometric convexity in several complex variables
32F18,32,32Fxx,Finite-type conditions for the boundary of a domain,"Several complex variables and analytic spaces {For infinitedimensional holomorphy, see also 46G20, 58B12}",Geometric convexity in several complex variables
32F27,32,32Fxx,Topological consequences of geometric convexity,"Several complex variables and analytic spaces {For infinitedimensional holomorphy, see also 46G20, 58B12}",Geometric convexity in several complex variables
32F32,32,32Fxx,"Analytical consequences of geometric convexity (vanishing theorems, etc.)","Several complex variables and analytic spaces {For infinitedimensional holomorphy, see also 46G20, 58B12}",Geometric convexity in several complex variables
32F45,32,32Fxx,Invariant metrics and pseudodistances in several complex variables,"Several complex variables and analytic spaces {For infinitedimensional holomorphy, see also 46G20, 58B12}",Geometric convexity in several complex variables
32F99,32,32Fxx,"None of the above, but in this section","Several complex variables and analytic spaces {For infinitedimensional holomorphy, see also 46G20, 58B12}",Geometric convexity in several complex variables
32G05,32,32Gxx,"Deformations of complex structures [See also 13D10, 16S80, 58H10, 58H15]","Several complex variables and analytic spaces {For infinitedimensional holomorphy, see also 46G20, 58B12}",Deformations of analytic structures
32G07,32,32Gxx,"Deformations of special (e.g., CR) structures","Several complex variables and analytic spaces {For infinitedimensional holomorphy, see also 46G20, 58B12}",Deformations of analytic structures
32G08,32,32Gxx,Deformations of fiber bundles,"Several complex variables and analytic spaces {For infinitedimensional holomorphy, see also 46G20, 58B12}",Deformations of analytic structures
32G10,32,32Gxx,Deformations of submanifolds and subspaces,"Several complex variables and analytic spaces {For infinitedimensional holomorphy, see also 46G20, 58B12}",Deformations of analytic structures
32G13,32,32Gxx,"Complex-analytic moduli problems {For algebraic moduli problems, see 14D20, 14D22, 14H10, 14J10} [See","Several complex variables and analytic spaces {For infinitedimensional holomorphy, see also 46G20, 58B12}",Deformations of analytic structures
32G15,32,32Gxx,"Moduli of Riemann surfaces, Teichmüller theory (complex-analytic aspects in several variables) [See also","Several complex variables and analytic spaces {For infinitedimensional holomorphy, see also 46G20, 58B12}",Deformations of analytic structures
32G20,32,32Gxx,"Period matrices, variation of Hodge structure; degenerations [See also 14D05, 14D07, 14K30]","Several complex variables and analytic spaces {For infinitedimensional holomorphy, see also 46G20, 58B12}",Deformations of analytic structures
32G34,32,32Gxx,"Moduli and deformations for ordinary differential equations (e.g., Knizhnik-Zamolodchikov equation) [See","Several complex variables and analytic spaces {For infinitedimensional holomorphy, see also 46G20, 58B12}",Deformations of analytic structures
32G81,32,32Gxx,Applications of deformations of analytic structures to the sciences,"Several complex variables and analytic spaces {For infinitedimensional holomorphy, see also 46G20, 58B12}",Deformations of analytic structures
32G99,32,32Gxx,"None of the above, but in this section","Several complex variables and analytic spaces {For infinitedimensional holomorphy, see also 46G20, 58B12}",Deformations of analytic structures
32H02,32,32Hxx,"Holomorphic mappings, (holomorphic) embeddings and related questions in several complex variables","Several complex variables and analytic spaces {For infinitedimensional holomorphy, see also 46G20, 58B12}",Holomorphic mappings and correspondences
32H04,32,32Hxx,Meromorphic mappings in several complex variables,"Several complex variables and analytic spaces {For infinitedimensional holomorphy, see also 46G20, 58B12}",Holomorphic mappings and correspondences
32H12,32,32Hxx,Boundary uniqueness of mappings in several complex variables,"Several complex variables and analytic spaces {For infinitedimensional holomorphy, see also 46G20, 58B12}",Holomorphic mappings and correspondences
32H25,32,32Hxx,"Picard-type theorems and generalizations for several complex variables {For function-theoretic properties,","Several complex variables and analytic spaces {For infinitedimensional holomorphy, see also 46G20, 58B12}",Holomorphic mappings and correspondences
32H30,32,32Hxx,"Value distribution theory in higher dimensions {For function-theoretic properties, see 32A22}","Several complex variables and analytic spaces {For infinitedimensional holomorphy, see also 46G20, 58B12}",Holomorphic mappings and correspondences
32H35,32,32Hxx,"Proper holomorphic mappings, finiteness theorems","Several complex variables and analytic spaces {For infinitedimensional holomorphy, see also 46G20, 58B12}",Holomorphic mappings and correspondences
32H40,32,32Hxx,Boundary regularity of mappings in several complex variables,"Several complex variables and analytic spaces {For infinitedimensional holomorphy, see also 46G20, 58B12}",Holomorphic mappings and correspondences
32H50,32,32Hxx,"Iteration of holomorphic maps, fixed points of holomorphic maps and related problems for several complex","Several complex variables and analytic spaces {For infinitedimensional holomorphy, see also 46G20, 58B12}",Holomorphic mappings and correspondences
32H99,32,32Hxx,"None of the above, but in this section","Several complex variables and analytic spaces {For infinitedimensional holomorphy, see also 46G20, 58B12}",Holomorphic mappings and correspondences
32J05,32,32Jxx,Compactification of analytic spaces,"Several complex variables and analytic spaces {For infinitedimensional holomorphy, see also 46G20, 58B12}","Compact analytic spaces {For Riemann surfaces, see 14Hxx, 30Fxx; for algebraic"
32J10,32,32Jxx,Algebraic dependence theorems,"Several complex variables and analytic spaces {For infinitedimensional holomorphy, see also 46G20, 58B12}","Compact analytic spaces {For Riemann surfaces, see 14Hxx, 30Fxx; for algebraic"
32J15,32,32Jxx,Compact complex surfaces,"Several complex variables and analytic spaces {For infinitedimensional holomorphy, see also 46G20, 58B12}","Compact analytic spaces {For Riemann surfaces, see 14Hxx, 30Fxx; for algebraic"
32J17,32,32Jxx,Compact complex 3-folds,"Several complex variables and analytic spaces {For infinitedimensional holomorphy, see also 46G20, 58B12}","Compact analytic spaces {For Riemann surfaces, see 14Hxx, 30Fxx; for algebraic"
32J18,32,32Jxx,Compact complex n-folds,"Several complex variables and analytic spaces {For infinitedimensional holomorphy, see also 46G20, 58B12}","Compact analytic spaces {For Riemann surfaces, see 14Hxx, 30Fxx; for algebraic"
32J25,32,32Jxx,Transcendental methods of algebraic geometry (complex-analytic aspects) [See also 14C30],"Several complex variables and analytic spaces {For infinitedimensional holomorphy, see also 46G20, 58B12}","Compact analytic spaces {For Riemann surfaces, see 14Hxx, 30Fxx; for algebraic"
32J27,32,32Jxx,"Compact Kähler manifolds: generalizations, classification","Several complex variables and analytic spaces {For infinitedimensional holomorphy, see also 46G20, 58B12}","Compact analytic spaces {For Riemann surfaces, see 14Hxx, 30Fxx; for algebraic"
32J81,32,32Jxx,Applications of compact analytic spaces to the sciences,"Several complex variables and analytic spaces {For infinitedimensional holomorphy, see also 46G20, 58B12}","Compact analytic spaces {For Riemann surfaces, see 14Hxx, 30Fxx; for algebraic"
32J99,32,32Jxx,"None of the above, but in this section","Several complex variables and analytic spaces {For infinitedimensional holomorphy, see also 46G20, 58B12}","Compact analytic spaces {For Riemann surfaces, see 14Hxx, 30Fxx; for algebraic"
32K05,32,32Kxx,"Banach analytic manifolds and spaces [See also 46G20, 58Bxx]","Several complex variables and analytic spaces {For infinitedimensional holomorphy, see also 46G20, 58B12}",Generalizations of analytic spaces
32K07,32,32Kxx,Formal and graded complex spaces [See also 58C50],"Several complex variables and analytic spaces {For infinitedimensional holomorphy, see also 46G20, 58B12}",Generalizations of analytic spaces
32K12,32,32Kxx,Holomorphic maps with infinite-dimensional arguments or values [See also 46G20],"Several complex variables and analytic spaces {For infinitedimensional holomorphy, see also 46G20, 58B12}",Generalizations of analytic spaces
32K15,32,32Kxx,"Differentiable functions on analytic spaces, differentiable spaces [See also 58C25]","Several complex variables and analytic spaces {For infinitedimensional holomorphy, see also 46G20, 58B12}",Generalizations of analytic spaces
32K99,32,32Kxx,"None of the above, but in this section","Several complex variables and analytic spaces {For infinitedimensional holomorphy, see also 46G20, 58B12}",Generalizations of analytic spaces
32L05,32,32Lxx,Holomorphic bundles and generalizations,"Several complex variables and analytic spaces {For infinitedimensional holomorphy, see also 46G20, 58B12}",Holomorphic fiber spaces [See also 55Rxx]
32L10,32,32Lxx,"Sheaves and cohomology of sections of holomorphic vector bundles, general results [See also 14F06, 14H60,","Several complex variables and analytic spaces {For infinitedimensional holomorphy, see also 46G20, 58B12}",Holomorphic fiber spaces [See also 55Rxx]
32L15,32,32Lxx,Bundle convexity [See also 32F10],"Several complex variables and analytic spaces {For infinitedimensional holomorphy, see also 46G20, 58B12}",Holomorphic fiber spaces [See also 55Rxx]
32L20,32,32Lxx,Vanishing theorems,"Several complex variables and analytic spaces {For infinitedimensional holomorphy, see also 46G20, 58B12}",Holomorphic fiber spaces [See also 55Rxx]
32L25,32,32Lxx,"Twistor theory, double fibrations (complex-analytic aspects) [See also 53C28]","Several complex variables and analytic spaces {For infinitedimensional holomorphy, see also 46G20, 58B12}",Holomorphic fiber spaces [See also 55Rxx]
32L81,32,32Lxx,Applications of holomorphic fiber spaces to the sciences,"Several complex variables and analytic spaces {For infinitedimensional holomorphy, see also 46G20, 58B12}",Holomorphic fiber spaces [See also 55Rxx]
32L99,32,32Lxx,"None of the above, but in this section","Several complex variables and analytic spaces {For infinitedimensional holomorphy, see also 46G20, 58B12}",Holomorphic fiber spaces [See also 55Rxx]
32M05,32,32Mxx,"Complex Lie groups, group actions on complex spaces [See also 22E10]","Several complex variables and analytic spaces {For infinitedimensional holomorphy, see also 46G20, 58B12}",Complex spaces with a group of automorphisms
32M10,32,32Mxx,"Homogeneous complex manifolds [See also 14M17, 57T15]","Several complex variables and analytic spaces {For infinitedimensional holomorphy, see also 46G20, 58B12}",Complex spaces with a group of automorphisms
32M12,32,32Mxx,Almost homogeneous manifolds and spaces [See also 14M17],"Several complex variables and analytic spaces {For infinitedimensional holomorphy, see also 46G20, 58B12}",Complex spaces with a group of automorphisms
32M15,32,32Mxx,"Hermitian symmetric spaces, bounded symmetric domains, Jordan algebras (complex-analytic aspects) [See","Several complex variables and analytic spaces {For infinitedimensional holomorphy, see also 46G20, 58B12}",Complex spaces with a group of automorphisms
32M17,32,32Mxx,Automorphism groups of Cn and affine manifolds,"Several complex variables and analytic spaces {For infinitedimensional holomorphy, see also 46G20, 58B12}",Complex spaces with a group of automorphisms
32M18,32,32Mxx,Automorphism groups of other complex spaces,"Several complex variables and analytic spaces {For infinitedimensional holomorphy, see also 46G20, 58B12}",Complex spaces with a group of automorphisms
32M25,32,32Mxx,"Complex vector fields, holomorphic foliations, C-actions","Several complex variables and analytic spaces {For infinitedimensional holomorphy, see also 46G20, 58B12}",Complex spaces with a group of automorphisms
32M99,32,32Mxx,"None of the above, but in this section","Several complex variables and analytic spaces {For infinitedimensional holomorphy, see also 46G20, 58B12}",Complex spaces with a group of automorphisms
32N05,32,32Nxx,General theory of automorphic functions of several complex variables,"Several complex variables and analytic spaces {For infinitedimensional holomorphy, see also 46G20, 58B12}","Automorphic functions [See also 11Fxx, 20H10, 22E40, 30F35]"
32N10,32,32Nxx,Automorphic forms in several complex variables,"Several complex variables and analytic spaces {For infinitedimensional holomorphy, see also 46G20, 58B12}","Automorphic functions [See also 11Fxx, 20H10, 22E40, 30F35]"
32N15,32,32Nxx,Automorphic functions in symmetric domains,"Several complex variables and analytic spaces {For infinitedimensional holomorphy, see also 46G20, 58B12}","Automorphic functions [See also 11Fxx, 20H10, 22E40, 30F35]"
32N99,32,32Nxx,"None of the above, but in this section","Several complex variables and analytic spaces {For infinitedimensional holomorphy, see also 46G20, 58B12}","Automorphic functions [See also 11Fxx, 20H10, 22E40, 30F35]"
32P05,32,32Pxx,Non-Archimedean analysis [Should also be assigned at least one other classification number from Section 32,"Several complex variables and analytic spaces {For infinitedimensional holomorphy, see also 46G20, 58B12}",Non-Archimedean analysis [Should also be assigned at least one other classification number from Section 32 describing the type of problem]
32P99,32,32Pxx,"None of the above, but in this section","Several complex variables and analytic spaces {For infinitedimensional holomorphy, see also 46G20, 58B12}",Non-Archimedean analysis [Should also be assigned at least one other classification number from Section 32 describing the type of problem]
32Q02,32,32Qxx,"Special domains (Reinhardt, Hartogs, circular, tube, etc.) in Cn and complex manifolds","Several complex variables and analytic spaces {For infinitedimensional holomorphy, see also 46G20, 58B12}",Complex manifolds
32Q05,32,32Qxx,Negative curvature complex manifolds,"Several complex variables and analytic spaces {For infinitedimensional holomorphy, see also 46G20, 58B12}",Complex manifolds
32Q10,32,32Qxx,Positive curvature complex manifolds,"Several complex variables and analytic spaces {For infinitedimensional holomorphy, see also 46G20, 58B12}",Complex manifolds
32Q15,32,32Qxx,Kähler manifolds,"Several complex variables and analytic spaces {For infinitedimensional holomorphy, see also 46G20, 58B12}",Complex manifolds
32Q20,32,32Qxx,Kähler-Einstein manifolds [See also 53Cxx],"Several complex variables and analytic spaces {For infinitedimensional holomorphy, see also 46G20, 58B12}",Complex manifolds
32Q25,32,32Qxx,Calabi-Yau theory (complex-analytic aspects) [See also 14J32],"Several complex variables and analytic spaces {For infinitedimensional holomorphy, see also 46G20, 58B12}",Complex manifolds
32Q26,32,32Qxx,Notions of stability for complex manifolds,"Several complex variables and analytic spaces {For infinitedimensional holomorphy, see also 46G20, 58B12}",Complex manifolds
32Q28,32,32Qxx,Stein manifolds,"Several complex variables and analytic spaces {For infinitedimensional holomorphy, see also 46G20, 58B12}",Complex manifolds
32Q30,32,32Qxx,Uniformization of complex manifolds,"Several complex variables and analytic spaces {For infinitedimensional holomorphy, see also 46G20, 58B12}",Complex manifolds
32Q35,32,32Qxx,Complex manifolds as subdomains of Euclidean space,"Several complex variables and analytic spaces {For infinitedimensional holomorphy, see also 46G20, 58B12}",Complex manifolds
32Q40,32,32Qxx,Embedding theorems for complex manifolds,"Several complex variables and analytic spaces {For infinitedimensional holomorphy, see also 46G20, 58B12}",Complex manifolds
32Q45,32,32Qxx,Hyperbolic and Kobayashi hyperbolic manifolds,"Several complex variables and analytic spaces {For infinitedimensional holomorphy, see also 46G20, 58B12}",Complex manifolds
32Q55,32,32Qxx,Topological aspects of complex manifolds,"Several complex variables and analytic spaces {For infinitedimensional holomorphy, see also 46G20, 58B12}",Complex manifolds
32Q56,32,32Qxx,Oka principle and Oka manifolds,"Several complex variables and analytic spaces {For infinitedimensional holomorphy, see also 46G20, 58B12}",Complex manifolds
32Q57,32,32Qxx,Classification theorems for complex manifolds,"Several complex variables and analytic spaces {For infinitedimensional holomorphy, see also 46G20, 58B12}",Complex manifolds
32Q60,32,32Qxx,Almost complex manifolds,"Several complex variables and analytic spaces {For infinitedimensional holomorphy, see also 46G20, 58B12}",Complex manifolds
32Q65,32,32Qxx,Pseudoholomorphic curves,"Several complex variables and analytic spaces {For infinitedimensional holomorphy, see also 46G20, 58B12}",Complex manifolds
32Q99,32,32Qxx,"None of the above, but in this section","Several complex variables and analytic spaces {For infinitedimensional holomorphy, see also 46G20, 58B12}",Complex manifolds
32S05,32,32Sxx,Local complex singularities [See also 14J17],"Several complex variables and analytic spaces {For infinitedimensional holomorphy, see also 46G20, 58B12}",Complex singularities [See also 58Kxx]
32S10,32,32Sxx,Invariants of analytic local rings,"Several complex variables and analytic spaces {For infinitedimensional holomorphy, see also 46G20, 58B12}",Complex singularities [See also 58Kxx]
32S15,32,32Sxx,Equisingularity (topological and analytic) [See also 14E15],"Several complex variables and analytic spaces {For infinitedimensional holomorphy, see also 46G20, 58B12}",Complex singularities [See also 58Kxx]
32S20,32,32Sxx,Global theory of complex singularities; cohomological properties [See also 14E15],"Several complex variables and analytic spaces {For infinitedimensional holomorphy, see also 46G20, 58B12}",Complex singularities [See also 58Kxx]
32S22,32,32Sxx,Relations with arrangements of hyperplanes [See also 52C35],"Several complex variables and analytic spaces {For infinitedimensional holomorphy, see also 46G20, 58B12}",Complex singularities [See also 58Kxx]
32S25,32,32Sxx,Complex surface and hypersurface singularities [See also 14J17],"Several complex variables and analytic spaces {For infinitedimensional holomorphy, see also 46G20, 58B12}",Complex singularities [See also 58Kxx]
32S30,32,32Sxx,Deformations of complex singularities; vanishing cycles [See also 14B07],"Several complex variables and analytic spaces {For infinitedimensional holomorphy, see also 46G20, 58B12}",Complex singularities [See also 58Kxx]
32S35,32,32Sxx,"Mixed Hodge theory of singular varieties (complex-analytic aspects) [See also 14C30, 14D07]","Several complex variables and analytic spaces {For infinitedimensional holomorphy, see also 46G20, 58B12}",Complex singularities [See also 58Kxx]
32S40,32,32Sxx,Monodromy; relations with differential equations and D-modules (complex-analytic aspects),"Several complex variables and analytic spaces {For infinitedimensional holomorphy, see also 46G20, 58B12}",Complex singularities [See also 58Kxx]
32S45,32,32Sxx,Modifications; resolution of singularities (complex-analytic aspects) [See also 14E15],"Several complex variables and analytic spaces {For infinitedimensional holomorphy, see also 46G20, 58B12}",Complex singularities [See also 58Kxx]
32S50,32,32Sxx,"Topological aspects of complex singularities: Lefschetz theorems, topological classification, invariants","Several complex variables and analytic spaces {For infinitedimensional holomorphy, see also 46G20, 58B12}",Complex singularities [See also 58Kxx]
32S55,32,32Sxx,"Milnor fibration; relations with knot theory [See also 57K10, 57K45]","Several complex variables and analytic spaces {For infinitedimensional holomorphy, see also 46G20, 58B12}",Complex singularities [See also 58Kxx]
32S60,32,32Sxx,Stratifications; constructible sheaves; intersection cohomology (complex-analytic aspects) [See also 58Kxx],"Several complex variables and analytic spaces {For infinitedimensional holomorphy, see also 46G20, 58B12}",Complex singularities [See also 58Kxx]
32S65,32,32Sxx,Singularities of holomorphic vector fields and foliations,"Several complex variables and analytic spaces {For infinitedimensional holomorphy, see also 46G20, 58B12}",Complex singularities [See also 58Kxx]
32S70,32,32Sxx,Other operations on complex singularities,"Several complex variables and analytic spaces {For infinitedimensional holomorphy, see also 46G20, 58B12}",Complex singularities [See also 58Kxx]
32S99,32,32Sxx,"None of the above, but in this section","Several complex variables and analytic spaces {For infinitedimensional holomorphy, see also 46G20, 58B12}",Complex singularities [See also 58Kxx]
32T05,32,32Txx,Domains of holomorphy,"Several complex variables and analytic spaces {For infinitedimensional holomorphy, see also 46G20, 58B12}",Pseudoconvex domains
32T15,32,32Txx,Strongly pseudoconvex domains,"Several complex variables and analytic spaces {For infinitedimensional holomorphy, see also 46G20, 58B12}",Pseudoconvex domains
32T20,32,32Txx,Worm domains,"Several complex variables and analytic spaces {For infinitedimensional holomorphy, see also 46G20, 58B12}",Pseudoconvex domains
32T25,32,32Txx,Finite-type domains,"Several complex variables and analytic spaces {For infinitedimensional holomorphy, see also 46G20, 58B12}",Pseudoconvex domains
32T27,32,32Txx,Geometric and analytic invariants on weakly pseudoconvex boundaries,"Several complex variables and analytic spaces {For infinitedimensional holomorphy, see also 46G20, 58B12}",Pseudoconvex domains
32T35,32,32Txx,Exhaustion functions,"Several complex variables and analytic spaces {For infinitedimensional holomorphy, see also 46G20, 58B12}",Pseudoconvex domains
32T40,32,32Txx,Peak functions,"Several complex variables and analytic spaces {For infinitedimensional holomorphy, see also 46G20, 58B12}",Pseudoconvex domains
32T99,32,32Txx,"None of the above, but in this section","Several complex variables and analytic spaces {For infinitedimensional holomorphy, see also 46G20, 58B12}",Pseudoconvex domains
32U05,32,32Uxx,Plurisubharmonic functions and generalizations [See also 31C10],"Several complex variables and analytic spaces {For infinitedimensional holomorphy, see also 46G20, 58B12}",Pluripotential theory
32U10,32,32Uxx,Plurisubharmonic exhaustion functions,"Several complex variables and analytic spaces {For infinitedimensional holomorphy, see also 46G20, 58B12}",Pluripotential theory
32U15,32,32Uxx,General pluripotential theory,"Several complex variables and analytic spaces {For infinitedimensional holomorphy, see also 46G20, 58B12}",Pluripotential theory
32U20,32,32Uxx,Capacity theory and generalizations,"Several complex variables and analytic spaces {For infinitedimensional holomorphy, see also 46G20, 58B12}",Pluripotential theory
32U25,32,32Uxx,Lelong numbers,"Several complex variables and analytic spaces {For infinitedimensional holomorphy, see also 46G20, 58B12}",Pluripotential theory
32U30,32,32Uxx,Removable sets in pluripotential theory,"Several complex variables and analytic spaces {For infinitedimensional holomorphy, see also 46G20, 58B12}",Pluripotential theory
32U35,32,32Uxx,"Plurisubharmonic extremal functions, pluricomplex Green functions","Several complex variables and analytic spaces {For infinitedimensional holomorphy, see also 46G20, 58B12}",Pluripotential theory
32U40,32,32Uxx,Currents,"Several complex variables and analytic spaces {For infinitedimensional holomorphy, see also 46G20, 58B12}",Pluripotential theory
32U99,32,32Uxx,"None of the above, but in this section","Several complex variables and analytic spaces {For infinitedimensional holomorphy, see also 46G20, 58B12}",Pluripotential theory
32V05,32,32Vxx,"CR structures, CR operators, and generalizations","Several complex variables and analytic spaces {For infinitedimensional holomorphy, see also 46G20, 58B12}",CR manifolds
32V10,32,32Vxx,CR functions,"Several complex variables and analytic spaces {For infinitedimensional holomorphy, see also 46G20, 58B12}",CR manifolds
32V15,32,32Vxx,CR manifolds as boundaries of domains,"Several complex variables and analytic spaces {For infinitedimensional holomorphy, see also 46G20, 58B12}",CR manifolds
32V20,32,32Vxx,Analysis on CR manifolds,"Several complex variables and analytic spaces {For infinitedimensional holomorphy, see also 46G20, 58B12}",CR manifolds
32V25,32,32Vxx,Extension of functions and other analytic objects from CR manifolds,"Several complex variables and analytic spaces {For infinitedimensional holomorphy, see also 46G20, 58B12}",CR manifolds
32V30,32,32Vxx,Embeddings of CR manifolds,"Several complex variables and analytic spaces {For infinitedimensional holomorphy, see also 46G20, 58B12}",CR manifolds
32V35,32,32Vxx,Finite-type conditions on CR manifolds,"Several complex variables and analytic spaces {For infinitedimensional holomorphy, see also 46G20, 58B12}",CR manifolds
32V40,32,32Vxx,Real submanifolds in complex manifolds,"Several complex variables and analytic spaces {For infinitedimensional holomorphy, see also 46G20, 58B12}",CR manifolds
32V99,32,32Vxx,"None of the above, but in this section","Several complex variables and analytic spaces {For infinitedimensional holomorphy, see also 46G20, 58B12}",CR manifolds
32W05,32,32Wxx,∂ and ∂-Neumann operators,"Several complex variables and analytic spaces {For infinitedimensional holomorphy, see also 46G20, 58B12}",Differential operators in several variables
32W10,32,32Wxx,∂ b and ∂ b -Neumann operators,"Several complex variables and analytic spaces {For infinitedimensional holomorphy, see also 46G20, 58B12}",Differential operators in several variables
32W20,32,32Wxx,Complex Monge-Ampère operators,"Several complex variables and analytic spaces {For infinitedimensional holomorphy, see also 46G20, 58B12}",Differential operators in several variables
32W25,32,32Wxx,Pseudodifferential operators in several complex variables,"Several complex variables and analytic spaces {For infinitedimensional holomorphy, see also 46G20, 58B12}",Differential operators in several variables
32W30,32,32Wxx,Heat kernels in several complex variables,"Several complex variables and analytic spaces {For infinitedimensional holomorphy, see also 46G20, 58B12}",Differential operators in several variables
32W50,32,32Wxx,Other partial differential equations of complex analysis in several variables,"Several complex variables and analytic spaces {For infinitedimensional holomorphy, see also 46G20, 58B12}",Differential operators in several variables
32W99,32,32Wxx,"None of the above, but in this section","Several complex variables and analytic spaces {For infinitedimensional holomorphy, see also 46G20, 58B12}",Differential operators in several variables
33B10,33,33Bxx,Exponential and trigonometric functions,Special functions (33-XX deals with the properties of functions,Elementary classical functions
33B15,33,33Bxx,"Gamma, beta and polygamma functions",Special functions (33-XX deals with the properties of functions,Elementary classical functions
33B20,33,33Bxx,"Incomplete beta and gamma functions (error functions, probability integral, Fresnel integrals)",Special functions (33-XX deals with the properties of functions,Elementary classical functions
33B30,33,33Bxx,Higher logarithm functions,Special functions (33-XX deals with the properties of functions,Elementary classical functions
33B99,33,33Bxx,"None of the above, but in this section",Special functions (33-XX deals with the properties of functions,Elementary classical functions
33C05,33,33Cxx,"Classical hypergeometric functions, 2 F1",Special functions (33-XX deals with the properties of functions,Hypergeometric functions
33C10,33,33Cxx,"Bessel and Airy functions, cylinder functions, 0 F1",Special functions (33-XX deals with the properties of functions,Hypergeometric functions
33C15,33,33Cxx,"Confluent hypergeometric functions, Whittaker functions, 1 F1",Special functions (33-XX deals with the properties of functions,Hypergeometric functions
33C20,33,33Cxx,"Generalized hypergeometric series, p Fq",Special functions (33-XX deals with the properties of functions,Hypergeometric functions
33C45,33,33Cxx,"Orthogonal polynomials and functions of hypergeometric type (Jacobi, Laguerre, Hermite, Askey scheme,",Special functions (33-XX deals with the properties of functions,Hypergeometric functions
33C47,33,33Cxx,Other special orthogonal polynomials and functions,Special functions (33-XX deals with the properties of functions,Hypergeometric functions
33C50,33,33Cxx,Orthogonal polynomials and functions in several variables expressible in terms of special functions in one,Special functions (33-XX deals with the properties of functions,Hypergeometric functions
33C52,33,33Cxx,Orthogonal polynomials and functions associated with root systems,Special functions (33-XX deals with the properties of functions,Hypergeometric functions
33C55,33,33Cxx,Spherical harmonics,Special functions (33-XX deals with the properties of functions,Hypergeometric functions
33C60,33,33Cxx,"Hypergeometric integrals and functions defined by them (E, G, H and I functions)",Special functions (33-XX deals with the properties of functions,Hypergeometric functions
33C65,33,33Cxx,"Appell, Horn and Lauricella functions",Special functions (33-XX deals with the properties of functions,Hypergeometric functions
33C67,33,33Cxx,Hypergeometric functions associated with root systems,Special functions (33-XX deals with the properties of functions,Hypergeometric functions
33C70,33,33Cxx,Other hypergeometric functions and integrals in several variables,Special functions (33-XX deals with the properties of functions,Hypergeometric functions
33C75,33,33Cxx,Elliptic integrals as hypergeometric functions,Special functions (33-XX deals with the properties of functions,Hypergeometric functions
33C80,33,33Cxx,"Connections of hypergeometric functions with groups and algebras, and related topics",Special functions (33-XX deals with the properties of functions,Hypergeometric functions
33C90,33,33Cxx,Applications of hypergeometric functions,Special functions (33-XX deals with the properties of functions,Hypergeometric functions
33C99,33,33Cxx,"None of the above, but in this section",Special functions (33-XX deals with the properties of functions,Hypergeometric functions
33D05,33,33Dxx,"q-gamma functions, q-beta functions and integrals",Special functions (33-XX deals with the properties of functions,Basic hypergeometric functions
33D15,33,33Dxx,"Basic hypergeometric functions in one variable, r φs",Special functions (33-XX deals with the properties of functions,Basic hypergeometric functions
33D45,33,33Dxx,"Basic orthogonal polynomials and functions (Askey-Wilson polynomials, etc.)",Special functions (33-XX deals with the properties of functions,Basic hypergeometric functions
33D50,33,33Dxx,Orthogonal polynomials and functions in several variables expressible in terms of basic hypergeometric,Special functions (33-XX deals with the properties of functions,Basic hypergeometric functions
33D52,33,33Dxx,"Basic orthogonal polynomials and functions associated with root systems (Macdonald polynomials, etc.)",Special functions (33-XX deals with the properties of functions,Basic hypergeometric functions
33D60,33,33Dxx,Basic hypergeometric integrals and functions defined by them,Special functions (33-XX deals with the properties of functions,Basic hypergeometric functions
33D65,33,33Dxx,Bibasic functions and multiple bases,Special functions (33-XX deals with the properties of functions,Basic hypergeometric functions
33D67,33,33Dxx,Basic hypergeometric functions associated with root systems,Special functions (33-XX deals with the properties of functions,Basic hypergeometric functions
33D70,33,33Dxx,Other basic hypergeometric functions and integrals in several variables,Special functions (33-XX deals with the properties of functions,Basic hypergeometric functions
33D80,33,33Dxx,"Connections of basic hypergeometric functions with quantum groups, Chevalley groups, p-adic groups, Hecke",Special functions (33-XX deals with the properties of functions,Basic hypergeometric functions
33D90,33,33Dxx,Applications of basic hypergeometric functions,Special functions (33-XX deals with the properties of functions,Basic hypergeometric functions
33D99,33,33Dxx,"None of the above, but in this section",Special functions (33-XX deals with the properties of functions,Basic hypergeometric functions
33E05,33,33Exx,Elliptic functions and integrals,Special functions (33-XX deals with the properties of functions,Other special functions
33E10,33,33Exx,"Lamé, Mathieu, and spheroidal wave functions",Special functions (33-XX deals with the properties of functions,Other special functions
33E12,33,33Exx,Mittag-Leffler functions and generalizations,Special functions (33-XX deals with the properties of functions,Other special functions
33E15,33,33Exx,Other wave functions,Special functions (33-XX deals with the properties of functions,Other special functions
33E17,33,33Exx,Painlevé-type functions,Special functions (33-XX deals with the properties of functions,Other special functions
33E20,33,33Exx,Other functions defined by series and integrals,Special functions (33-XX deals with the properties of functions,Other special functions
33E30,33,33Exx,"Other functions coming from differential, difference and integral equations",Special functions (33-XX deals with the properties of functions,Other special functions
33E50,33,33Exx,"Special functions in characteristic p (gamma functions, etc.)",Special functions (33-XX deals with the properties of functions,Other special functions
33E99,33,33Exx,"None of the above, but in this section",Special functions (33-XX deals with the properties of functions,Other special functions
33F05,33,33Fxx,Numerical approximation and evaluation of special functions [See also 65D20],Special functions (33-XX deals with the properties of functions,"Computational aspects of special functions {For software etc., see 33-04}"
33F10,33,33Fxx,"Symbolic computation of special functions (Gosper and Zeilberger algorithms, etc.) [See also 68W30]",Special functions (33-XX deals with the properties of functions,"Computational aspects of special functions {For software etc., see 33-04}"
33F99,33,33Fxx,"None of the above, but in this section",Special functions (33-XX deals with the properties of functions,"Computational aspects of special functions {For software etc., see 33-04}"
34A05,34,34Axx,"Explicit solutions, first integrals of ordinary differential equations",Ordinary differential equations,General theory for ordinary differential equations
34A06,34,34Axx,"Generalized ordinary differential equations (measure-differential equations, set-valued differential equations,",Ordinary differential equations,General theory for ordinary differential equations
34A07,34,34Axx,Fuzzy ordinary differential equations,Ordinary differential equations,General theory for ordinary differential equations
34A08,34,34Axx,Fractional ordinary differential equations,Ordinary differential equations,General theory for ordinary differential equations
34A09,34,34Axx,"Implicit ordinary differential equations, differential-algebraic equations",Ordinary differential equations,General theory for ordinary differential equations
34A12,34,34Axx,"Initial value problems, existence, uniqueness, continuous dependence and continuation of solutions to ordinary differential equations",Ordinary differential equations,General theory for ordinary differential equations
34A25,34,34Axx,"Analytical theory of ordinary differential equations: series, transformations, transforms, operational calculus,",Ordinary differential equations,General theory for ordinary differential equations
34A26,34,34Axx,Geometric methods in ordinary differential equations,Ordinary differential equations,General theory for ordinary differential equations
34A30,34,34Axx,Linear ordinary differential equations and systems,Ordinary differential equations,General theory for ordinary differential equations
34A33,34,34Axx,Ordinary lattice differential equations,Ordinary differential equations,General theory for ordinary differential equations
34A34,34,34Axx,Nonlinear ordinary differential equations and systems,Ordinary differential equations,General theory for ordinary differential equations
34A35,34,34Axx,Ordinary differential equations of infinite order,Ordinary differential equations,General theory for ordinary differential equations
34A36,34,34Axx,Discontinuous ordinary differential equations,Ordinary differential equations,General theory for ordinary differential equations
34A37,34,34Axx,Ordinary differential equations with impulses,Ordinary differential equations,General theory for ordinary differential equations
34A38,34,34Axx,Hybrid systems of ordinary differential equations,Ordinary differential equations,General theory for ordinary differential equations
34A40,34,34Axx,Differential inequalities involving functions of a single real variable [See also 26D20],Ordinary differential equations,General theory for ordinary differential equations
34A45,34,34Axx,"Theoretical approximation of solutions to ordinary differential equations {For numerical analysis, see 65Lxx}",Ordinary differential equations,General theory for ordinary differential equations
34A55,34,34Axx,Inverse problems involving ordinary differential equations,Ordinary differential equations,General theory for ordinary differential equations
34A60,34,34Axx,"Ordinary differential inclusions [See also 49J21, 49K21]",Ordinary differential equations,General theory for ordinary differential equations
34A99,34,34Axx,"None of the above, but in this section",Ordinary differential equations,General theory for ordinary differential equations
34B05,34,34Bxx,Linear boundary value problems for ordinary differential equations,Ordinary differential equations,"Boundary value problems for ordinary differential equations {For ordinary differential operators, see 34Lxx}"
34B07,34,34Bxx,Linear boundary value problems for ordinary differential equations with nonlinear dependence on the spectral,Ordinary differential equations,"Boundary value problems for ordinary differential equations {For ordinary differential operators, see 34Lxx}"
34B08,34,34Bxx,Parameter dependent boundary value problems for ordinary differential equations,Ordinary differential equations,"Boundary value problems for ordinary differential equations {For ordinary differential operators, see 34Lxx}"
34B09,34,34Bxx,Boundary eigenvalue problems for ordinary differential equations,Ordinary differential equations,"Boundary value problems for ordinary differential equations {For ordinary differential operators, see 34Lxx}"
34B10,34,34Bxx,Nonlocal and multipoint boundary value problems for ordinary differential equations,Ordinary differential equations,"Boundary value problems for ordinary differential equations {For ordinary differential operators, see 34Lxx}"
34B15,34,34Bxx,Nonlinear boundary value problems for ordinary differential equations,Ordinary differential equations,"Boundary value problems for ordinary differential equations {For ordinary differential operators, see 34Lxx}"
34B16,34,34Bxx,Singular nonlinear boundary value problems for ordinary differential equations,Ordinary differential equations,"Boundary value problems for ordinary differential equations {For ordinary differential operators, see 34Lxx}"
34B18,34,34Bxx,Positive solutions to nonlinear boundary value problems for ordinary differential equations,Ordinary differential equations,"Boundary value problems for ordinary differential equations {For ordinary differential operators, see 34Lxx}"
34B20,34,34Bxx,Weyl theory and its generalizations for ordinary differential equations,Ordinary differential equations,"Boundary value problems for ordinary differential equations {For ordinary differential operators, see 34Lxx}"
34B24,34,34Bxx,Sturm-Liouville theory [See also 34Lxx],Ordinary differential equations,"Boundary value problems for ordinary differential equations {For ordinary differential operators, see 34Lxx}"
34B27,34,34Bxx,Green’s functions for ordinary differential equations,Ordinary differential equations,"Boundary value problems for ordinary differential equations {For ordinary differential operators, see 34Lxx}"
34B30,34,34Bxx,"Special ordinary differential equations (Mathieu, Hill, Bessel, etc.)",Ordinary differential equations,"Boundary value problems for ordinary differential equations {For ordinary differential operators, see 34Lxx}"
34B37,34,34Bxx,Boundary value problems with impulses for ordinary differential equations,Ordinary differential equations,"Boundary value problems for ordinary differential equations {For ordinary differential operators, see 34Lxx}"
34B40,34,34Bxx,Boundary value problems on infinite intervals for ordinary differential equations,Ordinary differential equations,"Boundary value problems for ordinary differential equations {For ordinary differential operators, see 34Lxx}"
34B45,34,34Bxx,Boundary value problems on graphs and networks for ordinary differential equations,Ordinary differential equations,"Boundary value problems for ordinary differential equations {For ordinary differential operators, see 34Lxx}"
34B60,34,34Bxx,Applications of boundary value problems involving ordinary differential equations,Ordinary differential equations,"Boundary value problems for ordinary differential equations {For ordinary differential operators, see 34Lxx}"
34B99,34,34Bxx,"None of the above, but in this section",Ordinary differential equations,"Boundary value problems for ordinary differential equations {For ordinary differential operators, see 34Lxx}"
34C05,34,34Cxx,"Topological structure of integral curves, singular points, limit cycles of ordinary differential equations",Ordinary differential equations,Qualitative theory for ordinary differential equations [See also 37-XX]
34C07,34,34Cxx,"Theory of limit cycles of polynomial and analytic vector fields (existence, uniqueness, bounds, Hilbert’s 16th",Ordinary differential equations,Qualitative theory for ordinary differential equations [See also 37-XX]
34C08,34,34Cxx,"Ordinary differential equations and connections with real algebraic geometry (fewnomials, desingularization,",Ordinary differential equations,Qualitative theory for ordinary differential equations [See also 37-XX]
34C10,34,34Cxx,"Oscillation theory, zeros, disconjugacy and comparison theory for ordinary differential equations",Ordinary differential equations,Qualitative theory for ordinary differential equations [See also 37-XX]
34C11,34,34Cxx,Growth and boundedness of solutions to ordinary differential equations,Ordinary differential equations,Qualitative theory for ordinary differential equations [See also 37-XX]
34C12,34,34Cxx,Monotone systems involving ordinary differential equations,Ordinary differential equations,Qualitative theory for ordinary differential equations [See also 37-XX]
34C14,34,34Cxx,"Symmetries, invariants of ordinary differential equations [See also 37C79]",Ordinary differential equations,Qualitative theory for ordinary differential equations [See also 37-XX]
34C15,34,34Cxx,Nonlinear oscillations and coupled oscillators for ordinary differential equations,Ordinary differential equations,Qualitative theory for ordinary differential equations [See also 37-XX]
34C20,34,34Cxx,"Transformation and reduction of ordinary differential equations and systems, normal forms",Ordinary differential equations,Qualitative theory for ordinary differential equations [See also 37-XX]
34C23,34,34Cxx,Bifurcation theory for ordinary differential equations [See also 37Gxx],Ordinary differential equations,Qualitative theory for ordinary differential equations [See also 37-XX]
34C25,34,34Cxx,Periodic solutions to ordinary differential equations,Ordinary differential equations,Qualitative theory for ordinary differential equations [See also 37-XX]
34C26,34,34Cxx,Relaxation oscillations for ordinary differential equations,Ordinary differential equations,Qualitative theory for ordinary differential equations [See also 37-XX]
34C27,34,34Cxx,Almost and pseudo-almost periodic solutions to ordinary differential equations,Ordinary differential equations,Qualitative theory for ordinary differential equations [See also 37-XX]
34C28,34,34Cxx,Complex behavior and chaotic systems of ordinary differential equations [See also 37Dxx],Ordinary differential equations,Qualitative theory for ordinary differential equations [See also 37-XX]
34C29,34,34Cxx,Averaging method for ordinary differential equations,Ordinary differential equations,Qualitative theory for ordinary differential equations [See also 37-XX]
34C37,34,34Cxx,Homoclinic and heteroclinic solutions to ordinary differential equations,Ordinary differential equations,Qualitative theory for ordinary differential equations [See also 37-XX]
34C40,34,34Cxx,Ordinary differential equations and systems on manifolds,Ordinary differential equations,Qualitative theory for ordinary differential equations [See also 37-XX]
34C41,34,34Cxx,Equivalence and asymptotic equivalence of ordinary differential equations,Ordinary differential equations,Qualitative theory for ordinary differential equations [See also 37-XX]
34C45,34,34Cxx,Invariant manifolds for ordinary differential equations,Ordinary differential equations,Qualitative theory for ordinary differential equations [See also 37-XX]
34C46,34,34Cxx,Multifrequency systems of ordinary differential equations,Ordinary differential equations,Qualitative theory for ordinary differential equations [See also 37-XX]
34C55,34,34Cxx,Hysteresis for ordinary differential equations,Ordinary differential equations,Qualitative theory for ordinary differential equations [See also 37-XX]
34C60,34,34Cxx,Qualitative investigation and simulation of ordinary differential equation models,Ordinary differential equations,Qualitative theory for ordinary differential equations [See also 37-XX]
34C99,34,34Cxx,"None of the above, but in this section",Ordinary differential equations,Qualitative theory for ordinary differential equations [See also 37-XX]
34D05,34,34Dxx,Asymptotic properties of solutions to ordinary differential equations,Ordinary differential equations,"Stability theory for ordinary differential equations [See also 37C75, 93Dxx]"
34D06,34,34Dxx,Synchronization of solutions to ordinary differential equations,Ordinary differential equations,"Stability theory for ordinary differential equations [See also 37C75, 93Dxx]"
34D08,34,34Dxx,Characteristic and Lyapunov exponents of ordinary differential equations,Ordinary differential equations,"Stability theory for ordinary differential equations [See also 37C75, 93Dxx]"
34D09,34,34Dxx,"Dichotomy, trichotomy of solutions to ordinary differential equations",Ordinary differential equations,"Stability theory for ordinary differential equations [See also 37C75, 93Dxx]"
34D10,34,34Dxx,Perturbations of ordinary differential equations,Ordinary differential equations,"Stability theory for ordinary differential equations [See also 37C75, 93Dxx]"
34D15,34,34Dxx,Singular perturbations of ordinary differential equations,Ordinary differential equations,"Stability theory for ordinary differential equations [See also 37C75, 93Dxx]"
34D20,34,34Dxx,Stability of solutions to ordinary differential equations,Ordinary differential equations,"Stability theory for ordinary differential equations [See also 37C75, 93Dxx]"
34D23,34,34Dxx,Global stability of solutions to ordinary differential equations,Ordinary differential equations,"Stability theory for ordinary differential equations [See also 37C75, 93Dxx]"
34D30,34,34Dxx,Structural stability and analogous concepts of solutions to ordinary differential equations [See also 37C20],Ordinary differential equations,"Stability theory for ordinary differential equations [See also 37C75, 93Dxx]"
34D35,34,34Dxx,Stability of manifolds of solutions to ordinary differential equations,Ordinary differential equations,"Stability theory for ordinary differential equations [See also 37C75, 93Dxx]"
34D45,34,34Dxx,"Attractors of solutions to ordinary differential equations [See also 37C70, 37D45]",Ordinary differential equations,"Stability theory for ordinary differential equations [See also 37C75, 93Dxx]"
34D99,34,34Dxx,"None of the above, but in this section",Ordinary differential equations,"Stability theory for ordinary differential equations [See also 37C75, 93Dxx]"
34E05,34,34Exx,Asymptotic expansions of solutions to ordinary differential equations,Ordinary differential equations,Asymptotic theory for ordinary differential equations
34E10,34,34Exx,"Perturbations, asymptotics of solutions to ordinary differential equations",Ordinary differential equations,Asymptotic theory for ordinary differential equations
34E13,34,34Exx,Multiple scale methods for ordinary differential equations,Ordinary differential equations,Asymptotic theory for ordinary differential equations
34E15,34,34Exx,Singular perturbations for ordinary differential equations,Ordinary differential equations,Asymptotic theory for ordinary differential equations
34E17,34,34Exx,Canard solutions to ordinary differential equations,Ordinary differential equations,Asymptotic theory for ordinary differential equations
34E18,34,34Exx,Methods of nonstandard analysis for ordinary differential equations,Ordinary differential equations,Asymptotic theory for ordinary differential equations
34E20,34,34Exx,"Singular perturbations, turning point theory, WKB methods for ordinary differential equations",Ordinary differential equations,Asymptotic theory for ordinary differential equations
34E99,34,34Exx,"None of the above, but in this section",Ordinary differential equations,Asymptotic theory for ordinary differential equations
34F05,34,34Fxx,Ordinary differential equations and systems with randomness,Ordinary differential equations,"Ordinary differential equations and systems with randomness [See also 34K50,"
34F10,34,34Fxx,Bifurcation of solutions to ordinary differential equations involving randomness,Ordinary differential equations,"Ordinary differential equations and systems with randomness [See also 34K50,"
34F15,34,34Fxx,Resonance phenomena for ordinary differential equations involving randomness,Ordinary differential equations,"Ordinary differential equations and systems with randomness [See also 34K50,"
34F99,34,34Fxx,"None of the above, but in this section",Ordinary differential equations,"Ordinary differential equations and systems with randomness [See also 34K50,"
34G10,34,34Gxx,"Linear differential equations in abstract spaces [See also 47D06, 47D09]",Ordinary differential equations,"Differential equations in abstract spaces [See also 34K30, 47Jxx, 58D25]"
34G20,34,34Gxx,"Nonlinear differential equations in abstract spaces [See also 34K30, 47Jxx]",Ordinary differential equations,"Differential equations in abstract spaces [See also 34K30, 47Jxx, 58D25]"
34G25,34,34Gxx,Evolution inclusions,Ordinary differential equations,"Differential equations in abstract spaces [See also 34K30, 47Jxx, 58D25]"
34G99,34,34Gxx,"None of the above, but in this section",Ordinary differential equations,"Differential equations in abstract spaces [See also 34K30, 47Jxx, 58D25]"
34H05,34,34Hxx,Control problems involving ordinary differential equations,Ordinary differential equations,"Control problems involving ordinary differential equations [See also 49J15,"
34H10,34,34Hxx,Chaos control for problems involving ordinary differential equations,Ordinary differential equations,"Control problems involving ordinary differential equations [See also 49J15,"
34H15,34,34Hxx,Stabilization of solutions to ordinary differential equations,Ordinary differential equations,"Control problems involving ordinary differential equations [See also 49J15,"
34H20,34,34Hxx,Bifurcation control of ordinary differential equations,Ordinary differential equations,"Control problems involving ordinary differential equations [See also 49J15,"
34H99,34,34Hxx,"None of the above, but in this section",Ordinary differential equations,"Control problems involving ordinary differential equations [See also 49J15,"
34K04,34,34Kxx,"Symmetries, invariants of functional-differential equations [See also 37C79]",Ordinary differential equations,"Functional-differential equations (including equations with delayed, advanced"
34K05,34,34Kxx,General theory of functional-differential equations,Ordinary differential equations,"Functional-differential equations (including equations with delayed, advanced"
34K06,34,34Kxx,Linear functional-differential equations,Ordinary differential equations,"Functional-differential equations (including equations with delayed, advanced"
34K07,34,34Kxx,Theoretical approximation of solutions to functional-differential equations,Ordinary differential equations,"Functional-differential equations (including equations with delayed, advanced"
34K08,34,34Kxx,Spectral theory of functional-differential operators,Ordinary differential equations,"Functional-differential equations (including equations with delayed, advanced"
34K09,34,34Kxx,Functional-differential inclusions,Ordinary differential equations,"Functional-differential equations (including equations with delayed, advanced"
34K10,34,34Kxx,Boundary value problems for functional-differential equations,Ordinary differential equations,"Functional-differential equations (including equations with delayed, advanced"
34K11,34,34Kxx,Oscillation theory of functional-differential equations,Ordinary differential equations,"Functional-differential equations (including equations with delayed, advanced"
34K12,34,34Kxx,"Growth, boundedness, comparison of solutions to functional-differential equations [See also 37C35]",Ordinary differential equations,"Functional-differential equations (including equations with delayed, advanced"
34K13,34,34Kxx,Periodic solutions to functional-differential equations [See also 37C27],Ordinary differential equations,"Functional-differential equations (including equations with delayed, advanced"
34K14,34,34Kxx,Almost and pseudo-almost periodic solutions to functional-differential equations,Ordinary differential equations,"Functional-differential equations (including equations with delayed, advanced"
34K16,34,34Kxx,Heteroclinic and homoclinic orbits of functional-differential equations [See also 37C29],Ordinary differential equations,"Functional-differential equations (including equations with delayed, advanced"
34K17,34,34Kxx,"Transformation and reduction of functional-differential equations and systems, normal forms",Ordinary differential equations,"Functional-differential equations (including equations with delayed, advanced"
34K18,34,34Kxx,Bifurcation theory of functional-differential equations [See also 37Gxx],Ordinary differential equations,"Functional-differential equations (including equations with delayed, advanced"
34K19,34,34Kxx,Invariant manifolds of functional-differential equations,Ordinary differential equations,"Functional-differential equations (including equations with delayed, advanced"
34K20,34,34Kxx,Stability theory of functional-differential equations [See also 37C75],Ordinary differential equations,"Functional-differential equations (including equations with delayed, advanced"
34K21,34,34Kxx,Stationary solutions of functional-differential equations,Ordinary differential equations,"Functional-differential equations (including equations with delayed, advanced"
34K23,34,34Kxx,Complex (chaotic) behavior of solutions to functional-differential equations [See also 37D45],Ordinary differential equations,"Functional-differential equations (including equations with delayed, advanced"
34K24,34,34Kxx,Synchronization of functional-differential equations,Ordinary differential equations,"Functional-differential equations (including equations with delayed, advanced"
34K25,34,34Kxx,Asymptotic theory of functional-differential equations,Ordinary differential equations,"Functional-differential equations (including equations with delayed, advanced"
34K26,34,34Kxx,Singular perturbations of functional-differential equations,Ordinary differential equations,"Functional-differential equations (including equations with delayed, advanced"
34K27,34,34Kxx,Perturbations of functional-differential equations,Ordinary differential equations,"Functional-differential equations (including equations with delayed, advanced"
34K29,34,34Kxx,Inverse problems for functional-differential equations,Ordinary differential equations,"Functional-differential equations (including equations with delayed, advanced"
34K30,34,34Kxx,"Functional-differential equations in abstract spaces [See also 34Gxx, 35R09, 35R10, 47Jxx]",Ordinary differential equations,"Functional-differential equations (including equations with delayed, advanced"
34K31,34,34Kxx,Lattice functional-differential equations,Ordinary differential equations,"Functional-differential equations (including equations with delayed, advanced"
34K32,34,34Kxx,Implicit functional-differential equations,Ordinary differential equations,"Functional-differential equations (including equations with delayed, advanced"
34K33,34,34Kxx,Averaging for functional-differential equations,Ordinary differential equations,"Functional-differential equations (including equations with delayed, advanced"
34K34,34,34Kxx,Hybrid systems of functional-differential equations,Ordinary differential equations,"Functional-differential equations (including equations with delayed, advanced"
34K35,34,34Kxx,"Control problems for functional-differential equations [See also 49J21, 49K21, 93C23]",Ordinary differential equations,"Functional-differential equations (including equations with delayed, advanced"
34K36,34,34Kxx,Fuzzy functional-differential equations,Ordinary differential equations,"Functional-differential equations (including equations with delayed, advanced"
34K37,34,34Kxx,Functional-differential equations with fractional derivatives,Ordinary differential equations,"Functional-differential equations (including equations with delayed, advanced"
34K38,34,34Kxx,Functional-differential inequalities,Ordinary differential equations,"Functional-differential equations (including equations with delayed, advanced"
34K39,34,34Kxx,Discontinuous functional-differential equations,Ordinary differential equations,"Functional-differential equations (including equations with delayed, advanced"
34K40,34,34Kxx,Neutral functional-differential equations,Ordinary differential equations,"Functional-differential equations (including equations with delayed, advanced"
34K41,34,34Kxx,Functional-differential equations in the complex domain,Ordinary differential equations,"Functional-differential equations (including equations with delayed, advanced"
34K42,34,34Kxx,Functional-differential equations on time scales or measure chains,Ordinary differential equations,"Functional-differential equations (including equations with delayed, advanced"
34K43,34,34Kxx,Functional-differential equations with state-dependent arguments,Ordinary differential equations,"Functional-differential equations (including equations with delayed, advanced"
34K45,34,34Kxx,Functional-differential equations with impulses,Ordinary differential equations,"Functional-differential equations (including equations with delayed, advanced"
34K50,34,34Kxx,"Stochastic functional-differential equations [See also 34Fxx, 60Hxx]",Ordinary differential equations,"Functional-differential equations (including equations with delayed, advanced"
34K60,34,34Kxx,Qualitative investigation and simulation of models involving functional-differential equations,Ordinary differential equations,"Functional-differential equations (including equations with delayed, advanced"
34K99,34,34Kxx,"None of the above, but in this section",Ordinary differential equations,"Functional-differential equations (including equations with delayed, advanced"
34L05,34,34Lxx,General spectral theory of ordinary differential operators,Ordinary differential equations,Ordinary differential operators [See also 47E05]
34L10,34,34Lxx,"Eigenfunctions, eigenfunction expansions, completeness of eigenfunctions of ordinary differential operators",Ordinary differential equations,Ordinary differential operators [See also 47E05]
34L15,34,34Lxx,"Eigenvalues, estimation of eigenvalues, upper and lower bounds of ordinary differential operators",Ordinary differential equations,Ordinary differential operators [See also 47E05]
34L16,34,34Lxx,Numerical approximation of eigenvalues and of other parts of the spectrum of ordinary differential operators,Ordinary differential equations,Ordinary differential operators [See also 47E05]
34L20,34,34Lxx,"Asymptotic distribution of eigenvalues, asymptotic theory of eigenfunctions for ordinary differential operators",Ordinary differential equations,Ordinary differential operators [See also 47E05]
34L25,34,34Lxx,"Scattering theory, inverse scattering involving ordinary differential operators",Ordinary differential equations,Ordinary differential operators [See also 47E05]
34L30,34,34Lxx,Nonlinear ordinary differential operators,Ordinary differential equations,Ordinary differential operators [See also 47E05]
34L40,34,34Lxx,"Particular ordinary differential operators (Dirac, one-dimensional Schrödinger, etc.)",Ordinary differential equations,Ordinary differential operators [See also 47E05]
34L99,34,34Lxx,"None of the above, but in this section",Ordinary differential equations,Ordinary differential operators [See also 47E05]
34M03,34,34Mxx,Linear ordinary differential equations and systems in the complex domain,Ordinary differential equations,"Ordinary differential equations in the complex domain [See also 30Dxx, 32G34]"
34M04,34,34Mxx,Nonlinear ordinary differential equations and systems in the complex domain,Ordinary differential equations,"Ordinary differential equations in the complex domain [See also 30Dxx, 32G34]"
34M05,34,34Mxx,Entire and meromorphic solutions to ordinary differential equations in the complex domain,Ordinary differential equations,"Ordinary differential equations in the complex domain [See also 30Dxx, 32G34]"
34M10,34,34Mxx,"Oscillation, growth of solutions to ordinary differential equations in the complex domain",Ordinary differential equations,"Ordinary differential equations in the complex domain [See also 30Dxx, 32G34]"
34M15,34,34Mxx,"Algebraic aspects (differential-algebraic, hypertranscendence, group-theoretical) of ordinary differential",Ordinary differential equations,"Ordinary differential equations in the complex domain [See also 30Dxx, 32G34]"
34M25,34,34Mxx,Formal solutions and transform techniques for ordinary differential equations in the complex domain,Ordinary differential equations,"Ordinary differential equations in the complex domain [See also 30Dxx, 32G34]"
34M30,34,34Mxx,Asymptotics and summation methods for ordinary differential equations in the complex domain,Ordinary differential equations,"Ordinary differential equations in the complex domain [See also 30Dxx, 32G34]"
34M35,34,34Mxx,"Singularities, monodromy and local behavior of solutions to ordinary differential equations in the complex",Ordinary differential equations,"Ordinary differential equations in the complex domain [See also 30Dxx, 32G34]"
34M40,34,34Mxx,Stokes phenomena and connection problems (linear and nonlinear) for ordinary differential equations in the,Ordinary differential equations,"Ordinary differential equations in the complex domain [See also 30Dxx, 32G34]"
34M45,34,34Mxx,Ordinary differential equations on complex manifolds,Ordinary differential equations,"Ordinary differential equations in the complex domain [See also 30Dxx, 32G34]"
34M46,34,34Mxx,Spectral theory for ordinary differential operators in the complex domain,Ordinary differential equations,"Ordinary differential equations in the complex domain [See also 30Dxx, 32G34]"
34M50,34,34Mxx,"Inverse problems (Riemann-Hilbert, inverse differential Galois, etc.) for ordinary differential equations in",Ordinary differential equations,"Ordinary differential equations in the complex domain [See also 30Dxx, 32G34]"
34M55,34,34Mxx,"Painlevé and other special ordinary differential equations in the complex domain; classification, hierarchies",Ordinary differential equations,"Ordinary differential equations in the complex domain [See also 30Dxx, 32G34]"
34M56,34,34Mxx,Isomonodromic deformations for ordinary differential equations in the complex domain,Ordinary differential equations,"Ordinary differential equations in the complex domain [See also 30Dxx, 32G34]"
34M60,34,34Mxx,"Singular perturbation problems for ordinary differential equations in the complex domain (complex WKB,",Ordinary differential equations,"Ordinary differential equations in the complex domain [See also 30Dxx, 32G34]"
34M65,34,34Mxx,Topological structure of trajectories of ordinary differential equations in the complex domain,Ordinary differential equations,"Ordinary differential equations in the complex domain [See also 30Dxx, 32G34]"
34M99,34,34Mxx,"None of the above, but in this section",Ordinary differential equations,"Ordinary differential equations in the complex domain [See also 30Dxx, 32G34]"
34N05,34,34Nxx,"Dynamic equations on time scales or measure chains {For real analysis on time scales or measure chains, see",Ordinary differential equations,Dynamic equations on time scales or measure chains {For real analysis on time
34N99,34,34Nxx,"None of the above, but in this section",Ordinary differential equations,Dynamic equations on time scales or measure chains {For real analysis on time
35A01,35,35Axx,"Existence problems for PDEs: global existence, local existence, non-existence",Partial differential equations,General topics in partial differential equations
35A02,35,35Axx,"Uniqueness problems for PDEs: global uniqueness, local uniqueness, non-uniqueness",Partial differential equations,General topics in partial differential equations
35A08,35,35Axx,Fundamental solutions to PDEs,Partial differential equations,General topics in partial differential equations
35A09,35,35Axx,Classical solutions to PDEs,Partial differential equations,General topics in partial differential equations
35A10,35,35Axx,Cauchy-Kovalevskaya theorems,Partial differential equations,General topics in partial differential equations
35A15,35,35Axx,Variational methods applied to PDEs,Partial differential equations,General topics in partial differential equations
35A16,35,35Axx,Topological and monotonicity methods applied to PDEs,Partial differential equations,General topics in partial differential equations
35A17,35,35Axx,Parametrices in context of PDEs,Partial differential equations,General topics in partial differential equations
35A18,35,35Axx,Wave front sets in context of PDEs,Partial differential equations,General topics in partial differential equations
35A20,35,35Axx,Analyticity in context of PDEs,Partial differential equations,General topics in partial differential equations
35A21,35,35Axx,Singularity in context of PDEs,Partial differential equations,General topics in partial differential equations
35A22,35,35Axx,"Transform methods (e.g., integral transforms) applied to PDEs",Partial differential equations,General topics in partial differential equations
35A23,35,35Axx,"Inequalities applied to PDEs involving derivatives, differential and integral operators, or integrals",Partial differential equations,General topics in partial differential equations
35A24,35,35Axx,Methods of ordinary differential equations applied to PDEs,Partial differential equations,General topics in partial differential equations
35A25,35,35Axx,Other special methods applied to PDEs,Partial differential equations,General topics in partial differential equations
35A27,35,35Axx,"Microlocal methods and methods of sheaf theory and homological algebra applied to PDEs [See also 32C38,",Partial differential equations,General topics in partial differential equations
35A30,35,35Axx,"Geometric theory, characteristics, transformations in context of PDEs [See also 58J70, 58J72]",Partial differential equations,General topics in partial differential equations
35A35,35,35Axx,"Theoretical approximation in context of PDEs {For numerical analysis, see 65Mxx, 65Nxx}",Partial differential equations,General topics in partial differential equations
35A99,35,35Axx,"None of the above, but in this section",Partial differential equations,General topics in partial differential equations
35B05,35,35Bxx,"Oscillation, zeros of solutions, mean value theorems, etc. in context of PDEs",Partial differential equations,Qualitative properties of solutions to partial differential equations
35B06,35,35Bxx,"Symmetries, invariants, etc. in context of PDEs",Partial differential equations,Qualitative properties of solutions to partial differential equations
35B07,35,35Bxx,Axially symmetric solutions to PDEs,Partial differential equations,Qualitative properties of solutions to partial differential equations
35B08,35,35Bxx,Entire solutions to PDEs,Partial differential equations,Qualitative properties of solutions to partial differential equations
35B09,35,35Bxx,Positive solutions to PDEs,Partial differential equations,Qualitative properties of solutions to partial differential equations
35B10,35,35Bxx,Periodic solutions to PDEs,Partial differential equations,Qualitative properties of solutions to partial differential equations
35B15,35,35Bxx,Almost and pseudo-almost periodic solutions to PDEs,Partial differential equations,Qualitative properties of solutions to partial differential equations
35B20,35,35Bxx,Perturbations in context of PDEs,Partial differential equations,Qualitative properties of solutions to partial differential equations
35B25,35,35Bxx,Singular perturbations in context of PDEs,Partial differential equations,Qualitative properties of solutions to partial differential equations
35B27,35,35Bxx,"Homogenization in context of PDEs; PDEs in media with periodic structure [See also 74Q05, 74Q10, 76M50,",Partial differential equations,Qualitative properties of solutions to partial differential equations
35B30,35,35Bxx,Dependence of solutions to PDEs on initial and/or boundary data and/or on parameters of PDEs [See also,Partial differential equations,Qualitative properties of solutions to partial differential equations
35B32,35,35Bxx,"Bifurcations in context of PDEs [See also 34C23, 34F10, 34H20, 37F46, 37Gxx, 37H20, 37J20, 37K50, 37L10,",Partial differential equations,Qualitative properties of solutions to partial differential equations
35B33,35,35Bxx,Critical exponents in context of PDEs,Partial differential equations,Qualitative properties of solutions to partial differential equations
35B34,35,35Bxx,"Resonance in context of PDEs [See also 34F15, 70J40, 70K28, 70K30, 81U24]",Partial differential equations,Qualitative properties of solutions to partial differential equations
35B35,35,35Bxx,"Stability in context of PDEs [See also 34Dxx, 37B25, 37C20, 37C75, 37F15, 37J25, 37K45, 37L15, 49K40,",Partial differential equations,Qualitative properties of solutions to partial differential equations
35B36,35,35Bxx,Pattern formations in context of PDEs [See also 92C15],Partial differential equations,Qualitative properties of solutions to partial differential equations
35B38,35,35Bxx,"Critical points of functionals in context of PDEs (e.g., energy functionals) [See also 57R70, 58K05, 58E05]",Partial differential equations,Qualitative properties of solutions to partial differential equations
35B40,35,35Bxx,Asymptotic behavior of solutions to PDEs,Partial differential equations,Qualitative properties of solutions to partial differential equations
35B41,35,35Bxx,"Attractors [See also 34D45, 37B35, 37C70, 37D45, 37G35, 37L30, 37M22]",Partial differential equations,Qualitative properties of solutions to partial differential equations
35B42,35,35Bxx,Inertial manifolds [See also 37L25],Partial differential equations,Qualitative properties of solutions to partial differential equations
35B44,35,35Bxx,Blow-up in context of PDEs,Partial differential equations,Qualitative properties of solutions to partial differential equations
35B45,35,35Bxx,A priori estimates in context of PDEs,Partial differential equations,Qualitative properties of solutions to partial differential equations
35B50,35,35Bxx,Maximum principles in context of PDEs,Partial differential equations,Qualitative properties of solutions to partial differential equations
35B51,35,35Bxx,Comparison principles in context of PDEs,Partial differential equations,Qualitative properties of solutions to partial differential equations
35B53,35,35Bxx,Liouville theorems and Phragmén-Lindelöf theorems in context of PDEs,Partial differential equations,Qualitative properties of solutions to partial differential equations
35B60,35,35Bxx,"Continuation and prolongation of solutions to PDEs [See also 58A15, 58A17, 58Hxx]",Partial differential equations,Qualitative properties of solutions to partial differential equations
35B65,35,35Bxx,Smoothness and regularity of solutions to PDEs,Partial differential equations,Qualitative properties of solutions to partial differential equations
35B99,35,35Bxx,"None of the above, but in this section",Partial differential equations,Qualitative properties of solutions to partial differential equations
35C05,35,35Cxx,Solutions to PDEs in closed form,Partial differential equations,Representations of solutions to partial differential equations
35C06,35,35Cxx,Self-similar solutions to PDEs,Partial differential equations,Representations of solutions to partial differential equations
35C07,35,35Cxx,Traveling wave solutions,Partial differential equations,Representations of solutions to partial differential equations
35C08,35,35Cxx,Soliton solutions [See also 37K40],Partial differential equations,Representations of solutions to partial differential equations
35C09,35,35Cxx,Trigonometric solutions to PDEs,Partial differential equations,Representations of solutions to partial differential equations
35C10,35,35Cxx,Series solutions to PDEs,Partial differential equations,Representations of solutions to partial differential equations
35C11,35,35Cxx,Polynomial solutions to PDEs,Partial differential equations,Representations of solutions to partial differential equations
35C15,35,35Cxx,Integral representations of solutions to PDEs,Partial differential equations,Representations of solutions to partial differential equations
35C20,35,35Cxx,Asymptotic expansions of solutions to PDEs,Partial differential equations,Representations of solutions to partial differential equations
35C99,35,35Cxx,"None of the above, but in this section",Partial differential equations,Representations of solutions to partial differential equations
35D30,35,35Dxx,Weak solutions to PDEs,Partial differential equations,Generalized solutions to partial differential equations
35D35,35,35Dxx,Strong solutions to PDEs,Partial differential equations,Generalized solutions to partial differential equations
35D40,35,35Dxx,Viscosity solutions to PDEs,Partial differential equations,Generalized solutions to partial differential equations
35D99,35,35Dxx,"None of the above, but in this section",Partial differential equations,Generalized solutions to partial differential equations
35E05,35,35Exx,Fundamental solutions to PDEs and systems of PDEs with constant coefficients,Partial differential equations,Partial differential equations and systems of partial differential equations with
35E10,35,35Exx,Convexity properties of solutions to PDEs with constant coefficients,Partial differential equations,Partial differential equations and systems of partial differential equations with
35E15,35,35Exx,Initial value problems for PDEs and systems of PDEs with constant coefficients,Partial differential equations,Partial differential equations and systems of partial differential equations with
35E20,35,35Exx,General theory of PDEs and systems of PDEs with constant coefficients,Partial differential equations,Partial differential equations and systems of partial differential equations with
35E99,35,35Exx,"None of the above, but in this section",Partial differential equations,Partial differential equations and systems of partial differential equations with
35F05,35,35Fxx,Linear first-order PDEs,Partial differential equations,General first-order partial differential equations and systems of first-order partial differential equations
35F10,35,35Fxx,Initial value problems for linear first-order PDEs,Partial differential equations,General first-order partial differential equations and systems of first-order partial differential equations
35F15,35,35Fxx,Boundary value problems for linear first-order PDEs,Partial differential equations,General first-order partial differential equations and systems of first-order partial differential equations
35F16,35,35Fxx,Initial-boundary value problems for linear first-order PDEs,Partial differential equations,General first-order partial differential equations and systems of first-order partial differential equations
35F20,35,35Fxx,Nonlinear first-order PDEs,Partial differential equations,General first-order partial differential equations and systems of first-order partial differential equations
35F21,35,35Fxx,"Hamilton-Jacobi equations {For calculus of variations and optimal control, see 49Lxx; for mechanics of",Partial differential equations,General first-order partial differential equations and systems of first-order partial differential equations
35F25,35,35Fxx,Initial value problems for nonlinear first-order PDEs,Partial differential equations,General first-order partial differential equations and systems of first-order partial differential equations
35F30,35,35Fxx,Boundary value problems for nonlinear first-order PDEs,Partial differential equations,General first-order partial differential equations and systems of first-order partial differential equations
35F31,35,35Fxx,Initial-boundary value problems for nonlinear first-order PDEs,Partial differential equations,General first-order partial differential equations and systems of first-order partial differential equations
35F35,35,35Fxx,Systems of linear first-order PDEs,Partial differential equations,General first-order partial differential equations and systems of first-order partial differential equations
35F40,35,35Fxx,Initial value problems for systems of linear first-order PDEs,Partial differential equations,General first-order partial differential equations and systems of first-order partial differential equations
35F45,35,35Fxx,Boundary value problems for systems of linear first-order PDEs,Partial differential equations,General first-order partial differential equations and systems of first-order partial differential equations
35F46,35,35Fxx,Initial-boundary value problems for systems of linear first-order PDEs,Partial differential equations,General first-order partial differential equations and systems of first-order partial differential equations
35F50,35,35Fxx,Systems of nonlinear first-order PDEs,Partial differential equations,General first-order partial differential equations and systems of first-order partial differential equations
35F55,35,35Fxx,Initial value problems for systems of nonlinear first-order PDEs,Partial differential equations,General first-order partial differential equations and systems of first-order partial differential equations
35F60,35,35Fxx,Boundary value problems for systems of nonlinear first-order PDEs,Partial differential equations,General first-order partial differential equations and systems of first-order partial differential equations
35F61,35,35Fxx,Initial-boundary value problems for systems of nonlinear first-order PDEs,Partial differential equations,General first-order partial differential equations and systems of first-order partial differential equations
35F99,35,35Fxx,"None of the above, but in this section",Partial differential equations,General first-order partial differential equations and systems of first-order partial differential equations
35G05,35,35Gxx,Linear higher-order PDEs,Partial differential equations,General higher-order partial differential equations and systems of higher-order
35G10,35,35Gxx,Initial value problems for linear higher-order PDEs,Partial differential equations,General higher-order partial differential equations and systems of higher-order
35G15,35,35Gxx,Boundary value problems for linear higher-order PDEs,Partial differential equations,General higher-order partial differential equations and systems of higher-order
35G16,35,35Gxx,Initial-boundary value problems for linear higher-order PDEs,Partial differential equations,General higher-order partial differential equations and systems of higher-order
35G20,35,35Gxx,Nonlinear higher-order PDEs,Partial differential equations,General higher-order partial differential equations and systems of higher-order
35G25,35,35Gxx,Initial value problems for nonlinear higher-order PDEs,Partial differential equations,General higher-order partial differential equations and systems of higher-order
35G30,35,35Gxx,Boundary value problems for nonlinear higher-order PDEs,Partial differential equations,General higher-order partial differential equations and systems of higher-order
35G31,35,35Gxx,Initial-boundary value problems for nonlinear higher-order PDEs,Partial differential equations,General higher-order partial differential equations and systems of higher-order
35G35,35,35Gxx,Systems of linear higher-order PDEs,Partial differential equations,General higher-order partial differential equations and systems of higher-order
35G40,35,35Gxx,Initial value problems for systems of linear higher-order PDEs,Partial differential equations,General higher-order partial differential equations and systems of higher-order
35G45,35,35Gxx,Boundary value problems for systems of linear higher-order PDEs,Partial differential equations,General higher-order partial differential equations and systems of higher-order
35G46,35,35Gxx,Initial-boundary value problems for systems of linear higher-order PDEs,Partial differential equations,General higher-order partial differential equations and systems of higher-order
35G50,35,35Gxx,Systems of nonlinear higher-order PDEs,Partial differential equations,General higher-order partial differential equations and systems of higher-order
35G55,35,35Gxx,Initial value problems for systems of nonlinear higher-order PDEs,Partial differential equations,General higher-order partial differential equations and systems of higher-order
35G60,35,35Gxx,Boundary value problems for systems of nonlinear higher-order PDEs,Partial differential equations,General higher-order partial differential equations and systems of higher-order
35G61,35,35Gxx,Initial-boundary value problems for systems of nonlinear higher-order PDEs,Partial differential equations,General higher-order partial differential equations and systems of higher-order
35G99,35,35Gxx,"None of the above, but in this section",Partial differential equations,General higher-order partial differential equations and systems of higher-order
35H10,35,35Hxx,Hypoelliptic equations,Partial differential equations,Close-to-elliptic equations
35H20,35,35Hxx,Subelliptic equations,Partial differential equations,Close-to-elliptic equations
35H30,35,35Hxx,Quasielliptic equations,Partial differential equations,Close-to-elliptic equations
35H99,35,35Hxx,"None of the above, but in this section",Partial differential equations,Close-to-elliptic equations
35J05,35,35Jxx,"Laplace operator, Helmholtz equation (reduced wave equation), Poisson equation [See also 31Axx, 31Bxx]",Partial differential equations,"Elliptic equations and elliptic systems {For global analysis, analysis on manifolds,"
35J08,35,35Jxx,Green’s functions for elliptic equations,Partial differential equations,"Elliptic equations and elliptic systems {For global analysis, analysis on manifolds,"
35J10,35,35Jxx,"Schrödinger operator, Schrödinger equation {For ordinary differential equations, see 34L40; for operator",Partial differential equations,"Elliptic equations and elliptic systems {For global analysis, analysis on manifolds,"
35J15,35,35Jxx,Second-order elliptic equations,Partial differential equations,"Elliptic equations and elliptic systems {For global analysis, analysis on manifolds,"
35J20,35,35Jxx,Variational methods for second-order elliptic equations,Partial differential equations,"Elliptic equations and elliptic systems {For global analysis, analysis on manifolds,"
35J25,35,35Jxx,Boundary value problems for second-order elliptic equations,Partial differential equations,"Elliptic equations and elliptic systems {For global analysis, analysis on manifolds,"
35J30,35,35Jxx,"Higher-order elliptic equations [See also 31A30, 31B30]",Partial differential equations,"Elliptic equations and elliptic systems {For global analysis, analysis on manifolds,"
35J35,35,35Jxx,Variational methods for higher-order elliptic equations,Partial differential equations,"Elliptic equations and elliptic systems {For global analysis, analysis on manifolds,"
35J40,35,35Jxx,Boundary value problems for higher-order elliptic equations,Partial differential equations,"Elliptic equations and elliptic systems {For global analysis, analysis on manifolds,"
35J46,35,35Jxx,First-order elliptic systems,Partial differential equations,"Elliptic equations and elliptic systems {For global analysis, analysis on manifolds,"
35J47,35,35Jxx,Second-order elliptic systems,Partial differential equations,"Elliptic equations and elliptic systems {For global analysis, analysis on manifolds,"
35J48,35,35Jxx,Higher-order elliptic systems,Partial differential equations,"Elliptic equations and elliptic systems {For global analysis, analysis on manifolds,"
35J50,35,35Jxx,Variational methods for elliptic systems,Partial differential equations,"Elliptic equations and elliptic systems {For global analysis, analysis on manifolds,"
35J56,35,35Jxx,Boundary value problems for first-order elliptic systems,Partial differential equations,"Elliptic equations and elliptic systems {For global analysis, analysis on manifolds,"
35J57,35,35Jxx,Boundary value problems for second-order elliptic systems,Partial differential equations,"Elliptic equations and elliptic systems {For global analysis, analysis on manifolds,"
35J58,35,35Jxx,Boundary value problems for higher-order elliptic systems,Partial differential equations,"Elliptic equations and elliptic systems {For global analysis, analysis on manifolds,"
35J60,35,35Jxx,Nonlinear elliptic equations,Partial differential equations,"Elliptic equations and elliptic systems {For global analysis, analysis on manifolds,"
35J61,35,35Jxx,Semilinear elliptic equations,Partial differential equations,"Elliptic equations and elliptic systems {For global analysis, analysis on manifolds,"
35J62,35,35Jxx,Quasilinear elliptic equations,Partial differential equations,"Elliptic equations and elliptic systems {For global analysis, analysis on manifolds,"
35J65,35,35Jxx,Nonlinear boundary value problems for linear elliptic equations,Partial differential equations,"Elliptic equations and elliptic systems {For global analysis, analysis on manifolds,"
35J66,35,35Jxx,Nonlinear boundary value problems for nonlinear elliptic equations,Partial differential equations,"Elliptic equations and elliptic systems {For global analysis, analysis on manifolds,"
35J67,35,35Jxx,Boundary values of solutions to elliptic equations and elliptic systems,Partial differential equations,"Elliptic equations and elliptic systems {For global analysis, analysis on manifolds,"
35J70,35,35Jxx,Degenerate elliptic equations,Partial differential equations,"Elliptic equations and elliptic systems {For global analysis, analysis on manifolds,"
35J75,35,35Jxx,Singular elliptic equations,Partial differential equations,"Elliptic equations and elliptic systems {For global analysis, analysis on manifolds,"
35J86,35,35Jxx,Unilateral problems for linear elliptic equations and variational inequalities with linear elliptic operators [See,Partial differential equations,"Elliptic equations and elliptic systems {For global analysis, analysis on manifolds,"
35J87,35,35Jxx,"Unilateral problems for nonlinear elliptic equations and variational inequalities with nonlinear elliptic operators [See also 35R35, 49J40]",Partial differential equations,"Elliptic equations and elliptic systems {For global analysis, analysis on manifolds,"
35J88,35,35Jxx,Unilateral problems for elliptic systems and systems of variational inequalities with elliptic operators [See,Partial differential equations,"Elliptic equations and elliptic systems {For global analysis, analysis on manifolds,"
35J91,35,35Jxx,"Semilinear elliptic equations with Laplacian, bi-Laplacian or poly-Laplacian",Partial differential equations,"Elliptic equations and elliptic systems {For global analysis, analysis on manifolds,"
35J92,35,35Jxx,Quasilinear elliptic equations with p-Laplacian,Partial differential equations,"Elliptic equations and elliptic systems {For global analysis, analysis on manifolds,"
35J93,35,35Jxx,Quasilinear elliptic equations with mean curvature operator,Partial differential equations,"Elliptic equations and elliptic systems {For global analysis, analysis on manifolds,"
35J94,35,35Jxx,Elliptic equations with infinity-Laplacian,Partial differential equations,"Elliptic equations and elliptic systems {For global analysis, analysis on manifolds,"
35J96,35,35Jxx,"Monge-Ampère equations {For complex Monge-Ampère operators, see 32W20; for parabolic Monge-Ampère",Partial differential equations,"Elliptic equations and elliptic systems {For global analysis, analysis on manifolds,"
35J99,35,35Jxx,"None of the above, but in this section",Partial differential equations,"Elliptic equations and elliptic systems {For global analysis, analysis on manifolds,"
35K05,35,35Kxx,Heat equation,Partial differential equations,"Parabolic equations and parabolic systems {For global analysis, analysis on"
35K08,35,35Kxx,Heat kernel,Partial differential equations,"Parabolic equations and parabolic systems {For global analysis, analysis on"
35K10,35,35Kxx,Second-order parabolic equations,Partial differential equations,"Parabolic equations and parabolic systems {For global analysis, analysis on"
35K15,35,35Kxx,Initial value problems for second-order parabolic equations,Partial differential equations,"Parabolic equations and parabolic systems {For global analysis, analysis on"
35K20,35,35Kxx,Initial-boundary value problems for second-order parabolic equations,Partial differential equations,"Parabolic equations and parabolic systems {For global analysis, analysis on"
35K25,35,35Kxx,Higher-order parabolic equations,Partial differential equations,"Parabolic equations and parabolic systems {For global analysis, analysis on"
35K30,35,35Kxx,Initial value problems for higher-order parabolic equations,Partial differential equations,"Parabolic equations and parabolic systems {For global analysis, analysis on"
35K35,35,35Kxx,Initial-boundary value problems for higher-order parabolic equations,Partial differential equations,"Parabolic equations and parabolic systems {For global analysis, analysis on"
35K40,35,35Kxx,Second-order parabolic systems,Partial differential equations,"Parabolic equations and parabolic systems {For global analysis, analysis on"
35K41,35,35Kxx,Higher-order parabolic systems,Partial differential equations,"Parabolic equations and parabolic systems {For global analysis, analysis on"
35K45,35,35Kxx,Initial value problems for second-order parabolic systems,Partial differential equations,"Parabolic equations and parabolic systems {For global analysis, analysis on"
35K46,35,35Kxx,Initial value problems for higher-order parabolic systems,Partial differential equations,"Parabolic equations and parabolic systems {For global analysis, analysis on"
35K51,35,35Kxx,Initial-boundary value problems for second-order parabolic systems,Partial differential equations,"Parabolic equations and parabolic systems {For global analysis, analysis on"
35K52,35,35Kxx,Initial-boundary value problems for higher-order parabolic systems,Partial differential equations,"Parabolic equations and parabolic systems {For global analysis, analysis on"
35K55,35,35Kxx,Nonlinear parabolic equations,Partial differential equations,"Parabolic equations and parabolic systems {For global analysis, analysis on"
35K57,35,35Kxx,"Reaction-diffusion equations {For diffusion processes and reaction effects, see 47D07, 58J65, 60J60, 60J70,",Partial differential equations,"Parabolic equations and parabolic systems {For global analysis, analysis on"
35K58,35,35Kxx,Semilinear parabolic equations,Partial differential equations,"Parabolic equations and parabolic systems {For global analysis, analysis on"
35K59,35,35Kxx,Quasilinear parabolic equations,Partial differential equations,"Parabolic equations and parabolic systems {For global analysis, analysis on"
35K60,35,35Kxx,"Nonlinear initial, boundary and initial-boundary value problems for linear parabolic equations",Partial differential equations,"Parabolic equations and parabolic systems {For global analysis, analysis on"
35K61,35,35Kxx,"Nonlinear initial, boundary and initial-boundary value problems for nonlinear parabolic equations",Partial differential equations,"Parabolic equations and parabolic systems {For global analysis, analysis on"
35K65,35,35Kxx,Degenerate parabolic equations,Partial differential equations,"Parabolic equations and parabolic systems {For global analysis, analysis on"
35K67,35,35Kxx,Singular parabolic equations,Partial differential equations,"Parabolic equations and parabolic systems {For global analysis, analysis on"
35K70,35,35Kxx,"Ultraparabolic equations, pseudoparabolic equations, etc.",Partial differential equations,"Parabolic equations and parabolic systems {For global analysis, analysis on"
35K85,35,35Kxx,Unilateral problems for linear parabolic equations and variational inequalities with linear parabolic operators,Partial differential equations,"Parabolic equations and parabolic systems {For global analysis, analysis on"
35K86,35,35Kxx,Unilateral problems for nonlinear parabolic equations and variational inequalities with nonlinear parabolic,Partial differential equations,"Parabolic equations and parabolic systems {For global analysis, analysis on"
35K87,35,35Kxx,Unilateral problems for parabolic systems and systems of variational inequalities with parabolic operators,Partial differential equations,"Parabolic equations and parabolic systems {For global analysis, analysis on"
35K90,35,35Kxx,Abstract parabolic equations,Partial differential equations,"Parabolic equations and parabolic systems {For global analysis, analysis on"
35K91,35,35Kxx,"Semilinear parabolic equations with Laplacian, bi-Laplacian or poly-Laplacian",Partial differential equations,"Parabolic equations and parabolic systems {For global analysis, analysis on"
35K92,35,35Kxx,Quasilinear parabolic equations with p-Laplacian,Partial differential equations,"Parabolic equations and parabolic systems {For global analysis, analysis on"
35K93,35,35Kxx,Quasilinear parabolic equations with mean curvature operator,Partial differential equations,"Parabolic equations and parabolic systems {For global analysis, analysis on"
35K96,35,35Kxx,Parabolic Monge-Ampère equations,Partial differential equations,"Parabolic equations and parabolic systems {For global analysis, analysis on"
35K99,35,35Kxx,"None of the above, but in this section",Partial differential equations,"Parabolic equations and parabolic systems {For global analysis, analysis on"
35L02,35,35Lxx,First-order hyperbolic equations,Partial differential equations,"Hyperbolic equations and hyperbolic systems {For global analysis, see 58J45}"
35L03,35,35Lxx,Initial value problems for first-order hyperbolic equations,Partial differential equations,"Hyperbolic equations and hyperbolic systems {For global analysis, see 58J45}"
35L04,35,35Lxx,Initial-boundary value problems for first-order hyperbolic equations,Partial differential equations,"Hyperbolic equations and hyperbolic systems {For global analysis, see 58J45}"
35L05,35,35Lxx,Wave equation,Partial differential equations,"Hyperbolic equations and hyperbolic systems {For global analysis, see 58J45}"
35L10,35,35Lxx,Second-order hyperbolic equations,Partial differential equations,"Hyperbolic equations and hyperbolic systems {For global analysis, see 58J45}"
35L15,35,35Lxx,Initial value problems for second-order hyperbolic equations,Partial differential equations,"Hyperbolic equations and hyperbolic systems {For global analysis, see 58J45}"
35L20,35,35Lxx,Initial-boundary value problems for second-order hyperbolic equations,Partial differential equations,"Hyperbolic equations and hyperbolic systems {For global analysis, see 58J45}"
35L25,35,35Lxx,Higher-order hyperbolic equations,Partial differential equations,"Hyperbolic equations and hyperbolic systems {For global analysis, see 58J45}"
35L30,35,35Lxx,Initial value problems for higher-order hyperbolic equations,Partial differential equations,"Hyperbolic equations and hyperbolic systems {For global analysis, see 58J45}"
35L35,35,35Lxx,Initial-boundary value problems for higher-order hyperbolic equations,Partial differential equations,"Hyperbolic equations and hyperbolic systems {For global analysis, see 58J45}"
35L40,35,35Lxx,First-order hyperbolic systems,Partial differential equations,"Hyperbolic equations and hyperbolic systems {For global analysis, see 58J45}"
35L45,35,35Lxx,Initial value problems for first-order hyperbolic systems,Partial differential equations,"Hyperbolic equations and hyperbolic systems {For global analysis, see 58J45}"
35L50,35,35Lxx,Initial-boundary value problems for first-order hyperbolic systems,Partial differential equations,"Hyperbolic equations and hyperbolic systems {For global analysis, see 58J45}"
35L51,35,35Lxx,Second-order hyperbolic systems,Partial differential equations,"Hyperbolic equations and hyperbolic systems {For global analysis, see 58J45}"
35L52,35,35Lxx,Initial value problems for second-order hyperbolic systems,Partial differential equations,"Hyperbolic equations and hyperbolic systems {For global analysis, see 58J45}"
35L53,35,35Lxx,Initial-boundary value problems for second-order hyperbolic systems,Partial differential equations,"Hyperbolic equations and hyperbolic systems {For global analysis, see 58J45}"
35L55,35,35Lxx,Higher-order hyperbolic systems,Partial differential equations,"Hyperbolic equations and hyperbolic systems {For global analysis, see 58J45}"
35L56,35,35Lxx,Initial value problems for higher-order hyperbolic systems,Partial differential equations,"Hyperbolic equations and hyperbolic systems {For global analysis, see 58J45}"
35L57,35,35Lxx,Initial-boundary value problems for higher-order hyperbolic systems,Partial differential equations,"Hyperbolic equations and hyperbolic systems {For global analysis, see 58J45}"
35L60,35,35Lxx,First-order nonlinear hyperbolic equations,Partial differential equations,"Hyperbolic equations and hyperbolic systems {For global analysis, see 58J45}"
35L65,35,35Lxx,Hyperbolic conservation laws,Partial differential equations,"Hyperbolic equations and hyperbolic systems {For global analysis, see 58J45}"
35L67,35,35Lxx,"Shocks and singularities for hyperbolic equations [See also 58Kxx, 74J40, 76L05]",Partial differential equations,"Hyperbolic equations and hyperbolic systems {For global analysis, see 58J45}"
35L70,35,35Lxx,Second-order nonlinear hyperbolic equations,Partial differential equations,"Hyperbolic equations and hyperbolic systems {For global analysis, see 58J45}"
35L71,35,35Lxx,Second-order semilinear hyperbolic equations,Partial differential equations,"Hyperbolic equations and hyperbolic systems {For global analysis, see 58J45}"
35L72,35,35Lxx,Second-order quasilinear hyperbolic equations,Partial differential equations,"Hyperbolic equations and hyperbolic systems {For global analysis, see 58J45}"
35L75,35,35Lxx,Higher-order nonlinear hyperbolic equations,Partial differential equations,"Hyperbolic equations and hyperbolic systems {For global analysis, see 58J45}"
35L76,35,35Lxx,Higher-order semilinear hyperbolic equations,Partial differential equations,"Hyperbolic equations and hyperbolic systems {For global analysis, see 58J45}"
35L77,35,35Lxx,Higher-order quasilinear hyperbolic equations,Partial differential equations,"Hyperbolic equations and hyperbolic systems {For global analysis, see 58J45}"
35L80,35,35Lxx,Degenerate hyperbolic equations,Partial differential equations,"Hyperbolic equations and hyperbolic systems {For global analysis, see 58J45}"
35L81,35,35Lxx,Singular hyperbolic equations,Partial differential equations,"Hyperbolic equations and hyperbolic systems {For global analysis, see 58J45}"
35L82,35,35Lxx,Pseudohyperbolic equations,Partial differential equations,"Hyperbolic equations and hyperbolic systems {For global analysis, see 58J45}"
35L85,35,35Lxx,"Unilateral problems for linear hyperbolic equations and variational inequalities with linear hyperbolic operators [See also 35R35, 49J40]",Partial differential equations,"Hyperbolic equations and hyperbolic systems {For global analysis, see 58J45}"
35L86,35,35Lxx,Unilateral problems for nonlinear hyperbolic equations and variational inequalities with nonlinear hyperbolic,Partial differential equations,"Hyperbolic equations and hyperbolic systems {For global analysis, see 58J45}"
35L87,35,35Lxx,Unilateral problems for hyperbolic systems and systems of variational inequalities with hyperbolic operators,Partial differential equations,"Hyperbolic equations and hyperbolic systems {For global analysis, see 58J45}"
35L90,35,35Lxx,Abstract hyperbolic equations,Partial differential equations,"Hyperbolic equations and hyperbolic systems {For global analysis, see 58J45}"
35L99,35,35Lxx,"None of the above, but in this section",Partial differential equations,"Hyperbolic equations and hyperbolic systems {For global analysis, see 58J45}"
35M10,35,35Mxx,PDEs of mixed type,Partial differential equations,Partial differential equations of mixed type and mixed-type systems of partial
35M11,35,35Mxx,Initial value problems for PDEs of mixed type,Partial differential equations,Partial differential equations of mixed type and mixed-type systems of partial
35M12,35,35Mxx,Boundary value problems for PDEs of mixed type,Partial differential equations,Partial differential equations of mixed type and mixed-type systems of partial
35M13,35,35Mxx,Initial-boundary value problems for PDEs of mixed type,Partial differential equations,Partial differential equations of mixed type and mixed-type systems of partial
35M30,35,35Mxx,Mixed-type systems of PDEs,Partial differential equations,Partial differential equations of mixed type and mixed-type systems of partial
35M31,35,35Mxx,Initial value problems for mixed-type systems of PDEs,Partial differential equations,Partial differential equations of mixed type and mixed-type systems of partial
35M32,35,35Mxx,Boundary value problems for mixed-type systems of PDEs,Partial differential equations,Partial differential equations of mixed type and mixed-type systems of partial
35M33,35,35Mxx,Initial-boundary value problems for mixed-type systems of PDEs,Partial differential equations,Partial differential equations of mixed type and mixed-type systems of partial
35M85,35,35Mxx,Unilateral problems for linear PDEs of mixed type and variational inequalities with partial differential,Partial differential equations,Partial differential equations of mixed type and mixed-type systems of partial
35M86,35,35Mxx,Unilateral problems for nonlinear PDEs of mixed type and variational inequalities with nonlinear partial,Partial differential equations,Partial differential equations of mixed type and mixed-type systems of partial
35M87,35,35Mxx,Unilateral problems for mixed-type systems of PDEs and systems of variational inequalities with partial,Partial differential equations,Partial differential equations of mixed type and mixed-type systems of partial
35M99,35,35Mxx,"None of the above, but in this section",Partial differential equations,Partial differential equations of mixed type and mixed-type systems of partial
35N05,35,35Nxx,Overdetermined systems of PDEs with constant coefficients,Partial differential equations,"Overdetermined problems for partial differential equations and systems of partial differential equations {For global analysis, see 58Hxx, 58J10, 58J15}"
35N10,35,35Nxx,Overdetermined systems of PDEs with variable coefficients,Partial differential equations,"Overdetermined problems for partial differential equations and systems of partial differential equations {For global analysis, see 58Hxx, 58J10, 58J15}"
35N15,35,35Nxx,"∂-Neumann problems and formal complexes in context of PDEs [See also 32W05, 32W10, 58J10]",Partial differential equations,"Overdetermined problems for partial differential equations and systems of partial differential equations {For global analysis, see 58Hxx, 58J10, 58J15}"
35N20,35,35Nxx,Overdetermined initial value problems for PDEs and systems of PDEs,Partial differential equations,"Overdetermined problems for partial differential equations and systems of partial differential equations {For global analysis, see 58Hxx, 58J10, 58J15}"
35N25,35,35Nxx,Overdetermined boundary value problems for PDEs and systems of PDEs,Partial differential equations,"Overdetermined problems for partial differential equations and systems of partial differential equations {For global analysis, see 58Hxx, 58J10, 58J15}"
35N30,35,35Nxx,Overdetermined initial-boundary value problems for PDEs and systems of PDEs,Partial differential equations,"Overdetermined problems for partial differential equations and systems of partial differential equations {For global analysis, see 58Hxx, 58J10, 58J15}"
35N99,35,35Nxx,"None of the above, but in this section",Partial differential equations,"Overdetermined problems for partial differential equations and systems of partial differential equations {For global analysis, see 58Hxx, 58J10, 58J15}"
35P05,35,35Pxx,General topics in linear spectral theory for PDEs,Partial differential equations,Spectral theory and eigenvalue problems for partial differential equations {For
35P10,35,35Pxx,Completeness of eigenfunctions and eigenfunction expansions in context of PDEs,Partial differential equations,Spectral theory and eigenvalue problems for partial differential equations {For
35P15,35,35Pxx,Estimates of eigenvalues in context of PDEs,Partial differential equations,Spectral theory and eigenvalue problems for partial differential equations {For
35P20,35,35Pxx,Asymptotic distributions of eigenvalues in context of PDEs,Partial differential equations,Spectral theory and eigenvalue problems for partial differential equations {For
35P25,35,35Pxx,Scattering theory for PDEs [See also 47A40],Partial differential equations,Spectral theory and eigenvalue problems for partial differential equations {For
35P30,35,35Pxx,Nonlinear eigenvalue problems and nonlinear spectral theory for PDEs,Partial differential equations,Spectral theory and eigenvalue problems for partial differential equations {For
35P99,35,35Pxx,"None of the above, but in this section",Partial differential equations,Spectral theory and eigenvalue problems for partial differential equations {For
35Q05,35,35Qxx,Euler-Poisson-Darboux equations,Partial differential equations,"Partial differential equations of mathematical physics and other areas of application [See also 35J05, 35J10, 35K05, 35L05]"
35Q07,35,35Qxx,Fuchsian PDEs,Partial differential equations,"Partial differential equations of mathematical physics and other areas of application [See also 35J05, 35J10, 35K05, 35L05]"
35Q15,35,35Qxx,"Riemann-Hilbert problems in context of PDEs [See also 30E25, 31A25, 31B20]",Partial differential equations,"Partial differential equations of mathematical physics and other areas of application [See also 35J05, 35J10, 35K05, 35L05]"
35Q20,35,35Qxx,"Boltzmann equations {For fluid mechanics, see 76P05; for statistical mechanics, see 82B40, 82C40, 82D05}",Partial differential equations,"Partial differential equations of mathematical physics and other areas of application [See also 35J05, 35J10, 35K05, 35L05]"
35Q30,35,35Qxx,"Navier-Stokes equations {For fluid mechanics, see 76D05, 76D07, 76N10}",Partial differential equations,"Partial differential equations of mathematical physics and other areas of application [See also 35J05, 35J10, 35K05, 35L05]"
35Q31,35,35Qxx,"Euler equations {For fluid mechanics, see 76D05, 76D07, 76N10}",Partial differential equations,"Partial differential equations of mathematical physics and other areas of application [See also 35J05, 35J10, 35K05, 35L05]"
35Q35,35,35Qxx,PDEs in connection with fluid mechanics,Partial differential equations,"Partial differential equations of mathematical physics and other areas of application [See also 35J05, 35J10, 35K05, 35L05]"
35Q40,35,35Qxx,PDEs in connection with quantum mechanics,Partial differential equations,"Partial differential equations of mathematical physics and other areas of application [See also 35J05, 35J10, 35K05, 35L05]"
35Q41,35,35Qxx,"Time-dependent Schrödinger equations and Dirac equations {For quantum theory, see 81Q05; for relativity",Partial differential equations,"Partial differential equations of mathematical physics and other areas of application [See also 35J05, 35J10, 35K05, 35L05]"
35Q49,35,35Qxx,"Transport equations {For calculus of variations and optimal control, see 49Q22; for fluid mechanics, see",Partial differential equations,"Partial differential equations of mathematical physics and other areas of application [See also 35J05, 35J10, 35K05, 35L05]"
35Q51,35,35Qxx,"Soliton equations {For dynamical systems and ergodic theory, see 37K40}",Partial differential equations,"Partial differential equations of mathematical physics and other areas of application [See also 35J05, 35J10, 35K05, 35L05]"
35Q53,35,35Qxx,"KdV equations (Korteweg-de Vries equations) {For dynamical systems and ergodic theory, see 37K10}",Partial differential equations,"Partial differential equations of mathematical physics and other areas of application [See also 35J05, 35J10, 35K05, 35L05]"
35Q55,35,35Qxx,"NLS equations (nonlinear Schrödinger equations) {For dynamical systems and ergodic theory, see 37K10}",Partial differential equations,"Partial differential equations of mathematical physics and other areas of application [See also 35J05, 35J10, 35K05, 35L05]"
35Q56,35,35Qxx,"Ginzburg-Landau equations {For optics and electromagnetic theory, see 78A25}",Partial differential equations,"Partial differential equations of mathematical physics and other areas of application [See also 35J05, 35J10, 35K05, 35L05]"
35Q60,35,35Qxx,PDEs in connection with optics and electromagnetic theory,Partial differential equations,"Partial differential equations of mathematical physics and other areas of application [See also 35J05, 35J10, 35K05, 35L05]"
35Q61,35,35Qxx,"Maxwell equations {For optics and electromagnetic theory, see 78A25; for relativity and gravitational theory,",Partial differential equations,"Partial differential equations of mathematical physics and other areas of application [See also 35J05, 35J10, 35K05, 35L05]"
35Q62,35,35Qxx,PDEs in connection with statistics,Partial differential equations,"Partial differential equations of mathematical physics and other areas of application [See also 35J05, 35J10, 35K05, 35L05]"
35Q68,35,35Qxx,PDEs in connection with computer science,Partial differential equations,"Partial differential equations of mathematical physics and other areas of application [See also 35J05, 35J10, 35K05, 35L05]"
35Q70,35,35Qxx,PDEs in connection with mechanics of particles and systems of particles,Partial differential equations,"Partial differential equations of mathematical physics and other areas of application [See also 35J05, 35J10, 35K05, 35L05]"
35Q74,35,35Qxx,PDEs in connection with mechanics of deformable solids,Partial differential equations,"Partial differential equations of mathematical physics and other areas of application [See also 35J05, 35J10, 35K05, 35L05]"
35Q75,35,35Qxx,PDEs in connection with relativity and gravitational theory,Partial differential equations,"Partial differential equations of mathematical physics and other areas of application [See also 35J05, 35J10, 35K05, 35L05]"
35Q76,35,35Qxx,"Einstein equations {For several complex variables and analytic spaces, see 32Q40; for differential geometry,",Partial differential equations,"Partial differential equations of mathematical physics and other areas of application [See also 35J05, 35J10, 35K05, 35L05]"
35Q79,35,35Qxx,PDEs in connection with classical thermodynamics and heat transfer,Partial differential equations,"Partial differential equations of mathematical physics and other areas of application [See also 35J05, 35J10, 35K05, 35L05]"
35Q81,35,35Qxx,"PDEs in connection with semiconductor devices {For statistical mechanics, see 82D37}",Partial differential equations,"Partial differential equations of mathematical physics and other areas of application [See also 35J05, 35J10, 35K05, 35L05]"
35Q82,35,35Qxx,PDEs in connection with statistical mechanics,Partial differential equations,"Partial differential equations of mathematical physics and other areas of application [See also 35J05, 35J10, 35K05, 35L05]"
35Q83,35,35Qxx,"Vlasov equations {For statistical mechanics, see 82C70, 82D75}",Partial differential equations,"Partial differential equations of mathematical physics and other areas of application [See also 35J05, 35J10, 35K05, 35L05]"
35Q84,35,35Qxx,"Fokker-Planck equations {For fluid mechanics, see 76X05, 76W05; for statistical mechanics, see 82C31}",Partial differential equations,"Partial differential equations of mathematical physics and other areas of application [See also 35J05, 35J10, 35K05, 35L05]"
35Q85,35,35Qxx,PDEs in connection with astronomy and astrophysics,Partial differential equations,"Partial differential equations of mathematical physics and other areas of application [See also 35J05, 35J10, 35K05, 35L05]"
35Q86,35,35Qxx,PDEs in connection with geophysics,Partial differential equations,"Partial differential equations of mathematical physics and other areas of application [See also 35J05, 35J10, 35K05, 35L05]"
35Q89,35,35Qxx,"PDEs in connection with mean field game theory {For calculus of variations and optimal control, see 49N80;",Partial differential equations,"Partial differential equations of mathematical physics and other areas of application [See also 35J05, 35J10, 35K05, 35L05]"
35Q90,35,35Qxx,PDEs in connection with mathematical programming,Partial differential equations,"Partial differential equations of mathematical physics and other areas of application [See also 35J05, 35J10, 35K05, 35L05]"
35Q91,35,35Qxx,"PDEs in connection with game theory, economics, social and behavioral sciences",Partial differential equations,"Partial differential equations of mathematical physics and other areas of application [See also 35J05, 35J10, 35K05, 35L05]"
35Q92,35,35Qxx,"PDEs in connection with biology, chemistry and other natural sciences",Partial differential equations,"Partial differential equations of mathematical physics and other areas of application [See also 35J05, 35J10, 35K05, 35L05]"
35Q93,35,35Qxx,PDEs in connection with control and optimization,Partial differential equations,"Partial differential equations of mathematical physics and other areas of application [See also 35J05, 35J10, 35K05, 35L05]"
35Q94,35,35Qxx,PDEs in connection with information and communication,Partial differential equations,"Partial differential equations of mathematical physics and other areas of application [See also 35J05, 35J10, 35K05, 35L05]"
35Q99,35,35Qxx,"None of the above, but in this section",Partial differential equations,"Partial differential equations of mathematical physics and other areas of application [See also 35J05, 35J10, 35K05, 35L05]"
35R01,35,35Rxx,"PDEs on manifolds [See also 32Wxx, 53Cxx, 58Jxx]",Partial differential equations,"Miscellaneous topics in partial differential equations {For equations on manifolds, see 32Wxx, 58Jxx; for manifolds of solutions, see 58Bxx; for stochastic PDEs,"
35R02,35,35Rxx,PDEs on graphs and networks (ramified or polygonal spaces),Partial differential equations,"Miscellaneous topics in partial differential equations {For equations on manifolds, see 32Wxx, 58Jxx; for manifolds of solutions, see 58Bxx; for stochastic PDEs,"
35R03,35,35Rxx,"PDEs on Heisenberg groups, Lie groups, Carnot groups, etc.",Partial differential equations,"Miscellaneous topics in partial differential equations {For equations on manifolds, see 32Wxx, 58Jxx; for manifolds of solutions, see 58Bxx; for stochastic PDEs,"
35R05,35,35Rxx,PDEs with low regular coefficients and/or low regular data,Partial differential equations,"Miscellaneous topics in partial differential equations {For equations on manifolds, see 32Wxx, 58Jxx; for manifolds of solutions, see 58Bxx; for stochastic PDEs,"
35R06,35,35Rxx,PDEs with measure,Partial differential equations,"Miscellaneous topics in partial differential equations {For equations on manifolds, see 32Wxx, 58Jxx; for manifolds of solutions, see 58Bxx; for stochastic PDEs,"
35R07,35,35Rxx,PDEs on time scales,Partial differential equations,"Miscellaneous topics in partial differential equations {For equations on manifolds, see 32Wxx, 58Jxx; for manifolds of solutions, see 58Bxx; for stochastic PDEs,"
35R09,35,35Rxx,"Integro-partial differential equations [See also 34K30, 45K05]",Partial differential equations,"Miscellaneous topics in partial differential equations {For equations on manifolds, see 32Wxx, 58Jxx; for manifolds of solutions, see 58Bxx; for stochastic PDEs,"
35R10,35,35Rxx,Partial functional-differential equations,Partial differential equations,"Miscellaneous topics in partial differential equations {For equations on manifolds, see 32Wxx, 58Jxx; for manifolds of solutions, see 58Bxx; for stochastic PDEs,"
35R11,35,35Rxx,Fractional partial differential equations,Partial differential equations,"Miscellaneous topics in partial differential equations {For equations on manifolds, see 32Wxx, 58Jxx; for manifolds of solutions, see 58Bxx; for stochastic PDEs,"
35R12,35,35Rxx,Impulsive partial differential equations,Partial differential equations,"Miscellaneous topics in partial differential equations {For equations on manifolds, see 32Wxx, 58Jxx; for manifolds of solutions, see 58Bxx; for stochastic PDEs,"
35R13,35,35Rxx,Fuzzy partial differential equations,Partial differential equations,"Miscellaneous topics in partial differential equations {For equations on manifolds, see 32Wxx, 58Jxx; for manifolds of solutions, see 58Bxx; for stochastic PDEs,"
35R15,35,35Rxx,"PDEs on infinite-dimensional (e.g., function) spaces (= PDEs in infinitely many variables) [See also 46Gxx,",Partial differential equations,"Miscellaneous topics in partial differential equations {For equations on manifolds, see 32Wxx, 58Jxx; for manifolds of solutions, see 58Bxx; for stochastic PDEs,"
35R20,35,35Rxx,"Operator partial differential equations (= PDEs on finite-dimensional spaces for abstract space valued functions) [See also 34Gxx, 47A50, 47D03, 47D06, 47D09, 47H20, 47Jxx]",Partial differential equations,"Miscellaneous topics in partial differential equations {For equations on manifolds, see 32Wxx, 58Jxx; for manifolds of solutions, see 58Bxx; for stochastic PDEs,"
35R25,35,35Rxx,Ill-posed problems for PDEs,Partial differential equations,"Miscellaneous topics in partial differential equations {For equations on manifolds, see 32Wxx, 58Jxx; for manifolds of solutions, see 58Bxx; for stochastic PDEs,"
35R30,35,35Rxx,Inverse problems for PDEs,Partial differential equations,"Miscellaneous topics in partial differential equations {For equations on manifolds, see 32Wxx, 58Jxx; for manifolds of solutions, see 58Bxx; for stochastic PDEs,"
35R35,35,35Rxx,Free boundary problems for PDEs,Partial differential equations,"Miscellaneous topics in partial differential equations {For equations on manifolds, see 32Wxx, 58Jxx; for manifolds of solutions, see 58Bxx; for stochastic PDEs,"
35R37,35,35Rxx,Moving boundary problems for PDEs,Partial differential equations,"Miscellaneous topics in partial differential equations {For equations on manifolds, see 32Wxx, 58Jxx; for manifolds of solutions, see 58Bxx; for stochastic PDEs,"
35R45,35,35Rxx,Partial differential inequalities and systems of partial differential inequalities,Partial differential equations,"Miscellaneous topics in partial differential equations {For equations on manifolds, see 32Wxx, 58Jxx; for manifolds of solutions, see 58Bxx; for stochastic PDEs,"
35R50,35,35Rxx,PDEs of infinite order,Partial differential equations,"Miscellaneous topics in partial differential equations {For equations on manifolds, see 32Wxx, 58Jxx; for manifolds of solutions, see 58Bxx; for stochastic PDEs,"
35R60,35,35Rxx,"PDEs with randomness, stochastic partial differential equations [See also 60H15]",Partial differential equations,"Miscellaneous topics in partial differential equations {For equations on manifolds, see 32Wxx, 58Jxx; for manifolds of solutions, see 58Bxx; for stochastic PDEs,"
35R70,35,35Rxx,PDEs with multivalued right-hand sides,Partial differential equations,"Miscellaneous topics in partial differential equations {For equations on manifolds, see 32Wxx, 58Jxx; for manifolds of solutions, see 58Bxx; for stochastic PDEs,"
35R99,35,35Rxx,"None of the above, but in this section",Partial differential equations,"Miscellaneous topics in partial differential equations {For equations on manifolds, see 32Wxx, 58Jxx; for manifolds of solutions, see 58Bxx; for stochastic PDEs,"
35S05,35,35Sxx,"Pseudodifferential operators as generalizations of partial differential operators [See also 32W25, 47G30, 47L80,",Partial differential equations,"Pseudodifferential operators and other generalizations of partial differential operators {For operator theory, see 47G30, 58J40}"
35S10,35,35Sxx,Initial value problems for PDEs with pseudodifferential operators,Partial differential equations,"Pseudodifferential operators and other generalizations of partial differential operators {For operator theory, see 47G30, 58J40}"
35S15,35,35Sxx,Boundary value problems for PDEs with pseudodifferential operators,Partial differential equations,"Pseudodifferential operators and other generalizations of partial differential operators {For operator theory, see 47G30, 58J40}"
35S16,35,35Sxx,Initial-boundary value problems for PDEs with pseudodifferential operators,Partial differential equations,"Pseudodifferential operators and other generalizations of partial differential operators {For operator theory, see 47G30, 58J40}"
35S30,35,35Sxx,"Fourier integral operators applied to PDEs [See also 43A32, 58J40]",Partial differential equations,"Pseudodifferential operators and other generalizations of partial differential operators {For operator theory, see 47G30, 58J40}"
35S35,35,35Sxx,"Topological aspects for pseudodifferential operators in context of PDEs: intersection cohomology, stratified",Partial differential equations,"Pseudodifferential operators and other generalizations of partial differential operators {For operator theory, see 47G30, 58J40}"
35S50,35,35Sxx,Paradifferential operators as generalizations of partial differential operators in context of PDEs,Partial differential equations,"Pseudodifferential operators and other generalizations of partial differential operators {For operator theory, see 47G30, 58J40}"
35S99,35,35Sxx,"None of the above, but in this section",Partial differential equations,"Pseudodifferential operators and other generalizations of partial differential operators {For operator theory, see 47G30, 58J40}"
37A05,37,37Axx,Dynamical aspects of measure-preserving transformations,"Dynamical systems and ergodic theory [See also 26A18, 28Dxx,",Ergodic theory [See also 28Dxx]
37A10,37,37Axx,Dynamical systems involving one-parameter continuous families of measure-preserving transformations,"Dynamical systems and ergodic theory [See also 26A18, 28Dxx,",Ergodic theory [See also 28Dxx]
37A15,37,37Axx,General groups of measure-preserving transformations and dynamical systems [See mainly 22Fxx],"Dynamical systems and ergodic theory [See also 26A18, 28Dxx,",Ergodic theory [See also 28Dxx]
37A17,37,37Axx,Homogeneous flows [See also 22Fxx],"Dynamical systems and ergodic theory [See also 26A18, 28Dxx,",Ergodic theory [See also 28Dxx]
37A20,37,37Axx,"Algebraic ergodic theory, cocycles, orbit equivalence, ergodic equivalence relations","Dynamical systems and ergodic theory [See also 26A18, 28Dxx,",Ergodic theory [See also 28Dxx]
37A25,37,37Axx,"Ergodicity, mixing, rates of mixing","Dynamical systems and ergodic theory [See also 26A18, 28Dxx,",Ergodic theory [See also 28Dxx]
37A30,37,37Axx,"Ergodic theorems, spectral theory, Markov operators {For operator ergodic theory, see mainly 47A35}","Dynamical systems and ergodic theory [See also 26A18, 28Dxx,",Ergodic theory [See also 28Dxx]
37A35,37,37Axx,"Entropy and other invariants, isomorphism, classification in ergodic theory","Dynamical systems and ergodic theory [See also 26A18, 28Dxx,",Ergodic theory [See also 28Dxx]
37A40,37,37Axx,Nonsingular (and infinite-measure preserving) transformations,"Dynamical systems and ergodic theory [See also 26A18, 28Dxx,",Ergodic theory [See also 28Dxx]
37A44,37,37Axx,Relations between ergodic theory and number theory [See also 11Kxx],"Dynamical systems and ergodic theory [See also 26A18, 28Dxx,",Ergodic theory [See also 28Dxx]
37A46,37,37Axx,Relations between ergodic theory and harmonic analysis,"Dynamical systems and ergodic theory [See also 26A18, 28Dxx,",Ergodic theory [See also 28Dxx]
37A50,37,37Axx,"Dynamical systems and their relations with probability theory and stochastic processes [See also 60Fxx,","Dynamical systems and ergodic theory [See also 26A18, 28Dxx,",Ergodic theory [See also 28Dxx]
37A55,37,37Axx,Dynamical systems and the theory of C ∗ -algebras [See mainly 46L55],"Dynamical systems and ergodic theory [See also 26A18, 28Dxx,",Ergodic theory [See also 28Dxx]
37A60,37,37Axx,Dynamical aspects of statistical mechanics [See also 82Cxx],"Dynamical systems and ergodic theory [See also 26A18, 28Dxx,",Ergodic theory [See also 28Dxx]
37A99,37,37Axx,"None of the above, but in this section","Dynamical systems and ergodic theory [See also 26A18, 28Dxx,",Ergodic theory [See also 28Dxx]
37B02,37,37Bxx,Dynamics in general topological spaces,"Dynamical systems and ergodic theory [See also 26A18, 28Dxx,",Topological dynamics
37B05,37,37Bxx,"Dynamical systems involving transformations and group actions with special properties (minimality, distality,","Dynamical systems and ergodic theory [See also 26A18, 28Dxx,",Topological dynamics
37B10,37,37Bxx,Symbolic dynamics,"Dynamical systems and ergodic theory [See also 26A18, 28Dxx,",Topological dynamics
37B15,37,37Bxx,"Dynamical aspects of cellular automata {For computational aspects, see 68Q80}","Dynamical systems and ergodic theory [See also 26A18, 28Dxx,",Topological dynamics
37B20,37,37Bxx,Notions of recurrence and recurrent behavior in topological dynamical systems,"Dynamical systems and ergodic theory [See also 26A18, 28Dxx,",Topological dynamics
37B25,37,37Bxx,Stability of topological dynamical systems,"Dynamical systems and ergodic theory [See also 26A18, 28Dxx,",Topological dynamics
37B30,37,37Bxx,"Index theory for dynamical systems, Morse-Conley indices","Dynamical systems and ergodic theory [See also 26A18, 28Dxx,",Topological dynamics
37B35,37,37Bxx,"Gradient-like behavior; isolated (locally maximal) invariant sets; attractors, repellers for topological dynamical systems","Dynamical systems and ergodic theory [See also 26A18, 28Dxx,",Topological dynamics
37B40,37,37Bxx,Topological entropy,"Dynamical systems and ergodic theory [See also 26A18, 28Dxx,",Topological dynamics
37B45,37,37Bxx,Continua theory in dynamics,"Dynamical systems and ergodic theory [See also 26A18, 28Dxx,",Topological dynamics
37B51,37,37Bxx,Multidimensional shifts of finite type,"Dynamical systems and ergodic theory [See also 26A18, 28Dxx,",Topological dynamics
37B52,37,37Bxx,Tiling dynamics,"Dynamical systems and ergodic theory [See also 26A18, 28Dxx,",Topological dynamics
37B55,37,37Bxx,Topological dynamics of nonautonomous systems,"Dynamical systems and ergodic theory [See also 26A18, 28Dxx,",Topological dynamics
37B65,37,37Bxx,"Approximate trajectories, pseudotrajectories, shadowing and related notions for topological dynamical systems","Dynamical systems and ergodic theory [See also 26A18, 28Dxx,",Topological dynamics
37B99,37,37Bxx,"None of the above, but in this section","Dynamical systems and ergodic theory [See also 26A18, 28Dxx,",Topological dynamics
37C05,37,37Cxx,Dynamical systems involving smooth mappings and diffeomorphisms,"Dynamical systems and ergodic theory [See also 26A18, 28Dxx,","Smooth dynamical systems: general theory [See also 34Cxx, 34Dxx]"
37C10,37,37Cxx,Dynamics induced by flows and semiflows,"Dynamical systems and ergodic theory [See also 26A18, 28Dxx,","Smooth dynamical systems: general theory [See also 34Cxx, 34Dxx]"
37C15,37,37Cxx,"Topological and differentiable equivalence, conjugacy, moduli, classification of dynamical systems","Dynamical systems and ergodic theory [See also 26A18, 28Dxx,","Smooth dynamical systems: general theory [See also 34Cxx, 34Dxx]"
37C20,37,37Cxx,"Generic properties, structural stability of dynamical systems","Dynamical systems and ergodic theory [See also 26A18, 28Dxx,","Smooth dynamical systems: general theory [See also 34Cxx, 34Dxx]"
37C25,37,37Cxx,Fixed points and periodic points of dynamical systems; fixed-point index theory; local dynamics,"Dynamical systems and ergodic theory [See also 26A18, 28Dxx,","Smooth dynamical systems: general theory [See also 34Cxx, 34Dxx]"
37C27,37,37Cxx,Periodic orbits of vector fields and flows,"Dynamical systems and ergodic theory [See also 26A18, 28Dxx,","Smooth dynamical systems: general theory [See also 34Cxx, 34Dxx]"
37C29,37,37Cxx,Homoclinic and heteroclinic orbits for dynamical systems,"Dynamical systems and ergodic theory [See also 26A18, 28Dxx,","Smooth dynamical systems: general theory [See also 34Cxx, 34Dxx]"
37C30,37,37Cxx,"Functional analytic techniques in dynamical systems; zeta functions, (Ruelle-Frobenius) transfer operators,","Dynamical systems and ergodic theory [See also 26A18, 28Dxx,","Smooth dynamical systems: general theory [See also 34Cxx, 34Dxx]"
37C35,37,37Cxx,Orbit growth in dynamical systems,"Dynamical systems and ergodic theory [See also 26A18, 28Dxx,","Smooth dynamical systems: general theory [See also 34Cxx, 34Dxx]"
37C40,37,37Cxx,"Smooth ergodic theory, invariant measures for smooth dynamical systems [See also 37Dxx]","Dynamical systems and ergodic theory [See also 26A18, 28Dxx,","Smooth dynamical systems: general theory [See also 34Cxx, 34Dxx]"
37C45,37,37Cxx,Dimension theory of smooth dynamical systems,"Dynamical systems and ergodic theory [See also 26A18, 28Dxx,","Smooth dynamical systems: general theory [See also 34Cxx, 34Dxx]"
37C50,37,37Cxx,"Approximate trajectories (pseudotrajectories, shadowing, etc.) in smooth dynamics","Dynamical systems and ergodic theory [See also 26A18, 28Dxx,","Smooth dynamical systems: general theory [See also 34Cxx, 34Dxx]"
37C55,37,37Cxx,Periodic and quasi-periodic flows and diffeomorphisms,"Dynamical systems and ergodic theory [See also 26A18, 28Dxx,","Smooth dynamical systems: general theory [See also 34Cxx, 34Dxx]"
37C60,37,37Cxx,Nonautonomous smooth dynamical systems,"Dynamical systems and ergodic theory [See also 26A18, 28Dxx,","Smooth dynamical systems: general theory [See also 34Cxx, 34Dxx]"
37C65,37,37Cxx,Monotone flows as dynamical systems,"Dynamical systems and ergodic theory [See also 26A18, 28Dxx,","Smooth dynamical systems: general theory [See also 34Cxx, 34Dxx]"
37C70,37,37Cxx,Attractors and repellers of smooth dynamical systems and their topological structure,"Dynamical systems and ergodic theory [See also 26A18, 28Dxx,","Smooth dynamical systems: general theory [See also 34Cxx, 34Dxx]"
37C75,37,37Cxx,Stability theory for smooth dynamical systems,"Dynamical systems and ergodic theory [See also 26A18, 28Dxx,","Smooth dynamical systems: general theory [See also 34Cxx, 34Dxx]"
37C79,37,37Cxx,"Symmetries and invariants of dynamical systems [See also 34C14, 34K04]","Dynamical systems and ergodic theory [See also 26A18, 28Dxx,","Smooth dynamical systems: general theory [See also 34Cxx, 34Dxx]"
37C81,37,37Cxx,Equivariant dynamical systems,"Dynamical systems and ergodic theory [See also 26A18, 28Dxx,","Smooth dynamical systems: general theory [See also 34Cxx, 34Dxx]"
37C83,37,37Cxx,"Dynamical systems with singularities (billiards, etc.)","Dynamical systems and ergodic theory [See also 26A18, 28Dxx,","Smooth dynamical systems: general theory [See also 34Cxx, 34Dxx]"
37C85,37,37Cxx,"Dynamics induced by group actions other than Z and R, and C [See mainly 22Fxx, and also 32M25, 57R30,","Dynamical systems and ergodic theory [See also 26A18, 28Dxx,","Smooth dynamical systems: general theory [See also 34Cxx, 34Dxx]"
37C86,37,37Cxx,Foliations generated by dynamical systems,"Dynamical systems and ergodic theory [See also 26A18, 28Dxx,","Smooth dynamical systems: general theory [See also 34Cxx, 34Dxx]"
37C99,37,37Cxx,"None of the above, but in this section","Dynamical systems and ergodic theory [See also 26A18, 28Dxx,","Smooth dynamical systems: general theory [See also 34Cxx, 34Dxx]"
37D05,37,37Dxx,Dynamical systems with hyperbolic orbits and sets,"Dynamical systems and ergodic theory [See also 26A18, 28Dxx,",Dynamical systems with hyperbolic behavior
37D10,37,37Dxx,Invariant manifold theory for dynamical systems,"Dynamical systems and ergodic theory [See also 26A18, 28Dxx,",Dynamical systems with hyperbolic behavior
37D15,37,37Dxx,Morse-Smale systems,"Dynamical systems and ergodic theory [See also 26A18, 28Dxx,",Dynamical systems with hyperbolic behavior
37D20,37,37Dxx,"Uniformly hyperbolic systems (expanding, Anosov, Axiom A, etc.)","Dynamical systems and ergodic theory [See also 26A18, 28Dxx,",Dynamical systems with hyperbolic behavior
37D25,37,37Dxx,"Nonuniformly hyperbolic systems (Lyapunov exponents, Pesin theory, etc.)","Dynamical systems and ergodic theory [See also 26A18, 28Dxx,",Dynamical systems with hyperbolic behavior
37D30,37,37Dxx,Partially hyperbolic systems and dominated splittings,"Dynamical systems and ergodic theory [See also 26A18, 28Dxx,",Dynamical systems with hyperbolic behavior
37D35,37,37Dxx,"Thermodynamic formalism, variational principles, equilibrium states for dynamical systems","Dynamical systems and ergodic theory [See also 26A18, 28Dxx,",Dynamical systems with hyperbolic behavior
37D40,37,37Dxx,"Dynamical systems of geometric origin and hyperbolicity (geodesic and horocycle flows, etc.)","Dynamical systems and ergodic theory [See also 26A18, 28Dxx,",Dynamical systems with hyperbolic behavior
37D45,37,37Dxx,"Strange attractors, chaotic dynamics of systems with hyperbolic behavior","Dynamical systems and ergodic theory [See also 26A18, 28Dxx,",Dynamical systems with hyperbolic behavior
37D99,37,37Dxx,"None of the above, but in this section","Dynamical systems and ergodic theory [See also 26A18, 28Dxx,",Dynamical systems with hyperbolic behavior
37E05,37,37Exx,Dynamical systems involving maps of the interval,"Dynamical systems and ergodic theory [See also 26A18, 28Dxx,",Low-dimensional dynamical systems
37E10,37,37Exx,Dynamical systems involving maps of the circle,"Dynamical systems and ergodic theory [See also 26A18, 28Dxx,",Low-dimensional dynamical systems
37E15,37,37Exx,Combinatorial dynamics (types of periodic orbits),"Dynamical systems and ergodic theory [See also 26A18, 28Dxx,",Low-dimensional dynamical systems
37E20,37,37Exx,Universality and renormalization of dynamical systems [See also 37F25],"Dynamical systems and ergodic theory [See also 26A18, 28Dxx,",Low-dimensional dynamical systems
37E25,37,37Exx,Dynamical systems involving maps of trees and graphs,"Dynamical systems and ergodic theory [See also 26A18, 28Dxx,",Low-dimensional dynamical systems
37E30,37,37Exx,Dynamical systems involving homeomorphisms and diffeomorphisms of planes and surfaces,"Dynamical systems and ergodic theory [See also 26A18, 28Dxx,",Low-dimensional dynamical systems
37E35,37,37Exx,Flows on surfaces,"Dynamical systems and ergodic theory [See also 26A18, 28Dxx,",Low-dimensional dynamical systems
37E40,37,37Exx,Dynamical aspects of twist maps,"Dynamical systems and ergodic theory [See also 26A18, 28Dxx,",Low-dimensional dynamical systems
37E45,37,37Exx,Rotation numbers and vectors,"Dynamical systems and ergodic theory [See also 26A18, 28Dxx,",Low-dimensional dynamical systems
37E99,37,37Exx,"None of the above, but in this section","Dynamical systems and ergodic theory [See also 26A18, 28Dxx,",Low-dimensional dynamical systems
37F05,37,37Fxx,Dynamical systems involving relations and correspondences in one complex variable,"Dynamical systems and ergodic theory [See also 26A18, 28Dxx,","Dynamical systems over complex numbers [See also 30D05, 32H50]"
37F10,37,37Fxx,"Dynamics of complex polynomials, rational maps, entire and meromorphic functions; Fatou and Julia sets","Dynamical systems and ergodic theory [See also 26A18, 28Dxx,","Dynamical systems over complex numbers [See also 30D05, 32H50]"
37F12,37,37Fxx,Critical orbits for holomorphic dynamical systems,"Dynamical systems and ergodic theory [See also 26A18, 28Dxx,","Dynamical systems over complex numbers [See also 30D05, 32H50]"
37F15,37,37Fxx,Expanding holomorphic maps; hyperbolicity; structural stability of holomorphic dynamical systems,"Dynamical systems and ergodic theory [See also 26A18, 28Dxx,","Dynamical systems over complex numbers [See also 30D05, 32H50]"
37F20,37,37Fxx,Combinatorics and topology in relation with holomorphic dynamical systems,"Dynamical systems and ergodic theory [See also 26A18, 28Dxx,","Dynamical systems over complex numbers [See also 30D05, 32H50]"
37F25,37,37Fxx,Renormalization of holomorphic dynamical systems,"Dynamical systems and ergodic theory [See also 26A18, 28Dxx,","Dynamical systems over complex numbers [See also 30D05, 32H50]"
37F31,37,37Fxx,Quasiconformal methods in holomorphic dynamics; quasiconformal dynamics,"Dynamical systems and ergodic theory [See also 26A18, 28Dxx,","Dynamical systems over complex numbers [See also 30D05, 32H50]"
37F32,37,37Fxx,Fuchsian and Kleinian groups as dynamical systems,"Dynamical systems and ergodic theory [See also 26A18, 28Dxx,","Dynamical systems over complex numbers [See also 30D05, 32H50]"
37F34,37,37Fxx,Teichmüller theory; moduli spaces of holomorphic dynamical systems,"Dynamical systems and ergodic theory [See also 26A18, 28Dxx,","Dynamical systems over complex numbers [See also 30D05, 32H50]"
37F35,37,37Fxx,Conformal densities and Hausdorff dimension for holomorphic dynamical systems,"Dynamical systems and ergodic theory [See also 26A18, 28Dxx,","Dynamical systems over complex numbers [See also 30D05, 32H50]"
37F40,37,37Fxx,Geometric limits in holomorphic dynamics,"Dynamical systems and ergodic theory [See also 26A18, 28Dxx,","Dynamical systems over complex numbers [See also 30D05, 32H50]"
37F44,37,37Fxx,Holomorphic families of dynamical systems; holomorphic motions; semigroups of holomorphic maps,"Dynamical systems and ergodic theory [See also 26A18, 28Dxx,","Dynamical systems over complex numbers [See also 30D05, 32H50]"
37F46,37,37Fxx,Bifurcations; parameter spaces in holomorphic dynamics; the Mandelbrot and Multibrot sets,"Dynamical systems and ergodic theory [See also 26A18, 28Dxx,","Dynamical systems over complex numbers [See also 30D05, 32H50]"
37F50,37,37Fxx,"Small divisors, rotation domains and linearization in holomorphic dynamics","Dynamical systems and ergodic theory [See also 26A18, 28Dxx,","Dynamical systems over complex numbers [See also 30D05, 32H50]"
37F75,37,37Fxx,"Dynamical aspects of holomorphic foliations and vector fields [See also 32M25, 32S65, 34Mxx]","Dynamical systems and ergodic theory [See also 26A18, 28Dxx,","Dynamical systems over complex numbers [See also 30D05, 32H50]"
37F80,37,37Fxx,Higher-dimensional holomorphic and meromorphic dynamics,"Dynamical systems and ergodic theory [See also 26A18, 28Dxx,","Dynamical systems over complex numbers [See also 30D05, 32H50]"
37F99,37,37Fxx,"None of the above, but in this section","Dynamical systems and ergodic theory [See also 26A18, 28Dxx,","Dynamical systems over complex numbers [See also 30D05, 32H50]"
37G05,37,37Gxx,Normal forms for dynamical systems,"Dynamical systems and ergodic theory [See also 26A18, 28Dxx,","Local and nonlocal bifurcation theory for dynamical systems [See also 34C23,"
37G10,37,37Gxx,Bifurcations of singular points in dynamical systems,"Dynamical systems and ergodic theory [See also 26A18, 28Dxx,","Local and nonlocal bifurcation theory for dynamical systems [See also 34C23,"
37G15,37,37Gxx,Bifurcations of limit cycles and periodic orbits in dynamical systems,"Dynamical systems and ergodic theory [See also 26A18, 28Dxx,","Local and nonlocal bifurcation theory for dynamical systems [See also 34C23,"
37G20,37,37Gxx,Hyperbolic singular points with homoclinic trajectories in dynamical systems,"Dynamical systems and ergodic theory [See also 26A18, 28Dxx,","Local and nonlocal bifurcation theory for dynamical systems [See also 34C23,"
37G25,37,37Gxx,Bifurcations connected with nontransversal intersection in dynamical systems,"Dynamical systems and ergodic theory [See also 26A18, 28Dxx,","Local and nonlocal bifurcation theory for dynamical systems [See also 34C23,"
37G30,37,37Gxx,Infinite nonwandering sets arising in bifurcations of dynamical systems,"Dynamical systems and ergodic theory [See also 26A18, 28Dxx,","Local and nonlocal bifurcation theory for dynamical systems [See also 34C23,"
37G35,37,37Gxx,Dynamical aspects of attractors and their bifurcations,"Dynamical systems and ergodic theory [See also 26A18, 28Dxx,","Local and nonlocal bifurcation theory for dynamical systems [See also 34C23,"
37G40,37,37Gxx,"Dynamical aspects of symmetries, equivariant bifurcation theory","Dynamical systems and ergodic theory [See also 26A18, 28Dxx,","Local and nonlocal bifurcation theory for dynamical systems [See also 34C23,"
37G99,37,37Gxx,"None of the above, but in this section","Dynamical systems and ergodic theory [See also 26A18, 28Dxx,","Local and nonlocal bifurcation theory for dynamical systems [See also 34C23,"
37H05,37,37Hxx,General theory of random and stochastic dynamical systems,"Dynamical systems and ergodic theory [See also 26A18, 28Dxx,","Random dynamical systems [See also 15B52, 34Fxx, 47B80, 70L05, 82C05,"
37H10,37,37Hxx,"Generation, random and stochastic difference and differential equations [See also 34F05, 34K50, 60H10,","Dynamical systems and ergodic theory [See also 26A18, 28Dxx,","Random dynamical systems [See also 15B52, 34Fxx, 47B80, 70L05, 82C05,"
37H12,37,37Hxx,Random iteration,"Dynamical systems and ergodic theory [See also 26A18, 28Dxx,","Random dynamical systems [See also 15B52, 34Fxx, 47B80, 70L05, 82C05,"
37H15,37,37Hxx,"Random dynamical systems aspects of multiplicative ergodic theory, Lyapunov exponents [See also 34Fxx,","Dynamical systems and ergodic theory [See also 26A18, 28Dxx,","Random dynamical systems [See also 15B52, 34Fxx, 47B80, 70L05, 82C05,"
37H20,37,37Hxx,Bifurcation theory for random and stochastic dynamical systems [See also 37Gxx],"Dynamical systems and ergodic theory [See also 26A18, 28Dxx,","Random dynamical systems [See also 15B52, 34Fxx, 47B80, 70L05, 82C05,"
37H30,37,37Hxx,Stability theory for random and stochastic dynamical systems,"Dynamical systems and ergodic theory [See also 26A18, 28Dxx,","Random dynamical systems [See also 15B52, 34Fxx, 47B80, 70L05, 82C05,"
37H99,37,37Hxx,"None of the above, but in this section","Dynamical systems and ergodic theory [See also 26A18, 28Dxx,","Random dynamical systems [See also 15B52, 34Fxx, 47B80, 70L05, 82C05,"
37J06,37,37Jxx,"General theory of finite-dimensional Hamiltonian and Lagrangian systems, Hamiltonian and Lagrangian","Dynamical systems and ergodic theory [See also 26A18, 28Dxx,",Dynamical aspects of finite-dimensional Hamiltonian and Lagrangian systems
37J11,37,37Jxx,Symplectic and canonical mappings,"Dynamical systems and ergodic theory [See also 26A18, 28Dxx,",Dynamical aspects of finite-dimensional Hamiltonian and Lagrangian systems
37J12,37,37Jxx,Fixed points and periodic points of finite-dimensional Hamiltonian and Lagrangian systems,"Dynamical systems and ergodic theory [See also 26A18, 28Dxx,",Dynamical aspects of finite-dimensional Hamiltonian and Lagrangian systems
37J20,37,37Jxx,Bifurcation problems for finite-dimensional Hamiltonian and Lagrangian systems,"Dynamical systems and ergodic theory [See also 26A18, 28Dxx,",Dynamical aspects of finite-dimensional Hamiltonian and Lagrangian systems
37J25,37,37Jxx,Stability problems for finite-dimensional Hamiltonian and Lagrangian systems,"Dynamical systems and ergodic theory [See also 26A18, 28Dxx,",Dynamical aspects of finite-dimensional Hamiltonian and Lagrangian systems
37J30,37,37Jxx,Obstructions to integrability for finite-dimensional Hamiltonian and Lagrangian systems (nonintegrability,"Dynamical systems and ergodic theory [See also 26A18, 28Dxx,",Dynamical aspects of finite-dimensional Hamiltonian and Lagrangian systems
37J35,37,37Jxx,"Completely integrable finite-dimensional Hamiltonian systems, integration methods, integrability tests","Dynamical systems and ergodic theory [See also 26A18, 28Dxx,",Dynamical aspects of finite-dimensional Hamiltonian and Lagrangian systems
37J37,37,37Jxx,Relations of finite-dimensional Hamiltonian and Lagrangian systems with Lie algebras and other algebraic,"Dynamical systems and ergodic theory [See also 26A18, 28Dxx,",Dynamical aspects of finite-dimensional Hamiltonian and Lagrangian systems
37J38,37,37Jxx,"Relations of finite-dimensional Hamiltonian and Lagrangian systems with algebraic geometry, complex analysis, special functions","Dynamical systems and ergodic theory [See also 26A18, 28Dxx,",Dynamical aspects of finite-dimensional Hamiltonian and Lagrangian systems
37J39,37,37Jxx,"Relations of finite-dimensional Hamiltonian and Lagrangian systems with topology, geometry and differential","Dynamical systems and ergodic theory [See also 26A18, 28Dxx,",Dynamical aspects of finite-dimensional Hamiltonian and Lagrangian systems
37J40,37,37Jxx,"Perturbations of finite-dimensional Hamiltonian systems, normal forms, small divisors, KAM theory, Arnol’d","Dynamical systems and ergodic theory [See also 26A18, 28Dxx,",Dynamical aspects of finite-dimensional Hamiltonian and Lagrangian systems
37J46,37,37Jxx,"Periodic, homoclinic and heteroclinic orbits of finite-dimensional Hamiltonian systems","Dynamical systems and ergodic theory [See also 26A18, 28Dxx,",Dynamical aspects of finite-dimensional Hamiltonian and Lagrangian systems
37J51,37,37Jxx,Action-minimizing orbits and measures for finite-dimensional Hamiltonian and Lagrangian systems; variational principles; degree-theoretic methods,"Dynamical systems and ergodic theory [See also 26A18, 28Dxx,",Dynamical aspects of finite-dimensional Hamiltonian and Lagrangian systems
37J55,37,37Jxx,Contact systems [See also 53D10],"Dynamical systems and ergodic theory [See also 26A18, 28Dxx,",Dynamical aspects of finite-dimensional Hamiltonian and Lagrangian systems
37J60,37,37Jxx,Nonholonomic dynamical systems [See also 70F25],"Dynamical systems and ergodic theory [See also 26A18, 28Dxx,",Dynamical aspects of finite-dimensional Hamiltonian and Lagrangian systems
37J65,37,37Jxx,"Nonautonomous Hamiltonian dynamical systems (Painlevé equations, etc.) [See also 34M55]","Dynamical systems and ergodic theory [See also 26A18, 28Dxx,",Dynamical aspects of finite-dimensional Hamiltonian and Lagrangian systems
37J70,37,37Jxx,Completely integrable discrete dynamical systems,"Dynamical systems and ergodic theory [See also 26A18, 28Dxx,",Dynamical aspects of finite-dimensional Hamiltonian and Lagrangian systems
37J99,37,37Jxx,"None of the above, but in this section","Dynamical systems and ergodic theory [See also 26A18, 28Dxx,",Dynamical aspects of finite-dimensional Hamiltonian and Lagrangian systems
37K06,37,37Kxx,"General theory of infinite-dimensional Hamiltonian and Lagrangian systems, Hamiltonian and Lagrangian","Dynamical systems and ergodic theory [See also 26A18, 28Dxx,",Dynamical system aspects of infinite-dimensional Hamiltonian and Lagrangian
37K10,37,37Kxx,"Completely integrable infinite-dimensional Hamiltonian and Lagrangian systems, integration methods, integrability tests, integrable hierarchies (KdV, KP, Toda, etc.)","Dynamical systems and ergodic theory [See also 26A18, 28Dxx,",Dynamical system aspects of infinite-dimensional Hamiltonian and Lagrangian
37K15,37,37Kxx,Inverse spectral and scattering methods for infinite-dimensional Hamiltonian and Lagrangian systems,"Dynamical systems and ergodic theory [See also 26A18, 28Dxx,",Dynamical system aspects of infinite-dimensional Hamiltonian and Lagrangian
37K20,37,37Kxx,"Relations of infinite-dimensional Hamiltonian and Lagrangian dynamical systems with algebraic geometry,","Dynamical systems and ergodic theory [See also 26A18, 28Dxx,",Dynamical system aspects of infinite-dimensional Hamiltonian and Lagrangian
37K25,37,37Kxx,"Relations of infinite-dimensional Hamiltonian and Lagrangian dynamical systems with topology, geometry","Dynamical systems and ergodic theory [See also 26A18, 28Dxx,",Dynamical system aspects of infinite-dimensional Hamiltonian and Lagrangian
37K30,37,37Kxx,Relations of infinite-dimensional Hamiltonian and Lagrangian dynamical systems with infinite-dimensional,"Dynamical systems and ergodic theory [See also 26A18, 28Dxx,",Dynamical system aspects of infinite-dimensional Hamiltonian and Lagrangian
37K35,37,37Kxx,Lie-Bäcklund and other transformations for infinite-dimensional Hamiltonian and Lagrangian systems,"Dynamical systems and ergodic theory [See also 26A18, 28Dxx,",Dynamical system aspects of infinite-dimensional Hamiltonian and Lagrangian
37K40,37,37Kxx,"Soliton theory, asymptotic behavior of solutions of infinite-dimensional Hamiltonian systems","Dynamical systems and ergodic theory [See also 26A18, 28Dxx,",Dynamical system aspects of infinite-dimensional Hamiltonian and Lagrangian
37K45,37,37Kxx,Stability problems for infinite-dimensional Hamiltonian and Lagrangian systems,"Dynamical systems and ergodic theory [See also 26A18, 28Dxx,",Dynamical system aspects of infinite-dimensional Hamiltonian and Lagrangian
37K50,37,37Kxx,Bifurcation problems for infinite-dimensional Hamiltonian and Lagrangian systems,"Dynamical systems and ergodic theory [See also 26A18, 28Dxx,",Dynamical system aspects of infinite-dimensional Hamiltonian and Lagrangian
37K55,37,37Kxx,"Perturbations, KAM theory for infinite-dimensional Hamiltonian and Lagrangian systems","Dynamical systems and ergodic theory [See also 26A18, 28Dxx,",Dynamical system aspects of infinite-dimensional Hamiltonian and Lagrangian
37K58,37,37Kxx,Variational principles and methods for infinite-dimensional Hamiltonian and Lagrangian systems,"Dynamical systems and ergodic theory [See also 26A18, 28Dxx,",Dynamical system aspects of infinite-dimensional Hamiltonian and Lagrangian
37K60,37,37Kxx,Lattice dynamics; integrable lattice equations [See also 37L60],"Dynamical systems and ergodic theory [See also 26A18, 28Dxx,",Dynamical system aspects of infinite-dimensional Hamiltonian and Lagrangian
37K65,37,37Kxx,Hamiltonian systems on groups of diffeomorphisms and on manifolds of mappings and metrics,"Dynamical systems and ergodic theory [See also 26A18, 28Dxx,",Dynamical system aspects of infinite-dimensional Hamiltonian and Lagrangian
37K99,37,37Kxx,"None of the above, but in this section","Dynamical systems and ergodic theory [See also 26A18, 28Dxx,",Dynamical system aspects of infinite-dimensional Hamiltonian and Lagrangian
37L05,37,37Lxx,"General theory of infinite-dimensional dissipative dynamical systems, nonlinear semigroups, evolution equations","Dynamical systems and ergodic theory [See also 26A18, 28Dxx,","Infinite-dimensional dissipative dynamical systems [See also 35Bxx, 35Qxx]"
37L10,37,37Lxx,"Normal forms, center manifold theory, bifurcation theory for infinite-dimensional dissipative dynamical systems","Dynamical systems and ergodic theory [See also 26A18, 28Dxx,","Infinite-dimensional dissipative dynamical systems [See also 35Bxx, 35Qxx]"
37L15,37,37Lxx,Stability problems for infinite-dimensional dissipative dynamical systems,"Dynamical systems and ergodic theory [See also 26A18, 28Dxx,","Infinite-dimensional dissipative dynamical systems [See also 35Bxx, 35Qxx]"
37L20,37,37Lxx,Symmetries of infinite-dimensional dissipative dynamical systems,"Dynamical systems and ergodic theory [See also 26A18, 28Dxx,","Infinite-dimensional dissipative dynamical systems [See also 35Bxx, 35Qxx]"
37L25,37,37Lxx,Inertial manifolds and other invariant attracting sets of infinite-dimensional dissipative dynamical systems,"Dynamical systems and ergodic theory [See also 26A18, 28Dxx,","Infinite-dimensional dissipative dynamical systems [See also 35Bxx, 35Qxx]"
37L30,37,37Lxx,"Attractors and their dimensions, Lyapunov exponents for infinite-dimensional dissipative dynamical systems","Dynamical systems and ergodic theory [See also 26A18, 28Dxx,","Infinite-dimensional dissipative dynamical systems [See also 35Bxx, 35Qxx]"
37L40,37,37Lxx,Invariant measures for infinite-dimensional dissipative dynamical systems,"Dynamical systems and ergodic theory [See also 26A18, 28Dxx,","Infinite-dimensional dissipative dynamical systems [See also 35Bxx, 35Qxx]"
37L45,37,37Lxx,"Hyperbolicity, Lyapunov functions for infinite-dimensional dissipative dynamical systems","Dynamical systems and ergodic theory [See also 26A18, 28Dxx,","Infinite-dimensional dissipative dynamical systems [See also 35Bxx, 35Qxx]"
37L50,37,37Lxx,"Noncompact semigroups, dispersive equations, perturbations of infinite-dimensional dissipative dynamical","Dynamical systems and ergodic theory [See also 26A18, 28Dxx,","Infinite-dimensional dissipative dynamical systems [See also 35Bxx, 35Qxx]"
37L55,37,37Lxx,"Infinite-dimensional random dynamical systems; stochastic equations [See also 35R60, 60H10, 60H15]","Dynamical systems and ergodic theory [See also 26A18, 28Dxx,","Infinite-dimensional dissipative dynamical systems [See also 35Bxx, 35Qxx]"
37L60,37,37Lxx,Lattice dynamics and infinite-dimensional dissipative dynamical systems [See also 37K60],"Dynamical systems and ergodic theory [See also 26A18, 28Dxx,","Infinite-dimensional dissipative dynamical systems [See also 35Bxx, 35Qxx]"
37L65,37,37Lxx,"Special approximation methods (nonlinear Galerkin, etc.) for infinite-dimensional dissipative dynamical","Dynamical systems and ergodic theory [See also 26A18, 28Dxx,","Infinite-dimensional dissipative dynamical systems [See also 35Bxx, 35Qxx]"
37L99,37,37Lxx,"None of the above, but in this section","Dynamical systems and ergodic theory [See also 26A18, 28Dxx,","Infinite-dimensional dissipative dynamical systems [See also 35Bxx, 35Qxx]"
37M05,37,37Mxx,Simulation of dynamical systems,"Dynamical systems and ergodic theory [See also 26A18, 28Dxx,",Approximation methods and numerical treatment of dynamical systems {For
37M10,37,37Mxx,Time series analysis of dynamical systems,"Dynamical systems and ergodic theory [See also 26A18, 28Dxx,",Approximation methods and numerical treatment of dynamical systems {For
37M15,37,37Mxx,"Discretization methods and integrators (symplectic, variational, geometric, etc.) for dynamical systems","Dynamical systems and ergodic theory [See also 26A18, 28Dxx,",Approximation methods and numerical treatment of dynamical systems {For
37M20,37,37Mxx,Computational methods for bifurcation problems in dynamical systems,"Dynamical systems and ergodic theory [See also 26A18, 28Dxx,",Approximation methods and numerical treatment of dynamical systems {For
37M21,37,37Mxx,Computational methods for invariant manifolds of dynamical systems,"Dynamical systems and ergodic theory [See also 26A18, 28Dxx,",Approximation methods and numerical treatment of dynamical systems {For
37M22,37,37Mxx,Computational methods for attractors of dynamical systems,"Dynamical systems and ergodic theory [See also 26A18, 28Dxx,",Approximation methods and numerical treatment of dynamical systems {For
37M25,37,37Mxx,"Computational methods for ergodic theory (approximation of invariant measures, computation of Lyapunov","Dynamical systems and ergodic theory [See also 26A18, 28Dxx,",Approximation methods and numerical treatment of dynamical systems {For
37M99,37,37Mxx,"None of the above, but in this section","Dynamical systems and ergodic theory [See also 26A18, 28Dxx,",Approximation methods and numerical treatment of dynamical systems {For
37N05,37,37Nxx,"Dynamical systems in classical and celestial mechanics [See mainly 70Fxx, 70Hxx, 70Kxx]","Dynamical systems and ergodic theory [See also 26A18, 28Dxx,",Applications of dynamical systems
37N10,37,37Nxx,"Dynamical systems in fluid mechanics, oceanography and meteorology [See mainly 76-XX, especially 76D05,","Dynamical systems and ergodic theory [See also 26A18, 28Dxx,",Applications of dynamical systems
37N15,37,37Nxx,Dynamical systems in solid mechanics [See mainly 74Hxx],"Dynamical systems and ergodic theory [See also 26A18, 28Dxx,",Applications of dynamical systems
37N20,37,37Nxx,"Dynamical systems in other branches of physics (quantum mechanics, general relativity, laser physics)","Dynamical systems and ergodic theory [See also 26A18, 28Dxx,",Applications of dynamical systems
37N25,37,37Nxx,Dynamical systems in biology [See also 92-XX],"Dynamical systems and ergodic theory [See also 26A18, 28Dxx,",Applications of dynamical systems
37N30,37,37Nxx,Dynamical systems in numerical analysis [See also 65-XX],"Dynamical systems and ergodic theory [See also 26A18, 28Dxx,",Applications of dynamical systems
37N35,37,37Nxx,Dynamical systems in control [See also 93-XX],"Dynamical systems and ergodic theory [See also 26A18, 28Dxx,",Applications of dynamical systems
37N40,37,37Nxx,"Dynamical systems in optimization and economics [See also 90-XX, 91-XX]","Dynamical systems and ergodic theory [See also 26A18, 28Dxx,",Applications of dynamical systems
37N99,37,37Nxx,"None of the above, but in this section","Dynamical systems and ergodic theory [See also 26A18, 28Dxx,",Applications of dynamical systems
37P05,37,37Pxx,Arithmetic and non-Archimedean dynamical systems involving polynomial and rational maps,"Dynamical systems and ergodic theory [See also 26A18, 28Dxx,","Arithmetic and non-Archimedean dynamical systems [See also 11S82, 37A44]"
37P10,37,37Pxx,Arithmetic and non-Archimedean dynamical systems involving analytic and meromorphic maps,"Dynamical systems and ergodic theory [See also 26A18, 28Dxx,","Arithmetic and non-Archimedean dynamical systems [See also 11S82, 37A44]"
37P15,37,37Pxx,Dynamical systems over global ground fields,"Dynamical systems and ergodic theory [See also 26A18, 28Dxx,","Arithmetic and non-Archimedean dynamical systems [See also 11S82, 37A44]"
37P20,37,37Pxx,Dynamical systems over non-Archimedean local ground fields,"Dynamical systems and ergodic theory [See also 26A18, 28Dxx,","Arithmetic and non-Archimedean dynamical systems [See also 11S82, 37A44]"
37P25,37,37Pxx,Dynamical systems over finite ground fields,"Dynamical systems and ergodic theory [See also 26A18, 28Dxx,","Arithmetic and non-Archimedean dynamical systems [See also 11S82, 37A44]"
37P30,37,37Pxx,Height functions; Green functions; invariant measures in arithmetic and non-Archimedean dynamical systems,"Dynamical systems and ergodic theory [See also 26A18, 28Dxx,","Arithmetic and non-Archimedean dynamical systems [See also 11S82, 37A44]"
37P35,37,37Pxx,Arithmetic properties of periodic points,"Dynamical systems and ergodic theory [See also 26A18, 28Dxx,","Arithmetic and non-Archimedean dynamical systems [See also 11S82, 37A44]"
37P40,37,37Pxx,Non-Archimedean Fatou and Julia sets,"Dynamical systems and ergodic theory [See also 26A18, 28Dxx,","Arithmetic and non-Archimedean dynamical systems [See also 11S82, 37A44]"
37P45,37,37Pxx,Families and moduli spaces in arithmetic and non-Archimedean dynamical systems,"Dynamical systems and ergodic theory [See also 26A18, 28Dxx,","Arithmetic and non-Archimedean dynamical systems [See also 11S82, 37A44]"
37P50,37,37Pxx,Dynamical systems on Berkovich spaces,"Dynamical systems and ergodic theory [See also 26A18, 28Dxx,","Arithmetic and non-Archimedean dynamical systems [See also 11S82, 37A44]"
37P55,37,37Pxx,Arithmetic dynamics on general algebraic varieties,"Dynamical systems and ergodic theory [See also 26A18, 28Dxx,","Arithmetic and non-Archimedean dynamical systems [See also 11S82, 37A44]"
37P99,37,37Pxx,"None of the above, but in this section","Dynamical systems and ergodic theory [See also 26A18, 28Dxx,","Arithmetic and non-Archimedean dynamical systems [See also 11S82, 37A44]"
39A05,39,39Axx,General theory of difference equations,Difference and functional equations,"Difference equations {For dynamic equations on time scales, see 34N05; for"
39A06,39,39Axx,Linear difference equations,Difference and functional equations,"Difference equations {For dynamic equations on time scales, see 34N05; for"
39A10,39,39Axx,Additive difference equations,Difference and functional equations,"Difference equations {For dynamic equations on time scales, see 34N05; for"
39A12,39,39Axx,Discrete version of topics in analysis,Difference and functional equations,"Difference equations {For dynamic equations on time scales, see 34N05; for"
39A13,39,39Axx,"Difference equations, scaling (q-differences) [See also 33Dxx]",Difference and functional equations,"Difference equations {For dynamic equations on time scales, see 34N05; for"
39A14,39,39Axx,Partial difference equations,Difference and functional equations,"Difference equations {For dynamic equations on time scales, see 34N05; for"
39A20,39,39Axx,Multiplicative and other generalized difference equations,Difference and functional equations,"Difference equations {For dynamic equations on time scales, see 34N05; for"
39A21,39,39Axx,Oscillation theory for difference equations,Difference and functional equations,"Difference equations {For dynamic equations on time scales, see 34N05; for"
39A22,39,39Axx,"Growth, boundedness, comparison of solutions to difference equations",Difference and functional equations,"Difference equations {For dynamic equations on time scales, see 34N05; for"
39A23,39,39Axx,Periodic solutions of difference equations,Difference and functional equations,"Difference equations {For dynamic equations on time scales, see 34N05; for"
39A24,39,39Axx,Almost periodic solutions of difference equations,Difference and functional equations,"Difference equations {For dynamic equations on time scales, see 34N05; for"
39A26,39,39Axx,Fuzzy difference equations,Difference and functional equations,"Difference equations {For dynamic equations on time scales, see 34N05; for"
39A27,39,39Axx,Boundary value problems for difference equations,Difference and functional equations,"Difference equations {For dynamic equations on time scales, see 34N05; for"
39A28,39,39Axx,Bifurcation theory for difference equations,Difference and functional equations,"Difference equations {For dynamic equations on time scales, see 34N05; for"
39A30,39,39Axx,Stability theory for difference equations,Difference and functional equations,"Difference equations {For dynamic equations on time scales, see 34N05; for"
39A33,39,39Axx,Chaotic behavior of solutions of difference equations,Difference and functional equations,"Difference equations {For dynamic equations on time scales, see 34N05; for"
39A36,39,39Axx,Integrable difference and lattice equations; integrability tests,Difference and functional equations,"Difference equations {For dynamic equations on time scales, see 34N05; for"
39A45,39,39Axx,Difference equations in the complex domain,Difference and functional equations,"Difference equations {For dynamic equations on time scales, see 34N05; for"
39A50,39,39Axx,Stochastic difference equations,Difference and functional equations,"Difference equations {For dynamic equations on time scales, see 34N05; for"
39A60,39,39Axx,Applications of difference equations,Difference and functional equations,"Difference equations {For dynamic equations on time scales, see 34N05; for"
39A70,39,39Axx,Difference operators [See also 47B39],Difference and functional equations,"Difference equations {For dynamic equations on time scales, see 34N05; for"
39A99,39,39Axx,"None of the above, but in this section",Difference and functional equations,"Difference equations {For dynamic equations on time scales, see 34N05; for"
39B05,39,39Bxx,General theory of functional equations and inequalities,Difference and functional equations,Functional equations and inequalities [See also 30D05]
39B12,39,39Bxx,"Iteration theory, iterative and composite equations [See also 26A18, 30D05, 37-XX]",Difference and functional equations,Functional equations and inequalities [See also 30D05]
39B22,39,39Bxx,"Functional equations for real functions [See also 26A51, 26B25]",Difference and functional equations,Functional equations and inequalities [See also 30D05]
39B32,39,39Bxx,Functional equations for complex functions [See also 30D05],Difference and functional equations,Functional equations and inequalities [See also 30D05]
39B42,39,39Bxx,Matrix and operator functional equations [See also 47Jxx],Difference and functional equations,Functional equations and inequalities [See also 30D05]
39B52,39,39Bxx,Functional equations for functions with more general domains and/or ranges,Difference and functional equations,Functional equations and inequalities [See also 30D05]
39B55,39,39Bxx,Orthogonal additivity and other conditional functional equations,Difference and functional equations,Functional equations and inequalities [See also 30D05]
39B62,39,39Bxx,"Functional inequalities, including subadditivity, convexity, etc. [See also 26A51, 26B25, 26Dxx]",Difference and functional equations,Functional equations and inequalities [See also 30D05]
39B72,39,39Bxx,Systems of functional equations and inequalities,Difference and functional equations,Functional equations and inequalities [See also 30D05]
39B82,39,39Bxx,"Stability, separation, extension, and related topics for functional equations [See also 46A22]",Difference and functional equations,Functional equations and inequalities [See also 30D05]
39B99,39,39Bxx,"None of the above, but in this section",Difference and functional equations,Functional equations and inequalities [See also 30D05]
40A05,40,40Axx,Convergence and divergence of series and sequences,"Sequences, series, summability",Convergence and divergence of infinite limiting processes
40A10,40,40Axx,Convergence and divergence of integrals,"Sequences, series, summability",Convergence and divergence of infinite limiting processes
40A15,40,40Axx,Convergence and divergence of continued fractions [See also 30B70],"Sequences, series, summability",Convergence and divergence of infinite limiting processes
40A20,40,40Axx,Convergence and divergence of infinite products,"Sequences, series, summability",Convergence and divergence of infinite limiting processes
40A25,40,40Axx,"Approximation to limiting values (summation of series, etc.) {For the Euler-Maclaurin summation formula,","Sequences, series, summability",Convergence and divergence of infinite limiting processes
40A30,40,40Axx,Convergence and divergence of series and sequences of functions,"Sequences, series, summability",Convergence and divergence of infinite limiting processes
40A35,40,40Axx,Ideal and statistical convergence [See also 40G15],"Sequences, series, summability",Convergence and divergence of infinite limiting processes
40A99,40,40Axx,"None of the above, but in this section","Sequences, series, summability",Convergence and divergence of infinite limiting processes
40B05,40,40Bxx,Multiple sequences and series [Should also be assigned at least one other classification number in this section],"Sequences, series, summability",Multiple sequences and series
40B99,40,40Bxx,"None of the above, but in this section","Sequences, series, summability",Multiple sequences and series
40C05,40,40Cxx,Matrix methods for summability,"Sequences, series, summability",General summability methods
40C10,40,40Cxx,Integral methods for summability,"Sequences, series, summability",General summability methods
40C15,40,40Cxx,Function-theoretic methods (including power series methods and semicontinuous methods) for summability,"Sequences, series, summability",General summability methods
40C99,40,40Cxx,"None of the above, but in this section","Sequences, series, summability",General summability methods
40D05,40,40Dxx,General theorems on summability,"Sequences, series, summability",Direct theorems on summability
40D09,40,40Dxx,Structure of summability fields,"Sequences, series, summability",Direct theorems on summability
40D10,40,40Dxx,Tauberian constants and oscillation limits in summability theory,"Sequences, series, summability",Direct theorems on summability
40D15,40,40Dxx,Convergence factors and summability factors,"Sequences, series, summability",Direct theorems on summability
40D20,40,40Dxx,Summability and bounded fields of methods,"Sequences, series, summability",Direct theorems on summability
40D25,40,40Dxx,Inclusion and equivalence theorems in summability theory,"Sequences, series, summability",Direct theorems on summability
40D99,40,40Dxx,"None of the above, but in this section","Sequences, series, summability",Direct theorems on summability
40E05,40,40Exx,Tauberian theorems,"Sequences, series, summability",Inversion theorems
40E10,40,40Exx,Growth estimates,"Sequences, series, summability",Inversion theorems
40E15,40,40Exx,Lacunary inversion theorems,"Sequences, series, summability",Inversion theorems
40E20,40,40Exx,Tauberian constants,"Sequences, series, summability",Inversion theorems
40E99,40,40Exx,"None of the above, but in this section","Sequences, series, summability",Inversion theorems
40F05,40,40Fxx,Absolute and strong summability [Should also be assigned at least one other classification number in Section,"Sequences, series, summability",Absolute and strong summability [Should also be assigned at least one other
40F99,40,40Fxx,"None of the above, but in this section","Sequences, series, summability",Absolute and strong summability [Should also be assigned at least one other
40G05,40,40Gxx,"Cesàro, Euler, Nörlund and Hausdorff methods","Sequences, series, summability",Special methods of summability
40G10,40,40Gxx,"Abel, Borel and power series methods","Sequences, series, summability",Special methods of summability
40G15,40,40Gxx,Summability methods using statistical convergence [See also 40A35],"Sequences, series, summability",Special methods of summability
40G99,40,40Gxx,"None of the above, but in this section","Sequences, series, summability",Special methods of summability
40H05,40,40Hxx,Functional analytic methods in summability,"Sequences, series, summability",Functional analytic methods in summability
40H99,40,40Hxx,"None of the above, but in this section","Sequences, series, summability",Functional analytic methods in summability
40J05,40,40Jxx,Summability in abstract structures [Should also be assigned at least one other classification number from,"Sequences, series, summability",Summability in abstract structures [Should also be assigned at least one other
40J99,40,40Jxx,"None of the above, but in this section","Sequences, series, summability",Summability in abstract structures [Should also be assigned at least one other
41A05,41,41Axx,"Interpolation in approximation theory [See also 42A15, 65D05]",Approximations and expansions {For approximation theory in,Approximations and expansions {For approximation theory in the complex
41A10,41,41Axx,"Approximation by polynomials {For approximation by trigonometric polynomials, see 42A10}",Approximations and expansions {For approximation theory in,Approximations and expansions {For approximation theory in the complex
41A15,41,41Axx,Spline approximation,Approximations and expansions {For approximation theory in,Approximations and expansions {For approximation theory in the complex
41A17,41,41Axx,"Inequalities in approximation (Bernstein, Jackson, Nikol’skiı̆-type inequalities)",Approximations and expansions {For approximation theory in,Approximations and expansions {For approximation theory in the complex
41A20,41,41Axx,Approximation by rational functions,Approximations and expansions {For approximation theory in,Approximations and expansions {For approximation theory in the complex
41A21,41,41Axx,Padé approximation,Approximations and expansions {For approximation theory in,Approximations and expansions {For approximation theory in the complex
41A25,41,41Axx,"Rate of convergence, degree of approximation",Approximations and expansions {For approximation theory in,Approximations and expansions {For approximation theory in the complex
41A27,41,41Axx,Inverse theorems in approximation theory,Approximations and expansions {For approximation theory in,Approximations and expansions {For approximation theory in the complex
41A28,41,41Axx,Simultaneous approximation,Approximations and expansions {For approximation theory in,Approximations and expansions {For approximation theory in the complex
41A29,41,41Axx,Approximation with constraints,Approximations and expansions {For approximation theory in,Approximations and expansions {For approximation theory in the complex
41A30,41,41Axx,Approximation by other special function classes,Approximations and expansions {For approximation theory in,Approximations and expansions {For approximation theory in the complex
41A35,41,41Axx,"Approximation by operators (in particular, by integral operators)",Approximations and expansions {For approximation theory in,Approximations and expansions {For approximation theory in the complex
41A36,41,41Axx,Approximation by positive operators,Approximations and expansions {For approximation theory in,Approximations and expansions {For approximation theory in the complex
41A40,41,41Axx,Saturation in approximation theory,Approximations and expansions {For approximation theory in,Approximations and expansions {For approximation theory in the complex
41A44,41,41Axx,Best constants in approximation theory,Approximations and expansions {For approximation theory in,Approximations and expansions {For approximation theory in the complex
41A45,41,41Axx,Approximation by arbitrary linear expressions,Approximations and expansions {For approximation theory in,Approximations and expansions {For approximation theory in the complex
41A46,41,41Axx,Approximation by arbitrary nonlinear expressions; widths and entropy,Approximations and expansions {For approximation theory in,Approximations and expansions {For approximation theory in the complex
41A50,41,41Axx,"Best approximation, Chebyshev systems",Approximations and expansions {For approximation theory in,Approximations and expansions {For approximation theory in the complex
41A52,41,41Axx,Uniqueness of best approximation,Approximations and expansions {For approximation theory in,Approximations and expansions {For approximation theory in the complex
41A55,41,41Axx,Approximate quadratures,Approximations and expansions {For approximation theory in,Approximations and expansions {For approximation theory in the complex
41A58,41,41Axx,"Series expansions (e.g., Taylor, Lidstone series, but not Fourier series)",Approximations and expansions {For approximation theory in,Approximations and expansions {For approximation theory in the complex
41A60,41,41Axx,"Asymptotic approximations, asymptotic expansions (steepest descent, etc.) [See also 30E15]",Approximations and expansions {For approximation theory in,Approximations and expansions {For approximation theory in the complex
41A63,41,41Axx,Multidimensional problems [Should also be assigned at least one other classification number from Section,Approximations and expansions {For approximation theory in,Approximations and expansions {For approximation theory in the complex
41A65,41,41Axx,Abstract approximation theory (approximation in normed linear spaces and other abstract spaces),Approximations and expansions {For approximation theory in,Approximations and expansions {For approximation theory in the complex
41A80,41,41Axx,Remainders in approximation formulas,Approximations and expansions {For approximation theory in,Approximations and expansions {For approximation theory in the complex
41A81,41,41Axx,Weighted approximation,Approximations and expansions {For approximation theory in,Approximations and expansions {For approximation theory in the complex
41A99,41,41Axx,"None of the above, but in this section",Approximations and expansions {For approximation theory in,Approximations and expansions {For approximation theory in the complex
42A05,42,42Axx,"Trigonometric polynomials, inequalities, extremal problems",Harmonic analysis on Euclidean spaces,Harmonic analysis in one variable
42A10,42,42Axx,Trigonometric approximation,Harmonic analysis on Euclidean spaces,Harmonic analysis in one variable
42A15,42,42Axx,Trigonometric interpolation,Harmonic analysis on Euclidean spaces,Harmonic analysis in one variable
42A16,42,42Axx,"Fourier coefficients, Fourier series of functions with special properties, special Fourier series {For automorphic",Harmonic analysis on Euclidean spaces,Harmonic analysis in one variable
42A20,42,42Axx,Convergence and absolute convergence of Fourier and trigonometric series,Harmonic analysis on Euclidean spaces,Harmonic analysis in one variable
42A24,42,42Axx,Summability and absolute summability of Fourier and trigonometric series,Harmonic analysis on Euclidean spaces,Harmonic analysis in one variable
42A32,42,42Axx,"Trigonometric series of special types (positive coefficients, monotonic coefficients, etc.)",Harmonic analysis on Euclidean spaces,Harmonic analysis in one variable
42A38,42,42Axx,Fourier and Fourier-Stieltjes transforms and other transforms of Fourier type,Harmonic analysis on Euclidean spaces,Harmonic analysis in one variable
42A45,42,42Axx,Multipliers in one variable harmonic analysis,Harmonic analysis on Euclidean spaces,Harmonic analysis in one variable
42A50,42,42Axx,"Conjugate functions, conjugate series, singular integrals",Harmonic analysis on Euclidean spaces,Harmonic analysis in one variable
42A55,42,42Axx,Lacunary series of trigonometric and other functions; Riesz products,Harmonic analysis on Euclidean spaces,Harmonic analysis in one variable
42A61,42,42Axx,Probabilistic methods for one variable harmonic analysis,Harmonic analysis on Euclidean spaces,Harmonic analysis in one variable
42A63,42,42Axx,"Uniqueness of trigonometric expansions, uniqueness of Fourier expansions, Riemann theory, localization",Harmonic analysis on Euclidean spaces,Harmonic analysis in one variable
42A65,42,42Axx,Completeness of sets of functions in one variable harmonic analysis,Harmonic analysis on Euclidean spaces,Harmonic analysis in one variable
42A70,42,42Axx,Trigonometric moment problems in one variable harmonic analysis,Harmonic analysis on Euclidean spaces,Harmonic analysis in one variable
42A75,42,42Axx,"Classical almost periodic functions, mean periodic functions [See also 43A60]",Harmonic analysis on Euclidean spaces,Harmonic analysis in one variable
42A82,42,42Axx,Positive definite functions in one variable harmonic analysis,Harmonic analysis on Euclidean spaces,Harmonic analysis in one variable
42A85,42,42Axx,"Convolution, factorization for one variable harmonic analysis",Harmonic analysis on Euclidean spaces,Harmonic analysis in one variable
42A99,42,42Axx,"None of the above, but in this section",Harmonic analysis on Euclidean spaces,Harmonic analysis in one variable
42B05,42,42Bxx,Fourier series and coefficients in several variables,Harmonic analysis on Euclidean spaces,"Harmonic analysis in several variables {For automorphic theory, see mainly"
42B08,42,42Bxx,Summability in several variables,Harmonic analysis on Euclidean spaces,"Harmonic analysis in several variables {For automorphic theory, see mainly"
42B10,42,42Bxx,Fourier and Fourier-Stieltjes transforms and other transforms of Fourier type,Harmonic analysis on Euclidean spaces,"Harmonic analysis in several variables {For automorphic theory, see mainly"
42B15,42,42Bxx,Multipliers for harmonic analysis in several variables,Harmonic analysis on Euclidean spaces,"Harmonic analysis in several variables {For automorphic theory, see mainly"
42B20,42,42Bxx,"Singular and oscillatory integrals (Calderón-Zygmund, etc.)",Harmonic analysis on Euclidean spaces,"Harmonic analysis in several variables {For automorphic theory, see mainly"
42B25,42,42Bxx,"Maximal functions, Littlewood-Paley theory",Harmonic analysis on Euclidean spaces,"Harmonic analysis in several variables {For automorphic theory, see mainly"
42B30,42,42Bxx,H p -spaces,Harmonic analysis on Euclidean spaces,"Harmonic analysis in several variables {For automorphic theory, see mainly"
42B35,42,42Bxx,Function spaces arising in harmonic analysis,Harmonic analysis on Euclidean spaces,"Harmonic analysis in several variables {For automorphic theory, see mainly"
42B37,42,42Bxx,Harmonic analysis and PDEs [See also 35-XX],Harmonic analysis on Euclidean spaces,"Harmonic analysis in several variables {For automorphic theory, see mainly"
42B99,42,42Bxx,"None of the above, but in this section",Harmonic analysis on Euclidean spaces,"Harmonic analysis in several variables {For automorphic theory, see mainly"
42C05,42,42Cxx,"Orthogonal functions and polynomials, general theory of nontrigonometric harmonic analysis [See also 33C45,",Harmonic analysis on Euclidean spaces,Nontrigonometric harmonic analysis
42C10,42,42Cxx,"Fourier series in special orthogonal functions (Legendre polynomials, Walsh functions, etc.)",Harmonic analysis on Euclidean spaces,Nontrigonometric harmonic analysis
42C15,42,42Cxx,"General harmonic expansions, frames",Harmonic analysis on Euclidean spaces,Nontrigonometric harmonic analysis
42C20,42,42Cxx,Other transformations of harmonic type,Harmonic analysis on Euclidean spaces,Nontrigonometric harmonic analysis
42C25,42,42Cxx,Uniqueness and localization for orthogonal series,Harmonic analysis on Euclidean spaces,Nontrigonometric harmonic analysis
42C30,42,42Cxx,Completeness of sets of functions in nontrigonometric harmonic analysis,Harmonic analysis on Euclidean spaces,Nontrigonometric harmonic analysis
42C40,42,42Cxx,Nontrigonometric harmonic analysis involving wavelets and other special systems,Harmonic analysis on Euclidean spaces,Nontrigonometric harmonic analysis
42C99,42,42Cxx,"None of the above, but in this section",Harmonic analysis on Euclidean spaces,Nontrigonometric harmonic analysis
43A05,43,43Axx,"Measures on groups and semigroups, etc.",Abstract harmonic analysis {For other analysis on topological,"Abstract harmonic analysis {For other analysis on topological and Lie groups,"
43A07,43,43Axx,"Means on groups, semigroups, etc.; amenable groups",Abstract harmonic analysis {For other analysis on topological,"Abstract harmonic analysis {For other analysis on topological and Lie groups,"
43A10,43,43Axx,"Measure algebras on groups, semigroups, etc.",Abstract harmonic analysis {For other analysis on topological,"Abstract harmonic analysis {For other analysis on topological and Lie groups,"
43A15,43,43Axx,"Lp -spaces and other function spaces on groups, semigroups, etc.",Abstract harmonic analysis {For other analysis on topological,"Abstract harmonic analysis {For other analysis on topological and Lie groups,"
43A17,43,43Axx,"Analysis on ordered groups, H p -theory",Abstract harmonic analysis {For other analysis on topological,"Abstract harmonic analysis {For other analysis on topological and Lie groups,"
43A20,43,43Axx,"L1 -algebras on groups, semigroups, etc.",Abstract harmonic analysis {For other analysis on topological,"Abstract harmonic analysis {For other analysis on topological and Lie groups,"
43A22,43,43Axx,"Homomorphisms and multipliers of function spaces on groups, semigroups, etc.",Abstract harmonic analysis {For other analysis on topological,"Abstract harmonic analysis {For other analysis on topological and Lie groups,"
43A25,43,43Axx,Fourier and Fourier-Stieltjes transforms on locally compact and other abelian groups,Abstract harmonic analysis {For other analysis on topological,"Abstract harmonic analysis {For other analysis on topological and Lie groups,"
43A30,43,43Axx,"Fourier and Fourier-Stieltjes transforms on nonabelian groups and on semigroups, etc.",Abstract harmonic analysis {For other analysis on topological,"Abstract harmonic analysis {For other analysis on topological and Lie groups,"
43A32,43,43Axx,Other transforms and operators of Fourier type,Abstract harmonic analysis {For other analysis on topological,"Abstract harmonic analysis {For other analysis on topological and Lie groups,"
43A35,43,43Axx,"Positive definite functions on groups, semigroups, etc.",Abstract harmonic analysis {For other analysis on topological,"Abstract harmonic analysis {For other analysis on topological and Lie groups,"
43A40,43,43Axx,Character groups and dual objects,Abstract harmonic analysis {For other analysis on topological,"Abstract harmonic analysis {For other analysis on topological and Lie groups,"
43A45,43,43Axx,"Spectral synthesis on groups, semigroups, etc.",Abstract harmonic analysis {For other analysis on topological,"Abstract harmonic analysis {For other analysis on topological and Lie groups,"
43A46,43,43Axx,"Special sets (thin sets, Kronecker sets, Helson sets, Ditkin sets, Sidon sets, etc.)",Abstract harmonic analysis {For other analysis on topological,"Abstract harmonic analysis {For other analysis on topological and Lie groups,"
43A50,43,43Axx,Convergence of Fourier series and of inverse transforms,Abstract harmonic analysis {For other analysis on topological,"Abstract harmonic analysis {For other analysis on topological and Lie groups,"
43A55,43,43Axx,"Summability methods on groups, semigroups, etc. [See also 40J05]",Abstract harmonic analysis {For other analysis on topological,"Abstract harmonic analysis {For other analysis on topological and Lie groups,"
43A60,43,43Axx,"Almost periodic functions on groups and semigroups and their generalizations (recurrent functions, distal",Abstract harmonic analysis {For other analysis on topological,"Abstract harmonic analysis {For other analysis on topological and Lie groups,"
43A62,43,43Axx,Harmonic analysis on hypergroups,Abstract harmonic analysis {For other analysis on topological,"Abstract harmonic analysis {For other analysis on topological and Lie groups,"
43A65,43,43Axx,"Representations of groups, semigroups, etc. (aspects of abstract harmonic analysis) [See also 22A10, 22A20,",Abstract harmonic analysis {For other analysis on topological,"Abstract harmonic analysis {For other analysis on topological and Lie groups,"
43A70,43,43Axx,"Analysis on specific locally compact and other abelian groups [See also 11R56, 22B05]",Abstract harmonic analysis {For other analysis on topological,"Abstract harmonic analysis {For other analysis on topological and Lie groups,"
43A75,43,43Axx,Harmonic analysis on specific compact groups,Abstract harmonic analysis {For other analysis on topological,"Abstract harmonic analysis {For other analysis on topological and Lie groups,"
43A77,43,43Axx,Harmonic analysis on general compact groups,Abstract harmonic analysis {For other analysis on topological,"Abstract harmonic analysis {For other analysis on topological and Lie groups,"
43A80,43,43Axx,Analysis on other specific Lie groups [See also 22Exx],Abstract harmonic analysis {For other analysis on topological,"Abstract harmonic analysis {For other analysis on topological and Lie groups,"
43A85,43,43Axx,Harmonic analysis on homogeneous spaces,Abstract harmonic analysis {For other analysis on topological,"Abstract harmonic analysis {For other analysis on topological and Lie groups,"
43A90,43,43Axx,"Harmonic analysis and spherical functions [See also 22E45, 22E46, 33C55]",Abstract harmonic analysis {For other analysis on topological,"Abstract harmonic analysis {For other analysis on topological and Lie groups,"
43A95,43,43Axx,Categorical methods for abstract harmonic analysis [See also 46Mxx],Abstract harmonic analysis {For other analysis on topological,"Abstract harmonic analysis {For other analysis on topological and Lie groups,"
43A99,43,43Axx,"None of the above, but in this section",Abstract harmonic analysis {For other analysis on topological,"Abstract harmonic analysis {For other analysis on topological and Lie groups,"
44A05,44,44Axx,General integral transforms [See also 42A38],"Integral transforms, operational calculus {For fractional derivatives and integrals, see 26A33; for Fourier transforms, see 42A38, 42B10;","Integral transforms, operational calculus {For fractional derivatives and integrals, see 26A33; for Fourier transforms, see 42A38, 42B10; for integral transforms in"
44A10,44,44Axx,Laplace transform,"Integral transforms, operational calculus {For fractional derivatives and integrals, see 26A33; for Fourier transforms, see 42A38, 42B10;","Integral transforms, operational calculus {For fractional derivatives and integrals, see 26A33; for Fourier transforms, see 42A38, 42B10; for integral transforms in"
44A12,44,44Axx,Radon transform [See also 92C55],"Integral transforms, operational calculus {For fractional derivatives and integrals, see 26A33; for Fourier transforms, see 42A38, 42B10;","Integral transforms, operational calculus {For fractional derivatives and integrals, see 26A33; for Fourier transforms, see 42A38, 42B10; for integral transforms in"
44A15,44,44Axx,"Special integral transforms (Legendre, Hilbert, etc.)","Integral transforms, operational calculus {For fractional derivatives and integrals, see 26A33; for Fourier transforms, see 42A38, 42B10;","Integral transforms, operational calculus {For fractional derivatives and integrals, see 26A33; for Fourier transforms, see 42A38, 42B10; for integral transforms in"
44A20,44,44Axx,Integral transforms of special functions,"Integral transforms, operational calculus {For fractional derivatives and integrals, see 26A33; for Fourier transforms, see 42A38, 42B10;","Integral transforms, operational calculus {For fractional derivatives and integrals, see 26A33; for Fourier transforms, see 42A38, 42B10; for integral transforms in"
44A30,44,44Axx,Multiple integral transforms,"Integral transforms, operational calculus {For fractional derivatives and integrals, see 26A33; for Fourier transforms, see 42A38, 42B10;","Integral transforms, operational calculus {For fractional derivatives and integrals, see 26A33; for Fourier transforms, see 42A38, 42B10; for integral transforms in"
44A35,44,44Axx,Convolution as an integral transform,"Integral transforms, operational calculus {For fractional derivatives and integrals, see 26A33; for Fourier transforms, see 42A38, 42B10;","Integral transforms, operational calculus {For fractional derivatives and integrals, see 26A33; for Fourier transforms, see 42A38, 42B10; for integral transforms in"
44A40,44,44Axx,Calculus of Mikusiński and other operational calculi,"Integral transforms, operational calculus {For fractional derivatives and integrals, see 26A33; for Fourier transforms, see 42A38, 42B10;","Integral transforms, operational calculus {For fractional derivatives and integrals, see 26A33; for Fourier transforms, see 42A38, 42B10; for integral transforms in"
44A45,44,44Axx,Classical operational calculus,"Integral transforms, operational calculus {For fractional derivatives and integrals, see 26A33; for Fourier transforms, see 42A38, 42B10;","Integral transforms, operational calculus {For fractional derivatives and integrals, see 26A33; for Fourier transforms, see 42A38, 42B10; for integral transforms in"
44A55,44,44Axx,Discrete operational calculus,"Integral transforms, operational calculus {For fractional derivatives and integrals, see 26A33; for Fourier transforms, see 42A38, 42B10;","Integral transforms, operational calculus {For fractional derivatives and integrals, see 26A33; for Fourier transforms, see 42A38, 42B10; for integral transforms in"
44A60,44,44Axx,"Moment problems {For trigonometric moment problems, see 42A70}","Integral transforms, operational calculus {For fractional derivatives and integrals, see 26A33; for Fourier transforms, see 42A38, 42B10;","Integral transforms, operational calculus {For fractional derivatives and integrals, see 26A33; for Fourier transforms, see 42A38, 42B10; for integral transforms in"
44A99,44,44Axx,"None of the above, but in this section","Integral transforms, operational calculus {For fractional derivatives and integrals, see 26A33; for Fourier transforms, see 42A38, 42B10;","Integral transforms, operational calculus {For fractional derivatives and integrals, see 26A33; for Fourier transforms, see 42A38, 42B10; for integral transforms in"
45A05,45,45Axx,Linear integral equations,Integral equations,Linear integral equations
45A99,45,45Axx,"None of the above, but in this section",Integral equations,Linear integral equations
45B05,45,45Bxx,Fredholm integral equations,Integral equations,Fredholm integral equations
45B99,45,45Bxx,"None of the above, but in this section",Integral equations,Fredholm integral equations
45C05,45,45Cxx,"Eigenvalue problems for integral equations [See also 34Lxx, 35Pxx, 45P05, 47A75]",Integral equations,"Eigenvalue problems for integral equations [See also 34Lxx, 35Pxx, 45P05,"
45C99,45,45Cxx,"None of the above, but in this section",Integral equations,"Eigenvalue problems for integral equations [See also 34Lxx, 35Pxx, 45P05,"
45D05,45,45Dxx,Volterra integral equations [See also 34A12],Integral equations,Volterra integral equations [See also 34A12]
45D99,45,45Dxx,"None of the above, but in this section",Integral equations,Volterra integral equations [See also 34A12]
45E05,45,45Exx,Integral equations with kernels of Cauchy type [See also 35J15],Integral equations,"Singular integral equations [See also 30E20, 30E25, 44A15, 44A35]"
45E10,45,45Exx,"Integral equations of the convolution type (Abel, Picard, Toeplitz and Wiener-Hopf type) [See also 47B35]",Integral equations,"Singular integral equations [See also 30E20, 30E25, 44A15, 44A35]"
45E99,45,45Exx,"None of the above, but in this section",Integral equations,"Singular integral equations [See also 30E20, 30E25, 44A15, 44A35]"
45F05,45,45Fxx,Systems of nonsingular linear integral equations,Integral equations,Systems of linear integral equations
45F10,45,45Fxx,"Dual, triple, etc., integral and series equations",Integral equations,Systems of linear integral equations
45F15,45,45Fxx,Systems of singular linear integral equations,Integral equations,Systems of linear integral equations
45F99,45,45Fxx,"None of the above, but in this section",Integral equations,Systems of linear integral equations
45G05,45,45Gxx,Singular nonlinear integral equations,Integral equations,"Nonlinear integral equations [See also 47H30, 47Jxx]"
45G10,45,45Gxx,Other nonlinear integral equations,Integral equations,"Nonlinear integral equations [See also 47H30, 47Jxx]"
45G15,45,45Gxx,Systems of nonlinear integral equations,Integral equations,"Nonlinear integral equations [See also 47H30, 47Jxx]"
45G99,45,45Gxx,"None of the above, but in this section",Integral equations,"Nonlinear integral equations [See also 47H30, 47Jxx]"
45H05,45,45Hxx,Integral equations with miscellaneous special kernels [See also 44A15],Integral equations,Integral equations with miscellaneous special kernels [See also 44A15]
45H99,45,45Hxx,"None of the above, but in this section",Integral equations,Integral equations with miscellaneous special kernels [See also 44A15]
45J05,45,45Jxx,"Integro-ordinary differential equations [See also 34K05, 34K30, 47G20]",Integral equations,"Integro-ordinary differential equations [See also 34K05, 34K30, 47G20]"
45J99,45,45Jxx,"None of the above, but in this section",Integral equations,"Integro-ordinary differential equations [See also 34K05, 34K30, 47G20]"
45K05,45,45Kxx,"Integro-partial differential equations [See also 34K30, 35R09, 35R10, 47G20]",Integral equations,"Integro-partial differential equations [See also 34K30, 35R09, 35R10, 47G20]"
45K99,45,45Kxx,"None of the above, but in this section",Integral equations,"Integro-partial differential equations [See also 34K30, 35R09, 35R10, 47G20]"
45L05,45,45Lxx,"Theoretical approximation of solutions to integral equations {For numerical analysis, see 65Rxx}",Integral equations,Theoretical approximation of solutions to integral equations {For numerical
45L99,45,45Lxx,"None of the above, but in this section",Integral equations,Theoretical approximation of solutions to integral equations {For numerical
45M05,45,45Mxx,Asymptotics of solutions to integral equations,Integral equations,Qualitative behavior of solutions to integral equations
45M10,45,45Mxx,Stability theory for integral equations,Integral equations,Qualitative behavior of solutions to integral equations
45M15,45,45Mxx,Periodic solutions of integral equations,Integral equations,Qualitative behavior of solutions to integral equations
45M20,45,45Mxx,Positive solutions of integral equations,Integral equations,Qualitative behavior of solutions to integral equations
45M99,45,45Mxx,"None of the above, but in this section",Integral equations,Qualitative behavior of solutions to integral equations
45N05,45,45Nxx,"Abstract integral equations, integral equations in abstract spaces",Integral equations,"Abstract integral equations, integral equations in abstract spaces"
45N99,45,45Nxx,"None of the above, but in this section",Integral equations,"Abstract integral equations, integral equations in abstract spaces"
45P05,45,45Pxx,"Integral operators [See also 47B38, 47G10]",Integral equations,"Integral operators [See also 47B38, 47G10]"
45P99,45,45Pxx,"None of the above, but in this section",Integral equations,"Integral operators [See also 47B38, 47G10]"
45Q05,45,45Qxx,Inverse problems for integral equations,Integral equations,Inverse problems for integral equations
45Q99,45,45Qxx,"None of the above, but in this section",Integral equations,Inverse problems for integral equations
45R05,45,45Rxx,Random integral equations [See also 60H20],Integral equations,Random integral equations [See also 60H20]
45R99,45,45Rxx,"None of the above, but in this section",Integral equations,Random integral equations [See also 60H20]
46A03,46,46Axx,General theory of locally convex spaces,Functional analysis {For manifolds modeled on topological linear,"Topological linear spaces and related structures {For function spaces, see"
46A04,46,46Axx,Locally convex Fréchet spaces and (DF)-spaces,Functional analysis {For manifolds modeled on topological linear,"Topological linear spaces and related structures {For function spaces, see"
46A08,46,46Axx,"Barrelled spaces, bornological spaces",Functional analysis {For manifolds modeled on topological linear,"Topological linear spaces and related structures {For function spaces, see"
46A11,46,46Axx,"Spaces determined by compactness or summability properties (nuclear spaces, Schwartz spaces, Montel",Functional analysis {For manifolds modeled on topological linear,"Topological linear spaces and related structures {For function spaces, see"
46A13,46,46Axx,"Spaces defined by inductive or projective limits (LB, LF, etc.) [See also 46M40]",Functional analysis {For manifolds modeled on topological linear,"Topological linear spaces and related structures {For function spaces, see"
46A16,46,46Axx,"Not locally convex spaces (metrizable topological linear spaces, locally bounded spaces, quasi-Banach spaces,",Functional analysis {For manifolds modeled on topological linear,"Topological linear spaces and related structures {For function spaces, see"
46A17,46,46Axx,"Bornologies and related structures; Mackey convergence, etc.",Functional analysis {For manifolds modeled on topological linear,"Topological linear spaces and related structures {For function spaces, see"
46A19,46,46Axx,"Other “topological” linear spaces (convergence spaces, ranked spaces, spaces with a metric taking values in",Functional analysis {For manifolds modeled on topological linear,"Topological linear spaces and related structures {For function spaces, see"
46A20,46,46Axx,Duality theory for topological vector spaces,Functional analysis {For manifolds modeled on topological linear,"Topological linear spaces and related structures {For function spaces, see"
46A22,46,46Axx,Theorems of Hahn-Banach type; extension and lifting of functionals and operators [See also 46M10],Functional analysis {For manifolds modeled on topological linear,"Topological linear spaces and related structures {For function spaces, see"
46A25,46,46Axx,Reflexivity and semi-reflexivity [See also 46B10],Functional analysis {For manifolds modeled on topological linear,"Topological linear spaces and related structures {For function spaces, see"
46A30,46,46Axx,"Open mapping and closed graph theorems; completeness (including B-, Br -completeness)",Functional analysis {For manifolds modeled on topological linear,"Topological linear spaces and related structures {For function spaces, see"
46A32,46,46Axx,"Spaces of linear operators; topological tensor products; approximation properties [See also 46B28, 46M05,",Functional analysis {For manifolds modeled on topological linear,"Topological linear spaces and related structures {For function spaces, see"
46A35,46,46Axx,Summability and bases in topological vector spaces [See also 46B15],Functional analysis {For manifolds modeled on topological linear,"Topological linear spaces and related structures {For function spaces, see"
46A40,46,46Axx,"Ordered topological linear spaces, vector lattices [See also 06F20, 46B40, 46B42]",Functional analysis {For manifolds modeled on topological linear,"Topological linear spaces and related structures {For function spaces, see"
46A45,46,46Axx,Sequence spaces (including Köthe sequence spaces) [See also 46B45],Functional analysis {For manifolds modeled on topological linear,"Topological linear spaces and related structures {For function spaces, see"
46A50,46,46Axx,"Compactness in topological linear spaces; angelic spaces, etc.",Functional analysis {For manifolds modeled on topological linear,"Topological linear spaces and related structures {For function spaces, see"
46A55,46,46Axx,Convex sets in topological linear spaces; Choquet theory [See also 52A07],Functional analysis {For manifolds modeled on topological linear,"Topological linear spaces and related structures {For function spaces, see"
46A61,46,46Axx,Graded Fréchet spaces and tame operators,Functional analysis {For manifolds modeled on topological linear,"Topological linear spaces and related structures {For function spaces, see"
46A63,46,46Axx,"Topological invariants ((DN), (Ω), etc.) for locally convex spaces",Functional analysis {For manifolds modeled on topological linear,"Topological linear spaces and related structures {For function spaces, see"
46A70,46,46Axx,"Saks spaces and their duals (strict topologies, mixed topologies, two-norm spaces, co-Saks spaces, etc.)",Functional analysis {For manifolds modeled on topological linear,"Topological linear spaces and related structures {For function spaces, see"
46A80,46,46Axx,Modular spaces,Functional analysis {For manifolds modeled on topological linear,"Topological linear spaces and related structures {For function spaces, see"
46A99,46,46Axx,"None of the above, but in this section",Functional analysis {For manifolds modeled on topological linear,"Topological linear spaces and related structures {For function spaces, see"
46B03,46,46Bxx,Isomorphic theory (including renorming) of Banach spaces,Functional analysis {For manifolds modeled on topological linear,"Normed linear spaces and Banach spaces; Banach lattices {For function spaces,"
46B04,46,46Bxx,Isometric theory of Banach spaces,Functional analysis {For manifolds modeled on topological linear,"Normed linear spaces and Banach spaces; Banach lattices {For function spaces,"
46B06,46,46Bxx,Asymptotic theory of Banach spaces [See also 52A23],Functional analysis {For manifolds modeled on topological linear,"Normed linear spaces and Banach spaces; Banach lattices {For function spaces,"
46B07,46,46Bxx,Local theory of Banach spaces,Functional analysis {For manifolds modeled on topological linear,"Normed linear spaces and Banach spaces; Banach lattices {For function spaces,"
46B08,46,46Bxx,Ultraproduct techniques in Banach space theory [See also 46M07],Functional analysis {For manifolds modeled on topological linear,"Normed linear spaces and Banach spaces; Banach lattices {For function spaces,"
46B09,46,46Bxx,Probabilistic methods in Banach space theory [See also 60Bxx],Functional analysis {For manifolds modeled on topological linear,"Normed linear spaces and Banach spaces; Banach lattices {For function spaces,"
46B10,46,46Bxx,Duality and reflexivity in normed linear and Banach spaces [See also 46A25],Functional analysis {For manifolds modeled on topological linear,"Normed linear spaces and Banach spaces; Banach lattices {For function spaces,"
46B15,46,46Bxx,"Summability and bases; functional analytic aspects of frames in Banach and Hilbert spaces [See also 46A35,",Functional analysis {For manifolds modeled on topological linear,"Normed linear spaces and Banach spaces; Banach lattices {For function spaces,"
46B20,46,46Bxx,Geometry and structure of normed linear spaces,Functional analysis {For manifolds modeled on topological linear,"Normed linear spaces and Banach spaces; Banach lattices {For function spaces,"
46B22,46,46Bxx,"Radon-Nikodým, Kreı̆n-Milman and related properties [See also 46G10]",Functional analysis {For manifolds modeled on topological linear,"Normed linear spaces and Banach spaces; Banach lattices {For function spaces,"
46B25,46,46Bxx,Classical Banach spaces in the general theory,Functional analysis {For manifolds modeled on topological linear,"Normed linear spaces and Banach spaces; Banach lattices {For function spaces,"
46B26,46,46Bxx,Nonseparable Banach spaces,Functional analysis {For manifolds modeled on topological linear,"Normed linear spaces and Banach spaces; Banach lattices {For function spaces,"
46B28,46,46Bxx,"Spaces of operators; tensor products; approximation properties [See also 46A32, 46M05, 47L05, 47L20]",Functional analysis {For manifolds modeled on topological linear,"Normed linear spaces and Banach spaces; Banach lattices {For function spaces,"
46B40,46,46Bxx,"Ordered normed spaces [See also 46A40, 46B42]",Functional analysis {For manifolds modeled on topological linear,"Normed linear spaces and Banach spaces; Banach lattices {For function spaces,"
46B42,46,46Bxx,"Banach lattices [See also 46A40, 46B40]",Functional analysis {For manifolds modeled on topological linear,"Normed linear spaces and Banach spaces; Banach lattices {For function spaces,"
46B45,46,46Bxx,Banach sequence spaces [See also 46A45],Functional analysis {For manifolds modeled on topological linear,"Normed linear spaces and Banach spaces; Banach lattices {For function spaces,"
46B50,46,46Bxx,Compactness in Banach (or normed) spaces,Functional analysis {For manifolds modeled on topological linear,"Normed linear spaces and Banach spaces; Banach lattices {For function spaces,"
46B70,46,46Bxx,Interpolation between normed linear spaces [See also 46M35],Functional analysis {For manifolds modeled on topological linear,"Normed linear spaces and Banach spaces; Banach lattices {For function spaces,"
46B80,46,46Bxx,Nonlinear classification of Banach spaces; nonlinear quotients,Functional analysis {For manifolds modeled on topological linear,"Normed linear spaces and Banach spaces; Banach lattices {For function spaces,"
46B85,46,46Bxx,Embeddings of discrete metric spaces into Banach spaces; applications in topology and computer science,Functional analysis {For manifolds modeled on topological linear,"Normed linear spaces and Banach spaces; Banach lattices {For function spaces,"
46B87,46,46Bxx,Lineability in functional analysis [See also 15A03],Functional analysis {For manifolds modeled on topological linear,"Normed linear spaces and Banach spaces; Banach lattices {For function spaces,"
46B99,46,46Bxx,"None of the above, but in this section",Functional analysis {For manifolds modeled on topological linear,"Normed linear spaces and Banach spaces; Banach lattices {For function spaces,"
46C05,46,46Cxx,Hilbert and pre-Hilbert spaces: geometry and topology (including spaces with semidefinite inner product),Functional analysis {For manifolds modeled on topological linear,"Inner product spaces and their generalizations, Hilbert spaces {For function"
46C07,46,46Cxx,"Hilbert subspaces (= operator ranges); complementation (Aronszajn, de Branges, etc.) [See also 46B70,",Functional analysis {For manifolds modeled on topological linear,"Inner product spaces and their generalizations, Hilbert spaces {For function"
46C15,46,46Cxx,Characterizations of Hilbert spaces,Functional analysis {For manifolds modeled on topological linear,"Inner product spaces and their generalizations, Hilbert spaces {For function"
46C20,46,46Cxx,"Spaces with indefinite inner product (Kreı̆n spaces, Pontryagin spaces, etc.) [See also 47B50]",Functional analysis {For manifolds modeled on topological linear,"Inner product spaces and their generalizations, Hilbert spaces {For function"
46C50,46,46Cxx,"Generalizations of inner products (semi-inner products, partial inner products, etc.)",Functional analysis {For manifolds modeled on topological linear,"Inner product spaces and their generalizations, Hilbert spaces {For function"
46C99,46,46Cxx,"None of the above, but in this section",Functional analysis {For manifolds modeled on topological linear,"Inner product spaces and their generalizations, Hilbert spaces {For function"
46E05,46,46Exx,"Lattices of continuous, differentiable or analytic functions",Functional analysis {For manifolds modeled on topological linear,"Linear function spaces and their duals [See also 30H05, 32A38, 46F05] {For"
46E10,46,46Exx,"Topological linear spaces of continuous, differentiable or analytic functions",Functional analysis {For manifolds modeled on topological linear,"Linear function spaces and their duals [See also 30H05, 32A38, 46F05] {For"
46E15,46,46Exx,"Banach spaces of continuous, differentiable or analytic functions",Functional analysis {For manifolds modeled on topological linear,"Linear function spaces and their duals [See also 30H05, 32A38, 46F05] {For"
46E20,46,46Exx,"Hilbert spaces of continuous, differentiable or analytic functions",Functional analysis {For manifolds modeled on topological linear,"Linear function spaces and their duals [See also 30H05, 32A38, 46F05] {For"
46E22,46,46Exx,"Hilbert spaces with reproducing kernels (= (proper) functional Hilbert spaces, including de Branges-Rovnyak",Functional analysis {For manifolds modeled on topological linear,"Linear function spaces and their duals [See also 30H05, 32A38, 46F05] {For"
46E25,46,46Exx,"Rings and algebras of continuous, differentiable or analytic functions {For Banach function algebras, see",Functional analysis {For manifolds modeled on topological linear,"Linear function spaces and their duals [See also 30H05, 32A38, 46F05] {For"
46E27,46,46Exx,"Spaces of measures [See also 28A33, 46Gxx]",Functional analysis {For manifolds modeled on topological linear,"Linear function spaces and their duals [See also 30H05, 32A38, 46F05] {For"
46E30,46,46Exx,"Spaces of measurable functions (Lp -spaces, Orlicz spaces, Köthe function spaces, Lorentz spaces, rearrangement invariant spaces, ideal spaces, etc.)",Functional analysis {For manifolds modeled on topological linear,"Linear function spaces and their duals [See also 30H05, 32A38, 46F05] {For"
46E35,46,46Exx,"Sobolev spaces and other spaces of “smooth” functions, embedding theorems, trace theorems",Functional analysis {For manifolds modeled on topological linear,"Linear function spaces and their duals [See also 30H05, 32A38, 46F05] {For"
46E36,46,46Exx,Sobolev (and similar kinds of) spaces of functions on metric spaces; analysis on metric spaces,Functional analysis {For manifolds modeled on topological linear,"Linear function spaces and their duals [See also 30H05, 32A38, 46F05] {For"
46E39,46,46Exx,Sobolev (and similar kinds of) spaces of functions of discrete variables,Functional analysis {For manifolds modeled on topological linear,"Linear function spaces and their duals [See also 30H05, 32A38, 46F05] {For"
46E40,46,46Exx,Spaces of vector- and operator-valued functions,Functional analysis {For manifolds modeled on topological linear,"Linear function spaces and their duals [See also 30H05, 32A38, 46F05] {For"
46E50,46,46Exx,"Spaces of differentiable or holomorphic functions on infinite-dimensional spaces [See also 46G20, 46G25,",Functional analysis {For manifolds modeled on topological linear,"Linear function spaces and their duals [See also 30H05, 32A38, 46F05] {For"
46E99,46,46Exx,"None of the above, but in this section",Functional analysis {For manifolds modeled on topological linear,"Linear function spaces and their duals [See also 30H05, 32A38, 46F05] {For"
46F05,46,46Fxx,"Topological linear spaces of test functions, distributions and ultradistributions [See also 46E10, 46E35]",Functional analysis {For manifolds modeled on topological linear,"Distributions, generalized functions, distribution spaces [See also 46T30]"
46F10,46,46Fxx,Operations with distributions and generalized functions,Functional analysis {For manifolds modeled on topological linear,"Distributions, generalized functions, distribution spaces [See also 46T30]"
46F12,46,46Fxx,"Integral transforms in distribution spaces [See also 42-XX, 44-XX]",Functional analysis {For manifolds modeled on topological linear,"Distributions, generalized functions, distribution spaces [See also 46T30]"
46F15,46,46Fxx,"Hyperfunctions, analytic functionals [See also 32A25, 32A45, 32C35, 58J15]",Functional analysis {For manifolds modeled on topological linear,"Distributions, generalized functions, distribution spaces [See also 46T30]"
46F20,46,46Fxx,"Distributions and ultradistributions as boundary values of analytic functions [See also 30D40, 30E25, 32A40]",Functional analysis {For manifolds modeled on topological linear,"Distributions, generalized functions, distribution spaces [See also 46T30]"
46F25,46,46Fxx,Distributions on infinite-dimensional spaces [See also 58C35],Functional analysis {For manifolds modeled on topological linear,"Distributions, generalized functions, distribution spaces [See also 46T30]"
46F30,46,46Fxx,"Generalized functions for nonlinear analysis (Rosinger, Colombeau, nonstandard, etc.)",Functional analysis {For manifolds modeled on topological linear,"Distributions, generalized functions, distribution spaces [See also 46T30]"
46F99,46,46Fxx,"None of the above, but in this section",Functional analysis {For manifolds modeled on topological linear,"Distributions, generalized functions, distribution spaces [See also 46T30]"
46G05,46,46Gxx,"Derivatives of functions in infinite-dimensional spaces [See also 46T20, 58C20, 58C25]",Functional analysis {For manifolds modeled on topological linear,"Measures, integration, derivative, holomorphy (all involving infinitedimensional spaces) [See also 28-XX, 46Txx]"
46G10,46,46Gxx,"Vector-valued measures and integration [See also 26E20, 28B05, 46B22]",Functional analysis {For manifolds modeled on topological linear,"Measures, integration, derivative, holomorphy (all involving infinitedimensional spaces) [See also 28-XX, 46Txx]"
46G12,46,46Gxx,"Measures and integration on abstract linear spaces [See also 28C20, 46T12]",Functional analysis {For manifolds modeled on topological linear,"Measures, integration, derivative, holomorphy (all involving infinitedimensional spaces) [See also 28-XX, 46Txx]"
46G15,46,46Gxx,Functional analytic lifting theory [See also 28A51],Functional analysis {For manifolds modeled on topological linear,"Measures, integration, derivative, holomorphy (all involving infinitedimensional spaces) [See also 28-XX, 46Txx]"
46G20,46,46Gxx,"Infinite-dimensional holomorphy [See also 32-XX, 46E50, 46T25, 58B12, 58C10]",Functional analysis {For manifolds modeled on topological linear,"Measures, integration, derivative, holomorphy (all involving infinitedimensional spaces) [See also 28-XX, 46Txx]"
46G25,46,46Gxx,"(Spaces of) multilinear mappings, polynomials [See also 46E50, 46G20, 47H60]",Functional analysis {For manifolds modeled on topological linear,"Measures, integration, derivative, holomorphy (all involving infinitedimensional spaces) [See also 28-XX, 46Txx]"
46G99,46,46Gxx,"None of the above, but in this section",Functional analysis {For manifolds modeled on topological linear,"Measures, integration, derivative, holomorphy (all involving infinitedimensional spaces) [See also 28-XX, 46Txx]"
46H05,46,46Hxx,General theory of topological algebras,Functional analysis {For manifolds modeled on topological linear,"Topological algebras, normed rings and algebras, Banach algebras {For group"
46H10,46,46Hxx,Ideals and subalgebras,Functional analysis {For manifolds modeled on topological linear,"Topological algebras, normed rings and algebras, Banach algebras {For group"
46H15,46,46Hxx,Representations of topological algebras,Functional analysis {For manifolds modeled on topological linear,"Topological algebras, normed rings and algebras, Banach algebras {For group"
46H20,46,46Hxx,"Structure, classification of topological algebras",Functional analysis {For manifolds modeled on topological linear,"Topological algebras, normed rings and algebras, Banach algebras {For group"
46H25,46,46Hxx,"Normed modules and Banach modules, topological modules (if not placed in 13-XX or 16-XX)",Functional analysis {For manifolds modeled on topological linear,"Topological algebras, normed rings and algebras, Banach algebras {For group"
46H30,46,46Hxx,Functional calculus in topological algebras [See also 47A60],Functional analysis {For manifolds modeled on topological linear,"Topological algebras, normed rings and algebras, Banach algebras {For group"
46H35,46,46Hxx,Topological algebras of operators [See mainly 47Lxx],Functional analysis {For manifolds modeled on topological linear,"Topological algebras, normed rings and algebras, Banach algebras {For group"
46H40,46,46Hxx,Automatic continuity,Functional analysis {For manifolds modeled on topological linear,"Topological algebras, normed rings and algebras, Banach algebras {For group"
46H70,46,46Hxx,"Nonassociative topological algebras [See also 46K70, 46L70]",Functional analysis {For manifolds modeled on topological linear,"Topological algebras, normed rings and algebras, Banach algebras {For group"
46H99,46,46Hxx,"None of the above, but in this section",Functional analysis {For manifolds modeled on topological linear,"Topological algebras, normed rings and algebras, Banach algebras {For group"
46J05,46,46Jxx,General theory of commutative topological algebras,Functional analysis {For manifolds modeled on topological linear,Commutative Banach algebras and commutative topological algebras [See also
46J10,46,46Jxx,"Banach algebras of continuous functions, function algebras [See also 46E25]",Functional analysis {For manifolds modeled on topological linear,Commutative Banach algebras and commutative topological algebras [See also
46J15,46,46Jxx,"Banach algebras of differentiable or analytic functions, H p -spaces [See also 30H10, 32A35, 32A37, 32A38,",Functional analysis {For manifolds modeled on topological linear,Commutative Banach algebras and commutative topological algebras [See also
46J20,46,46Jxx,"Ideals, maximal ideals, boundaries",Functional analysis {For manifolds modeled on topological linear,Commutative Banach algebras and commutative topological algebras [See also
46J25,46,46Jxx,Representations of commutative topological algebras,Functional analysis {For manifolds modeled on topological linear,Commutative Banach algebras and commutative topological algebras [See also
46J30,46,46Jxx,Subalgebras of commutative topological algebras,Functional analysis {For manifolds modeled on topological linear,Commutative Banach algebras and commutative topological algebras [See also
46J40,46,46Jxx,Structure and classification of commutative topological algebras,Functional analysis {For manifolds modeled on topological linear,Commutative Banach algebras and commutative topological algebras [See also
46J45,46,46Jxx,Radical Banach algebras,Functional analysis {For manifolds modeled on topological linear,Commutative Banach algebras and commutative topological algebras [See also
46J99,46,46Jxx,"None of the above, but in this section",Functional analysis {For manifolds modeled on topological linear,Commutative Banach algebras and commutative topological algebras [See also
46K05,46,46Kxx,General theory of topological algebras with involution,Functional analysis {For manifolds modeled on topological linear,Topological (rings and) algebras with an involution [See also 16W10]
46K10,46,46Kxx,Representations of topological algebras with involution,Functional analysis {For manifolds modeled on topological linear,Topological (rings and) algebras with an involution [See also 16W10]
46K15,46,46Kxx,Hilbert algebras,Functional analysis {For manifolds modeled on topological linear,Topological (rings and) algebras with an involution [See also 16W10]
46K50,46,46Kxx,Nonselfadjoint (sub)algebras in algebras with involution,Functional analysis {For manifolds modeled on topological linear,Topological (rings and) algebras with an involution [See also 16W10]
46K70,46,46Kxx,"Nonassociative topological algebras with an involution [See also 46H70, 46L70]",Functional analysis {For manifolds modeled on topological linear,Topological (rings and) algebras with an involution [See also 16W10]
46K99,46,46Kxx,"None of the above, but in this section",Functional analysis {For manifolds modeled on topological linear,Topological (rings and) algebras with an involution [See also 16W10]
46L05,46,46Lxx,General theory of C ∗ -algebras,Functional analysis {For manifolds modeled on topological linear,"Selfadjoint operator algebras (C ∗ -algebras, von Neumann (W ∗ -) algebras, etc.)"
46L06,46,46Lxx,Tensor products of C ∗ -algebras,Functional analysis {For manifolds modeled on topological linear,"Selfadjoint operator algebras (C ∗ -algebras, von Neumann (W ∗ -) algebras, etc.)"
46L07,46,46Lxx,Operator spaces and completely bounded maps [See also 47L25],Functional analysis {For manifolds modeled on topological linear,"Selfadjoint operator algebras (C ∗ -algebras, von Neumann (W ∗ -) algebras, etc.)"
46L08,46,46Lxx,C ∗ -modules,Functional analysis {For manifolds modeled on topological linear,"Selfadjoint operator algebras (C ∗ -algebras, von Neumann (W ∗ -) algebras, etc.)"
46L09,46,46Lxx,Free products of C ∗ -algebras,Functional analysis {For manifolds modeled on topological linear,"Selfadjoint operator algebras (C ∗ -algebras, von Neumann (W ∗ -) algebras, etc.)"
46L10,46,46Lxx,General theory of von Neumann algebras,Functional analysis {For manifolds modeled on topological linear,"Selfadjoint operator algebras (C ∗ -algebras, von Neumann (W ∗ -) algebras, etc.)"
46L30,46,46Lxx,States of selfadjoint operator algebras,Functional analysis {For manifolds modeled on topological linear,"Selfadjoint operator algebras (C ∗ -algebras, von Neumann (W ∗ -) algebras, etc.)"
46L35,46,46Lxx,Classifications of C ∗ -algebras,Functional analysis {For manifolds modeled on topological linear,"Selfadjoint operator algebras (C ∗ -algebras, von Neumann (W ∗ -) algebras, etc.)"
46L36,46,46Lxx,Classification of factors,Functional analysis {For manifolds modeled on topological linear,"Selfadjoint operator algebras (C ∗ -algebras, von Neumann (W ∗ -) algebras, etc.)"
46L37,46,46Lxx,Subfactors and their classification,Functional analysis {For manifolds modeled on topological linear,"Selfadjoint operator algebras (C ∗ -algebras, von Neumann (W ∗ -) algebras, etc.)"
46L40,46,46Lxx,Automorphisms of selfadjoint operator algebras,Functional analysis {For manifolds modeled on topological linear,"Selfadjoint operator algebras (C ∗ -algebras, von Neumann (W ∗ -) algebras, etc.)"
46L45,46,46Lxx,Decomposition theory for C ∗ -algebras,Functional analysis {For manifolds modeled on topological linear,"Selfadjoint operator algebras (C ∗ -algebras, von Neumann (W ∗ -) algebras, etc.)"
46L51,46,46Lxx,Noncommutative measure and integration,Functional analysis {For manifolds modeled on topological linear,"Selfadjoint operator algebras (C ∗ -algebras, von Neumann (W ∗ -) algebras, etc.)"
46L52,46,46Lxx,Noncommutative function spaces,Functional analysis {For manifolds modeled on topological linear,"Selfadjoint operator algebras (C ∗ -algebras, von Neumann (W ∗ -) algebras, etc.)"
46L53,46,46Lxx,Noncommutative probability and statistics,Functional analysis {For manifolds modeled on topological linear,"Selfadjoint operator algebras (C ∗ -algebras, von Neumann (W ∗ -) algebras, etc.)"
46L54,46,46Lxx,Free probability and free operator algebras,Functional analysis {For manifolds modeled on topological linear,"Selfadjoint operator algebras (C ∗ -algebras, von Neumann (W ∗ -) algebras, etc.)"
46L55,46,46Lxx,"Noncommutative dynamical systems [See also 28Dxx, 37Kxx, 37Lxx, 37A55]",Functional analysis {For manifolds modeled on topological linear,"Selfadjoint operator algebras (C ∗ -algebras, von Neumann (W ∗ -) algebras, etc.)"
46L57,46,46Lxx,"Derivations, dissipations and positive semigroups in C ∗ -algebras",Functional analysis {For manifolds modeled on topological linear,"Selfadjoint operator algebras (C ∗ -algebras, von Neumann (W ∗ -) algebras, etc.)"
46L60,46,46Lxx,"Applications of selfadjoint operator algebras to physics [See also 46N50, 46N55, 47L90, 81T05, 82B10, 82C10]",Functional analysis {For manifolds modeled on topological linear,"Selfadjoint operator algebras (C ∗ -algebras, von Neumann (W ∗ -) algebras, etc.)"
46L65,46,46Lxx,"Quantizations, deformations for selfadjoint operator algebras",Functional analysis {For manifolds modeled on topological linear,"Selfadjoint operator algebras (C ∗ -algebras, von Neumann (W ∗ -) algebras, etc.)"
46L67,46,46Lxx,Quantum groups (operator algebraic aspects),Functional analysis {For manifolds modeled on topological linear,"Selfadjoint operator algebras (C ∗ -algebras, von Neumann (W ∗ -) algebras, etc.)"
46L70,46,46Lxx,"Nonassociative selfadjoint operator algebras [See also 46H70, 46K70]",Functional analysis {For manifolds modeled on topological linear,"Selfadjoint operator algebras (C ∗ -algebras, von Neumann (W ∗ -) algebras, etc.)"
46L80,46,46Lxx,"K-theory and operator algebras (including cyclic theory) [See also 18F25, 19Kxx, 46M20, 55Rxx, 58J22]",Functional analysis {For manifolds modeled on topological linear,"Selfadjoint operator algebras (C ∗ -algebras, von Neumann (W ∗ -) algebras, etc.)"
46L85,46,46Lxx,"Noncommutative topology [See also 58B32, 58B34, 58J22]",Functional analysis {For manifolds modeled on topological linear,"Selfadjoint operator algebras (C ∗ -algebras, von Neumann (W ∗ -) algebras, etc.)"
46L87,46,46Lxx,"Noncommutative differential geometry [See also 58B32, 58B34, 58J22]",Functional analysis {For manifolds modeled on topological linear,"Selfadjoint operator algebras (C ∗ -algebras, von Neumann (W ∗ -) algebras, etc.)"
46L89,46,46Lxx,"Other “noncommutative” mathematics based on C ∗ -algebra theory [See also 58B32, 58B34, 58J22]",Functional analysis {For manifolds modeled on topological linear,"Selfadjoint operator algebras (C ∗ -algebras, von Neumann (W ∗ -) algebras, etc.)"
46L99,46,46Lxx,"None of the above, but in this section",Functional analysis {For manifolds modeled on topological linear,"Selfadjoint operator algebras (C ∗ -algebras, von Neumann (W ∗ -) algebras, etc.)"
46M05,46,46Mxx,"Tensor products in functional analysis [See also 46A32, 46B28, 47A80]",Functional analysis {For manifolds modeled on topological linear,Methods of category theory in functional analysis [See also 18-XX]
46M07,46,46Mxx,"Ultraproducts in functional analysis [See also 46B08, 46S20]",Functional analysis {For manifolds modeled on topological linear,Methods of category theory in functional analysis [See also 18-XX]
46M10,46,46Mxx,Projective and injective objects in functional analysis [See also 46A22],Functional analysis {For manifolds modeled on topological linear,Methods of category theory in functional analysis [See also 18-XX]
46M15,46,46Mxx,"Categories, functors in functional analysis {For K-theory, Ext, etc., see 19K33, 46L80, 46M18, 46M20}",Functional analysis {For manifolds modeled on topological linear,Methods of category theory in functional analysis [See also 18-XX]
46M18,46,46Mxx,"Homological methods in functional analysis (exact sequences, right inverses, lifting, etc.)",Functional analysis {For manifolds modeled on topological linear,Methods of category theory in functional analysis [See also 18-XX]
46M20,46,46Mxx,"Methods of algebraic topology in functional analysis (cohomology, sheaf and bundle theory, etc.) [See also",Functional analysis {For manifolds modeled on topological linear,Methods of category theory in functional analysis [See also 18-XX]
46M35,46,46Mxx,Abstract interpolation of topological vector spaces [See also 46B70],Functional analysis {For manifolds modeled on topological linear,Methods of category theory in functional analysis [See also 18-XX]
46M40,46,46Mxx,Inductive and projective limits in functional analysis [See also 46A13],Functional analysis {For manifolds modeled on topological linear,Methods of category theory in functional analysis [See also 18-XX]
46M99,46,46Mxx,"None of the above, but in this section",Functional analysis {For manifolds modeled on topological linear,Methods of category theory in functional analysis [See also 18-XX]
46N10,46,46Nxx,"Applications of functional analysis in optimization, convex analysis, mathematical programming, economics",Functional analysis {For manifolds modeled on topological linear,Miscellaneous applications of functional analysis [See also 47Nxx]
46N20,46,46Nxx,Applications of functional analysis to differential and integral equations,Functional analysis {For manifolds modeled on topological linear,Miscellaneous applications of functional analysis [See also 47Nxx]
46N30,46,46Nxx,Applications of functional analysis in probability theory and statistics,Functional analysis {For manifolds modeled on topological linear,Miscellaneous applications of functional analysis [See also 47Nxx]
46N40,46,46Nxx,Applications of functional analysis in numerical analysis [See also 65Jxx],Functional analysis {For manifolds modeled on topological linear,Miscellaneous applications of functional analysis [See also 47Nxx]
46N50,46,46Nxx,Applications of functional analysis in quantum physics,Functional analysis {For manifolds modeled on topological linear,Miscellaneous applications of functional analysis [See also 47Nxx]
46N55,46,46Nxx,Applications of functional analysis in statistical physics,Functional analysis {For manifolds modeled on topological linear,Miscellaneous applications of functional analysis [See also 47Nxx]
46N60,46,46Nxx,Applications of functional analysis in biology and other sciences,Functional analysis {For manifolds modeled on topological linear,Miscellaneous applications of functional analysis [See also 47Nxx]
46N99,46,46Nxx,"None of the above, but in this section",Functional analysis {For manifolds modeled on topological linear,Miscellaneous applications of functional analysis [See also 47Nxx]
46S05,46,46Sxx,Quaternionic functional analysis,Functional analysis {For manifolds modeled on topological linear,Other (nonclassical) types of functional analysis [See also 47Sxx]
46S10,46,46Sxx,Functional analysis over fields other than R or C or the quaternions; non-Archimedean functional analysis,Functional analysis {For manifolds modeled on topological linear,Other (nonclassical) types of functional analysis [See also 47Sxx]
46S20,46,46Sxx,Nonstandard functional analysis [See also 03H05],Functional analysis {For manifolds modeled on topological linear,Other (nonclassical) types of functional analysis [See also 47Sxx]
46S30,46,46Sxx,Constructive functional analysis [See also 03F60],Functional analysis {For manifolds modeled on topological linear,Other (nonclassical) types of functional analysis [See also 47Sxx]
46S40,46,46Sxx,Fuzzy functional analysis [See also 03E72],Functional analysis {For manifolds modeled on topological linear,Other (nonclassical) types of functional analysis [See also 47Sxx]
46S50,46,46Sxx,Functional analysis in probabilistic metric linear spaces,Functional analysis {For manifolds modeled on topological linear,Other (nonclassical) types of functional analysis [See also 47Sxx]
46S60,46,46Sxx,"Functional analysis on superspaces (supermanifolds) or graded spaces [See also 58A50, 58C50]",Functional analysis {For manifolds modeled on topological linear,Other (nonclassical) types of functional analysis [See also 47Sxx]
46S99,46,46Sxx,"None of the above, but in this section",Functional analysis {For manifolds modeled on topological linear,Other (nonclassical) types of functional analysis [See also 47Sxx]
46T05,46,46Txx,"Infinite-dimensional manifolds [See also 53Axx, 57N20, 58Bxx, 58Dxx]",Functional analysis {For manifolds modeled on topological linear,"Nonlinear functional analysis [See also 47Hxx, 47Jxx, 58Cxx, 58Dxx]"
46T10,46,46Txx,Manifolds of mappings,Functional analysis {For manifolds modeled on topological linear,"Nonlinear functional analysis [See also 47Hxx, 47Jxx, 58Cxx, 58Dxx]"
46T12,46,46Txx,"Measure (Gaussian, cylindrical, etc.) and integrals (Feynman, path, Fresnel, etc.) on manifolds [See also",Functional analysis {For manifolds modeled on topological linear,"Nonlinear functional analysis [See also 47Hxx, 47Jxx, 58Cxx, 58Dxx]"
46T20,46,46Txx,Continuous and differentiable maps in nonlinear functional analysis [See also 46G05],Functional analysis {For manifolds modeled on topological linear,"Nonlinear functional analysis [See also 47Hxx, 47Jxx, 58Cxx, 58Dxx]"
46T25,46,46Txx,Holomorphic maps in nonlinear functional analysis [See also 46G20],Functional analysis {For manifolds modeled on topological linear,"Nonlinear functional analysis [See also 47Hxx, 47Jxx, 58Cxx, 58Dxx]"
46T30,46,46Txx,Distributions and generalized functions on nonlinear spaces [See also 46Fxx],Functional analysis {For manifolds modeled on topological linear,"Nonlinear functional analysis [See also 47Hxx, 47Jxx, 58Cxx, 58Dxx]"
46T99,46,46Txx,"None of the above, but in this section",Functional analysis {For manifolds modeled on topological linear,"Nonlinear functional analysis [See also 47Hxx, 47Jxx, 58Cxx, 58Dxx]"
47A05,47,47Axx,"General (adjoints, conjugates, products, inverses, domains, ranges, etc.)",Operator theory,General theory of linear operators
47A06,47,47Axx,Linear relations (multivalued linear operators),Operator theory,General theory of linear operators
47A07,47,47Axx,"Forms (bilinear, sesquilinear, multilinear)",Operator theory,General theory of linear operators
47A08,47,47Axx,Operator matrices [See also 47A13],Operator theory,General theory of linear operators
47A10,47,47Axx,"Spectrum, resolvent",Operator theory,General theory of linear operators
47A11,47,47Axx,Local spectral properties of linear operators,Operator theory,General theory of linear operators
47A12,47,47Axx,"Numerical range, numerical radius",Operator theory,General theory of linear operators
47A13,47,47Axx,"Several-variable operator theory (spectral, Fredholm, etc.)",Operator theory,General theory of linear operators
47A15,47,47Axx,Invariant subspaces of linear operators [See also 47A46],Operator theory,General theory of linear operators
47A16,47,47Axx,"Cyclic vectors, hypercyclic and chaotic operators",Operator theory,General theory of linear operators
47A20,47,47Axx,"Dilations, extensions, compressions of linear operators",Operator theory,General theory of linear operators
47A25,47,47Axx,Spectral sets of linear operators,Operator theory,General theory of linear operators
47A30,47,47Axx,"Norms (inequalities, more than one norm, etc.) of linear operators",Operator theory,General theory of linear operators
47A35,47,47Axx,"Ergodic theory of linear operators [See also 28Dxx, 37Axx]",Operator theory,General theory of linear operators
47A40,47,47Axx,"Scattering theory of linear operators [See also 34L25, 35P25, 37K15, 58J50, 81Uxx]",Operator theory,General theory of linear operators
47A45,47,47Axx,Canonical models for contractions and nonselfadjoint linear operators,Operator theory,General theory of linear operators
47A46,47,47Axx,"Chains (nests) of projections or of invariant subspaces, integrals along chains, etc.",Operator theory,General theory of linear operators
47A48,47,47Axx,"Operator colligations (= nodes), vessels, linear systems, characteristic functions, realizations, etc.",Operator theory,General theory of linear operators
47A50,47,47Axx,"Equations and inequalities involving linear operators, with vector unknowns",Operator theory,General theory of linear operators
47A52,47,47Axx,"Linear operators and ill-posed problems, regularization [See also 35R25, 47J06, 65F22, 65J20, 65L08, 65M30,",Operator theory,General theory of linear operators
47A53,47,47Axx,"(Semi-) Fredholm operators; index theories [See also 58B15, 58J20]",Operator theory,General theory of linear operators
47A55,47,47Axx,"Perturbation theory of linear operators [See also 47H14, 58J37, 70H09, 81Q15]",Operator theory,General theory of linear operators
47A56,47,47Axx,"Functions whose values are linear operators (operator- and matrix-valued functions, etc., including analytic",Operator theory,General theory of linear operators
47A57,47,47Axx,"Linear operator methods in interpolation, moment and extension problems [See also 30E05, 42A70, 42A82,",Operator theory,General theory of linear operators
47A58,47,47Axx,Linear operator approximation theory,Operator theory,General theory of linear operators
47A60,47,47Axx,Functional calculus for linear operators,Operator theory,General theory of linear operators
47A62,47,47Axx,"Equations involving linear operators, with operator unknowns",Operator theory,General theory of linear operators
47A63,47,47Axx,Linear operator inequalities,Operator theory,General theory of linear operators
47A64,47,47Axx,"Operator means involving linear operators, shorted linear operators, etc.",Operator theory,General theory of linear operators
47A65,47,47Axx,Structure theory of linear operators,Operator theory,General theory of linear operators
47A66,47,47Axx,"Quasitriangular and nonquasitriangular, quasidiagonal and nonquasidiagonal linear operators",Operator theory,General theory of linear operators
47A67,47,47Axx,Representation theory of linear operators,Operator theory,General theory of linear operators
47A68,47,47Axx,Factorization theory (including Wiener-Hopf and spectral factorizations) of linear operators,Operator theory,General theory of linear operators
47A70,47,47Axx,(Generalized) eigenfunction expansions of linear operators; rigged Hilbert spaces,Operator theory,General theory of linear operators
47A75,47,47Axx,"Eigenvalue problems for linear operators [See also 47J10, 49R05]",Operator theory,General theory of linear operators
47A80,47,47Axx,Tensor products of linear operators [See also 46M05],Operator theory,General theory of linear operators
47A99,47,47Axx,"None of the above, but in this section",Operator theory,General theory of linear operators
47B01,47,47Bxx,Operators on Banach spaces,Operator theory,Special classes of linear operators
47B02,47,47Bxx,Operators on Hilbert spaces (general),Operator theory,Special classes of linear operators
47B06,47,47Bxx,"Riesz operators; eigenvalue distributions; approximation numbers, s-numbers, Kolmogorov numbers, entropy",Operator theory,Special classes of linear operators
47B07,47,47Bxx,Linear operators defined by compactness properties,Operator theory,Special classes of linear operators
47B10,47,47Bxx,"Linear operators belonging to operator ideals (nuclear, p-summing, in the Schatten-von Neumann classes,",Operator theory,Special classes of linear operators
47B12,47,47Bxx,Sectorial operators,Operator theory,Special classes of linear operators
47B13,47,47Bxx,Cowen-Douglas operators,Operator theory,Special classes of linear operators
47B15,47,47Bxx,"Hermitian and normal operators (spectral measures, functional calculus, etc.)",Operator theory,Special classes of linear operators
47B20,47,47Bxx,"Subnormal operators, hyponormal operators, etc.",Operator theory,Special classes of linear operators
47B25,47,47Bxx,Linear symmetric and selfadjoint operators (unbounded),Operator theory,Special classes of linear operators
47B28,47,47Bxx,"Nonselfadjoint operators [See also 47A45, 81Q12]",Operator theory,Special classes of linear operators
47B32,47,47Bxx,"Linear operators in reproducing-kernel Hilbert spaces (including de Branges, de Branges-Rovnyak, and other",Operator theory,Special classes of linear operators
47B33,47,47Bxx,Linear composition operators,Operator theory,Special classes of linear operators
47B34,47,47Bxx,Kernel operators,Operator theory,Special classes of linear operators
47B35,47,47Bxx,"Toeplitz operators, Hankel operators, Wiener-Hopf operators {For other integral operators, see also 45P05,",Operator theory,Special classes of linear operators
47B36,47,47Bxx,Jacobi (tridiagonal) operators (matrices) and generalizations,Operator theory,Special classes of linear operators
47B37,47,47Bxx,"Linear operators on special spaces (weighted shifts, operators on sequence spaces, etc.)",Operator theory,Special classes of linear operators
47B38,47,47Bxx,Linear operators on function spaces (general),Operator theory,Special classes of linear operators
47B39,47,47Bxx,Linear difference operators [See also 39A70],Operator theory,Special classes of linear operators
47B40,47,47Bxx,"Spectral operators, decomposable operators, well-bounded operators, etc.",Operator theory,Special classes of linear operators
47B44,47,47Bxx,"Linear accretive operators, dissipative operators, etc.",Operator theory,Special classes of linear operators
47B47,47,47Bxx,"Commutators, derivations, elementary operators, etc.",Operator theory,Special classes of linear operators
47B48,47,47Bxx,Linear operators on Banach algebras,Operator theory,Special classes of linear operators
47B49,47,47Bxx,"Transformers, preservers (linear operators on spaces of linear operators)",Operator theory,Special classes of linear operators
47B50,47,47Bxx,Linear operators on spaces with an indefinite metric [See also 46C20],Operator theory,Special classes of linear operators
47B60,47,47Bxx,Linear operators on ordered spaces,Operator theory,Special classes of linear operators
47B65,47,47Bxx,Positive linear operators and order-bounded operators,Operator theory,Special classes of linear operators
47B80,47,47Bxx,"Random linear operators [See also 47H40, 60H25]",Operator theory,Special classes of linear operators
47B90,47,47Bxx,"Operator theory and harmonic analysis [See also 42-XX, 43-XX, 44-XX]",Operator theory,Special classes of linear operators
47B91,47,47Bxx,Operators on complex function spaces,Operator theory,Special classes of linear operators
47B92,47,47Bxx,Operators on real function spaces,Operator theory,Special classes of linear operators
47B93,47,47Bxx,Operators arising in mathematical physics,Operator theory,Special classes of linear operators
47B99,47,47Bxx,"None of the above, but in this section",Operator theory,Special classes of linear operators
47C05,47,47Cxx,Linear operators in algebras,Operator theory,Individual linear operators as elements of algebraic systems
47C10,47,47Cxx,Linear operators in ∗ -algebras,Operator theory,Individual linear operators as elements of algebraic systems
47C15,47,47Cxx,Linear operators in C ∗ - or von Neumann algebras,Operator theory,Individual linear operators as elements of algebraic systems
47C99,47,47Cxx,"None of the above, but in this section",Operator theory,Individual linear operators as elements of algebraic systems
47D03,47,47Dxx,"Groups and semigroups of linear operators [See also 20M20] {For nonlinear operators, see 47H20}",Operator theory,"Groups and semigroups of linear operators, their generalizations and applications"
47D06,47,47Dxx,"One-parameter semigroups and linear evolution equations [See also 34G10, 34K30]",Operator theory,"Groups and semigroups of linear operators, their generalizations and applications"
47D07,47,47Dxx,"Markov semigroups and applications to diffusion processes {For Markov processes, see 60Jxx}",Operator theory,"Groups and semigroups of linear operators, their generalizations and applications"
47D08,47,47Dxx,Schrödinger and Feynman-Kac semigroups,Operator theory,"Groups and semigroups of linear operators, their generalizations and applications"
47D09,47,47Dxx,Operator sine and cosine functions and higher-order Cauchy problems [See also 34G10],Operator theory,"Groups and semigroups of linear operators, their generalizations and applications"
47D60,47,47Dxx,"C-semigroups, regularized semigroups",Operator theory,"Groups and semigroups of linear operators, their generalizations and applications"
47D62,47,47Dxx,Integrated semigroups,Operator theory,"Groups and semigroups of linear operators, their generalizations and applications"
47D99,47,47Dxx,"None of the above, but in this section",Operator theory,"Groups and semigroups of linear operators, their generalizations and applications"
47E05,47,47Exx,General theory of ordinary differential operators [Should also be assigned at least one other classification,Operator theory,"Ordinary differential operators [See also 34Bxx, 34Lxx]"
47E07,47,47Exx,Functional-differential and differential-difference operators [See also 34K08],Operator theory,"Ordinary differential operators [See also 34Bxx, 34Lxx]"
47E99,47,47Exx,"None of the above, but in this section",Operator theory,"Ordinary differential operators [See also 34Bxx, 34Lxx]"
47F05,47,47Fxx,General theory of partial differential operators [Should also be assigned at least one other classification,Operator theory,"Partial differential operators [See also 35Pxx, 58Jxx]"
47F10,47,47Fxx,"Elliptic operators and their generalizations {For elliptic complexes, see 58J10}",Operator theory,"Partial differential operators [See also 35Pxx, 58Jxx]"
47F99,47,47Fxx,"None of the above, but in this section",Operator theory,"Partial differential operators [See also 35Pxx, 58Jxx]"
47G10,47,47Gxx,Integral operators [See also 45P05],Operator theory,"Integral, integro-differential, and pseudodifferential operators [See also 58Jxx]"
47G20,47,47Gxx,"Integro-differential operators [See also 34K30, 35R09, 35R10, 45J05, 45K05]",Operator theory,"Integral, integro-differential, and pseudodifferential operators [See also 58Jxx]"
47G30,47,47Gxx,"Pseudodifferential operators [See also 35Sxx, 58Jxx]",Operator theory,"Integral, integro-differential, and pseudodifferential operators [See also 58Jxx]"
47G40,47,47Gxx,Potential operators [See also 31-XX],Operator theory,"Integral, integro-differential, and pseudodifferential operators [See also 58Jxx]"
47G99,47,47Gxx,"None of the above, but in this section",Operator theory,"Integral, integro-differential, and pseudodifferential operators [See also 58Jxx]"
47H04,47,47Hxx,"Set-valued operators [See also 28B20, 54C60, 58C06]",Operator theory,"Nonlinear operators and their properties {For global and geometric aspects,"
47H05,47,47Hxx,Monotone operators and generalizations,Operator theory,"Nonlinear operators and their properties {For global and geometric aspects,"
47H06,47,47Hxx,"Nonlinear accretive operators, dissipative operators, etc.",Operator theory,"Nonlinear operators and their properties {For global and geometric aspects,"
47H07,47,47Hxx,Monotone and positive operators on ordered Banach spaces or other ordered topological vector spaces,Operator theory,"Nonlinear operators and their properties {For global and geometric aspects,"
47H08,47,47Hxx,"Measures of noncompactness and condensing mappings, K-set contractions, etc.",Operator theory,"Nonlinear operators and their properties {For global and geometric aspects,"
47H09,47,47Hxx,"Contraction-type mappings, nonexpansive mappings, A-proper mappings, etc.",Operator theory,"Nonlinear operators and their properties {For global and geometric aspects,"
47H10,47,47Hxx,"Fixed-point theorems [See also 37C25, 54H25, 55M20, 58C30]",Operator theory,"Nonlinear operators and their properties {For global and geometric aspects,"
47H11,47,47Hxx,"Degree theory for nonlinear operators [See also 55M25, 58C30]",Operator theory,"Nonlinear operators and their properties {For global and geometric aspects,"
47H14,47,47Hxx,"Perturbations of nonlinear operators [See also 47A55, 58J37, 70H09, 70K60, 81Q15]",Operator theory,"Nonlinear operators and their properties {For global and geometric aspects,"
47H20,47,47Hxx,"Semigroups of nonlinear operators [See also 37L05, 47J35, 54H15, 58D07]",Operator theory,"Nonlinear operators and their properties {For global and geometric aspects,"
47H25,47,47Hxx,"Nonlinear ergodic theorems [See also 28Dxx, 37Axx, 47A35]",Operator theory,"Nonlinear operators and their properties {For global and geometric aspects,"
47H30,47,47Hxx,"Particular nonlinear operators (superposition, Hammerstein, Nemytskiı̆, Uryson, etc.) [See also 45Gxx,",Operator theory,"Nonlinear operators and their properties {For global and geometric aspects,"
47H40,47,47Hxx,"Random nonlinear operators [See also 47B80, 60H25]",Operator theory,"Nonlinear operators and their properties {For global and geometric aspects,"
47H60,47,47Hxx,Multilinear and polynomial operators [See also 46G25],Operator theory,"Nonlinear operators and their properties {For global and geometric aspects,"
47H99,47,47Hxx,"None of the above, but in this section",Operator theory,"Nonlinear operators and their properties {For global and geometric aspects,"
47J05,47,47Jxx,"Equations involving nonlinear operators (general) [See also 47H10, 47J25]",Operator theory,Equations and inequalities involving nonlinear operators [See also 46Txx] {For
47J06,47,47Jxx,"Nonlinear ill-posed problems [See also 35R25, 47A52, 65F22, 65J20, 65L08, 65M30, 65R30]",Operator theory,Equations and inequalities involving nonlinear operators [See also 46Txx] {For
47J07,47,47Jxx,"Abstract inverse mapping and implicit function theorems involving nonlinear operators [See also 46T20,",Operator theory,Equations and inequalities involving nonlinear operators [See also 46Txx] {For
47J10,47,47Jxx,"Nonlinear spectral theory, nonlinear eigenvalue problems [See also 49R05]",Operator theory,Equations and inequalities involving nonlinear operators [See also 46Txx] {For
47J15,47,47Jxx,"Abstract bifurcation theory involving nonlinear operators [See also 34C23, 37Gxx, 58E07, 58E09]",Operator theory,Equations and inequalities involving nonlinear operators [See also 46Txx] {For
47J20,47,47Jxx,Variational and other types of inequalities involving nonlinear operators (general) [See also 49J40],Operator theory,Equations and inequalities involving nonlinear operators [See also 46Txx] {For
47J22,47,47Jxx,"Variational and other types of inclusions [See also 34A60, 49J21, 49K21]",Operator theory,Equations and inequalities involving nonlinear operators [See also 46Txx] {For
47J25,47,47Jxx,"Iterative procedures involving nonlinear operators [See also 47J26, 65J15]",Operator theory,Equations and inequalities involving nonlinear operators [See also 46Txx] {For
47J26,47,47Jxx,Fixed-point iterations [See also 47J25],Operator theory,Equations and inequalities involving nonlinear operators [See also 46Txx] {For
47J30,47,47Jxx,Variational methods involving nonlinear operators [See also 58Exx],Operator theory,Equations and inequalities involving nonlinear operators [See also 46Txx] {For
47J35,47,47Jxx,"Nonlinear evolution equations [See also 34G20, 35K90, 35L90, 35Qxx, 35R20, 37Kxx, 37Lxx, 47H20, 58D25]",Operator theory,Equations and inequalities involving nonlinear operators [See also 46Txx] {For
47J40,47,47Jxx,"Equations with nonlinear hysteresis operators [See also 34C55, 74N30]",Operator theory,Equations and inequalities involving nonlinear operators [See also 46Txx] {For
47J99,47,47Jxx,"None of the above, but in this section",Operator theory,Equations and inequalities involving nonlinear operators [See also 46Txx] {For
47L05,47,47Lxx,"Linear spaces of operators [See also 46A32, 46B28]",Operator theory,Linear spaces and algebras of operators [See also 46Lxx]
47L07,47,47Lxx,Convex sets and cones of operators [See also 46A55],Operator theory,Linear spaces and algebras of operators [See also 46Lxx]
47L10,47,47Lxx,Algebras of operators on Banach spaces and other topological linear spaces,Operator theory,Linear spaces and algebras of operators [See also 46Lxx]
47L15,47,47Lxx,Operator algebras with symbol structure,Operator theory,Linear spaces and algebras of operators [See also 46Lxx]
47L20,47,47Lxx,Operator ideals [See also 47B10],Operator theory,Linear spaces and algebras of operators [See also 46Lxx]
47L22,47,47Lxx,Ideals of polynomials and of multilinear mappings in operator theory,Operator theory,Linear spaces and algebras of operators [See also 46Lxx]
47L25,47,47Lxx,Operator spaces (= matricially normed spaces) [See also 46L07],Operator theory,Linear spaces and algebras of operators [See also 46Lxx]
47L30,47,47Lxx,Abstract operator algebras on Hilbert spaces,Operator theory,Linear spaces and algebras of operators [See also 46Lxx]
47L35,47,47Lxx,"Nest algebras, CSL algebras",Operator theory,Linear spaces and algebras of operators [See also 46Lxx]
47L40,47,47Lxx,"Limit algebras, subalgebras of C ∗ -algebras",Operator theory,Linear spaces and algebras of operators [See also 46Lxx]
47L45,47,47Lxx,Dual algebras; weakly closed singly generated operator algebras,Operator theory,Linear spaces and algebras of operators [See also 46Lxx]
47L50,47,47Lxx,Dual spaces of operator algebras,Operator theory,Linear spaces and algebras of operators [See also 46Lxx]
47L55,47,47Lxx,Representations of (nonselfadjoint) operator algebras,Operator theory,Linear spaces and algebras of operators [See also 46Lxx]
47L60,47,47Lxx,Algebras of unbounded operators; partial algebras of operators,Operator theory,Linear spaces and algebras of operators [See also 46Lxx]
47L65,47,47Lxx,Crossed product algebras (analytic crossed products),Operator theory,Linear spaces and algebras of operators [See also 46Lxx]
47L70,47,47Lxx,Nonassociative nonselfadjoint operator algebras,Operator theory,Linear spaces and algebras of operators [See also 46Lxx]
47L75,47,47Lxx,Other nonselfadjoint operator algebras,Operator theory,Linear spaces and algebras of operators [See also 46Lxx]
47L80,47,47Lxx,"Algebras of specific types of operators (Toeplitz, integral, pseudodifferential, etc.)",Operator theory,Linear spaces and algebras of operators [See also 46Lxx]
47L90,47,47Lxx,Applications of operator algebras to the sciences,Operator theory,Linear spaces and algebras of operators [See also 46Lxx]
47L99,47,47Lxx,"None of the above, but in this section",Operator theory,Linear spaces and algebras of operators [See also 46Lxx]
47N10,47,47Nxx,"Applications of operator theory in optimization, convex analysis, mathematical programming, economics",Operator theory,Miscellaneous applications of operator theory [See also 46Nxx]
47N20,47,47Nxx,Applications of operator theory to differential and integral equations,Operator theory,Miscellaneous applications of operator theory [See also 46Nxx]
47N30,47,47Nxx,Applications of operator theory in probability theory and statistics,Operator theory,Miscellaneous applications of operator theory [See also 46Nxx]
47N40,47,47Nxx,Applications of operator theory in numerical analysis [See also 65Jxx],Operator theory,Miscellaneous applications of operator theory [See also 46Nxx]
47N50,47,47Nxx,Applications of operator theory in the physical sciences,Operator theory,Miscellaneous applications of operator theory [See also 46Nxx]
47N60,47,47Nxx,Applications of operator theory in chemistry and life sciences,Operator theory,Miscellaneous applications of operator theory [See also 46Nxx]
47N70,47,47Nxx,"Applications of operator theory in systems, signals, circuits, and control theory",Operator theory,Miscellaneous applications of operator theory [See also 46Nxx]
47N99,47,47Nxx,"None of the above, but in this section",Operator theory,Miscellaneous applications of operator theory [See also 46Nxx]
47S05,47,47Sxx,Quaternionic operator theory,Operator theory,Other (nonclassical) types of operator theory [See also 46Sxx]
47S10,47,47Sxx,"Operator theory over fields other than R, C or the quaternions; non-Archimedean operator theory",Operator theory,Other (nonclassical) types of operator theory [See also 46Sxx]
47S20,47,47Sxx,Nonstandard operator theory [See also 03H05],Operator theory,Other (nonclassical) types of operator theory [See also 46Sxx]
47S30,47,47Sxx,Constructive operator theory [See also 03F60],Operator theory,Other (nonclassical) types of operator theory [See also 46Sxx]
47S40,47,47Sxx,Fuzzy operator theory [See also 03E72],Operator theory,Other (nonclassical) types of operator theory [See also 46Sxx]
47S50,47,47Sxx,Operator theory in probabilistic metric linear spaces [See also 54E70],Operator theory,Other (nonclassical) types of operator theory [See also 46Sxx]
47S99,47,47Sxx,"None of the above, but in this section",Operator theory,Other (nonclassical) types of operator theory [See also 46Sxx]
49J05,49,49Jxx,Existence theories for free problems in one independent variable,Calculus of variations and optimal control; optimization [See also,Existence theories in calculus of variations and optimal control
49J10,49,49Jxx,Existence theories for free problems in two or more independent variables,Calculus of variations and optimal control; optimization [See also,Existence theories in calculus of variations and optimal control
49J15,49,49Jxx,Existence theories for optimal control problems involving ordinary differential equations,Calculus of variations and optimal control; optimization [See also,Existence theories in calculus of variations and optimal control
49J20,49,49Jxx,Existence theories for optimal control problems involving partial differential equations,Calculus of variations and optimal control; optimization [See also,Existence theories in calculus of variations and optimal control
49J21,49,49Jxx,Existence theories for optimal control problems involving relations other than differential equations,Calculus of variations and optimal control; optimization [See also,Existence theories in calculus of variations and optimal control
49J27,49,49Jxx,"Existence theories for problems in abstract spaces [See also 90C48, 93C25]",Calculus of variations and optimal control; optimization [See also,Existence theories in calculus of variations and optimal control
49J30,49,49Jxx,"Existence of optimal solutions belonging to restricted classes (Lipschitz controls, bang-bang controls, etc.)",Calculus of variations and optimal control; optimization [See also,Existence theories in calculus of variations and optimal control
49J35,49,49Jxx,Existence of solutions for minimax problems,Calculus of variations and optimal control; optimization [See also,Existence theories in calculus of variations and optimal control
49J40,49,49Jxx,Variational inequalities [See also 47J20],Calculus of variations and optimal control; optimization [See also,Existence theories in calculus of variations and optimal control
49J45,49,49Jxx,Methods involving semicontinuity and convergence; relaxation,Calculus of variations and optimal control; optimization [See also,Existence theories in calculus of variations and optimal control
49J50,49,49Jxx,"Fréchet and Gateaux differentiability in optimization [See also 46G05, 58C20]",Calculus of variations and optimal control; optimization [See also,Existence theories in calculus of variations and optimal control
49J52,49,49Jxx,"Nonsmooth analysis [See also 46G05, 58C50, 90C56]",Calculus of variations and optimal control; optimization [See also,Existence theories in calculus of variations and optimal control
49J53,49,49Jxx,"Set-valued and variational analysis [See also 28B20, 47H04, 54C60, 58C06]",Calculus of variations and optimal control; optimization [See also,Existence theories in calculus of variations and optimal control
49J55,49,49Jxx,Existence of optimal solutions to problems involving randomness [See also 93E20],Calculus of variations and optimal control; optimization [See also,Existence theories in calculus of variations and optimal control
49J99,49,49Jxx,"None of the above, but in this section",Calculus of variations and optimal control; optimization [See also,Existence theories in calculus of variations and optimal control
49K05,49,49Kxx,Optimality conditions for free problems in one independent variable,Calculus of variations and optimal control; optimization [See also,Optimality conditions
49K10,49,49Kxx,Optimality conditions for free problems in two or more independent variables,Calculus of variations and optimal control; optimization [See also,Optimality conditions
49K15,49,49Kxx,Optimality conditions for problems involving ordinary differential equations,Calculus of variations and optimal control; optimization [See also,Optimality conditions
49K20,49,49Kxx,Optimality conditions for problems involving partial differential equations,Calculus of variations and optimal control; optimization [See also,Optimality conditions
49K21,49,49Kxx,Optimality conditions for problems involving relations other than differential equations,Calculus of variations and optimal control; optimization [See also,Optimality conditions
49K27,49,49Kxx,"Optimality conditions for problems in abstract spaces [See also 90C48, 93C25]",Calculus of variations and optimal control; optimization [See also,Optimality conditions
49K30,49,49Kxx,"Optimality conditions for solutions belonging to restricted classes (Lipschitz controls, bang-bang controls,",Calculus of variations and optimal control; optimization [See also,Optimality conditions
49K35,49,49Kxx,Optimality conditions for minimax problems,Calculus of variations and optimal control; optimization [See also,Optimality conditions
49K40,49,49Kxx,"Sensitivity, stability, well-posedness [See also 90C31]",Calculus of variations and optimal control; optimization [See also,Optimality conditions
49K45,49,49Kxx,Optimality conditions for problems involving randomness [See also 93E20],Calculus of variations and optimal control; optimization [See also,Optimality conditions
49K99,49,49Kxx,"None of the above, but in this section",Calculus of variations and optimal control; optimization [See also,Optimality conditions
49L12,49,49Lxx,Hamilton-Jacobi equations in optimal control and differential games,Calculus of variations and optimal control; optimization [See also,"Hamilton-Jacobi theories [See also 70H20, 35F21]"
49L20,49,49Lxx,Dynamic programming in optimal control and differential games,Calculus of variations and optimal control; optimization [See also,"Hamilton-Jacobi theories [See also 70H20, 35F21]"
49L25,49,49Lxx,Viscosity solutions to Hamilton-Jacobi equations in optimal control and differential games,Calculus of variations and optimal control; optimization [See also,"Hamilton-Jacobi theories [See also 70H20, 35F21]"
49L99,49,49Lxx,"None of the above, but in this section",Calculus of variations and optimal control; optimization [See also,"Hamilton-Jacobi theories [See also 70H20, 35F21]"
49M05,49,49Mxx,Numerical methods based on necessary conditions,Calculus of variations and optimal control; optimization [See also,"Numerical methods in optimal control [See also 65Kxx, 90-08, 90Cxx]"
49M15,49,49Mxx,Newton-type methods [See also 90C53],Calculus of variations and optimal control; optimization [See also,"Numerical methods in optimal control [See also 65Kxx, 90-08, 90Cxx]"
49M20,49,49Mxx,Numerical methods of relaxation type,Calculus of variations and optimal control; optimization [See also,"Numerical methods in optimal control [See also 65Kxx, 90-08, 90Cxx]"
49M25,49,49Mxx,Discrete approximations in optimal control,Calculus of variations and optimal control; optimization [See also,"Numerical methods in optimal control [See also 65Kxx, 90-08, 90Cxx]"
49M27,49,49Mxx,Decomposition methods,Calculus of variations and optimal control; optimization [See also,"Numerical methods in optimal control [See also 65Kxx, 90-08, 90Cxx]"
49M29,49,49Mxx,Numerical methods involving duality,Calculus of variations and optimal control; optimization [See also,"Numerical methods in optimal control [See also 65Kxx, 90-08, 90Cxx]"
49M37,49,49Mxx,"Numerical methods based on nonlinear programming [See also 65Kxx, 90C30]",Calculus of variations and optimal control; optimization [See also,"Numerical methods in optimal control [See also 65Kxx, 90-08, 90Cxx]"
49M41,49,49Mxx,PDE constrained optimization (numerical aspects),Calculus of variations and optimal control; optimization [See also,"Numerical methods in optimal control [See also 65Kxx, 90-08, 90Cxx]"
49M99,49,49Mxx,"None of the above, but in this section",Calculus of variations and optimal control; optimization [See also,"Numerical methods in optimal control [See also 65Kxx, 90-08, 90Cxx]"
49N05,49,49Nxx,Linear optimal control problems [See also 93C05],Calculus of variations and optimal control; optimization [See also,Miscellaneous topics in calculus of variations and optimal control
49N10,49,49Nxx,Linear-quadratic optimal control problems,Calculus of variations and optimal control; optimization [See also,Miscellaneous topics in calculus of variations and optimal control
49N15,49,49Nxx,Duality theory (optimization) [See also 90C46],Calculus of variations and optimal control; optimization [See also,Miscellaneous topics in calculus of variations and optimal control
49N20,49,49Nxx,Periodic optimal control problems,Calculus of variations and optimal control; optimization [See also,Miscellaneous topics in calculus of variations and optimal control
49N25,49,49Nxx,Impulsive optimal control problems,Calculus of variations and optimal control; optimization [See also,Miscellaneous topics in calculus of variations and optimal control
49N30,49,49Nxx,Problems with incomplete information (optimization) [See also 93C41],Calculus of variations and optimal control; optimization [See also,Miscellaneous topics in calculus of variations and optimal control
49N35,49,49Nxx,Optimal feedback synthesis [See also 93B52],Calculus of variations and optimal control; optimization [See also,Miscellaneous topics in calculus of variations and optimal control
49N45,49,49Nxx,Inverse problems in optimal control,Calculus of variations and optimal control; optimization [See also,Miscellaneous topics in calculus of variations and optimal control
49N60,49,49Nxx,Regularity of solutions in optimal control,Calculus of variations and optimal control; optimization [See also,Miscellaneous topics in calculus of variations and optimal control
49N70,49,49Nxx,Differential games and control [See also 91A23],Calculus of variations and optimal control; optimization [See also,Miscellaneous topics in calculus of variations and optimal control
49N75,49,49Nxx,Pursuit and evasion games [See also 91A24],Calculus of variations and optimal control; optimization [See also,Miscellaneous topics in calculus of variations and optimal control
49N80,49,49Nxx,"Mean field games and control {For partial differential equations, see 35Q89; for game theory, see 91A16}",Calculus of variations and optimal control; optimization [See also,Miscellaneous topics in calculus of variations and optimal control
49N90,49,49Nxx,"Applications of optimal control and differential games [See also 90C90, 91A80, 93C95]",Calculus of variations and optimal control; optimization [See also,Miscellaneous topics in calculus of variations and optimal control
49N99,49,49Nxx,"None of the above, but in this section",Calculus of variations and optimal control; optimization [See also,Miscellaneous topics in calculus of variations and optimal control
49Q05,49,49Qxx,"Minimal surfaces and optimization [See also 53A10, 58E12]",Calculus of variations and optimal control; optimization [See also,Manifolds and measure-geometric topics [See also 58Exx]
49Q10,49,49Qxx,Optimization of shapes other than minimal surfaces [See also 90C90],Calculus of variations and optimal control; optimization [See also,Manifolds and measure-geometric topics [See also 58Exx]
49Q12,49,49Qxx,Sensitivity analysis for optimization problems on manifolds,Calculus of variations and optimal control; optimization [See also,Manifolds and measure-geometric topics [See also 58Exx]
49Q15,49,49Qxx,"Geometric measure and integration theory, integral and normal currents in optimization [See also 28A75,",Calculus of variations and optimal control; optimization [See also,Manifolds and measure-geometric topics [See also 58Exx]
49Q20,49,49Qxx,Variational problems in a geometric measure-theoretic setting,Calculus of variations and optimal control; optimization [See also,Manifolds and measure-geometric topics [See also 58Exx]
49Q22,49,49Qxx,Optimal transportation [See also 90B06],Calculus of variations and optimal control; optimization [See also,Manifolds and measure-geometric topics [See also 58Exx]
49Q99,49,49Qxx,"None of the above, but in this section",Calculus of variations and optimal control; optimization [See also,Manifolds and measure-geometric topics [See also 58Exx]
49R05,49,49Rxx,Variational methods for eigenvalues of operators [Should also be assigned at least one other classification,Calculus of variations and optimal control; optimization [See also,Variational methods for eigenvalues of operators [Should also be assigned at
49R99,49,49Rxx,"None of the above, but in this section",Calculus of variations and optimal control; optimization [See also,Variational methods for eigenvalues of operators [Should also be assigned at
49S05,49,49Sxx,Variational principles of physics [Should also be assigned at least one other classification number in Section,Calculus of variations and optimal control; optimization [See also,Variational principles of physics [Should also be assigned at least one other
49S99,49,49Sxx,"None of the above, but in this section",Calculus of variations and optimal control; optimization [See also,Variational principles of physics [Should also be assigned at least one other
51A05,51,51Axx,General theory of linear incidence geometry and projective geometries,"Geometry {For algebraic geometry, see 14-XX; for differential",Linear incidence geometry
51A10,51,51Axx,"Homomorphism, automorphism and dualities in linear incidence geometry","Geometry {For algebraic geometry, see 14-XX; for differential",Linear incidence geometry
51A15,51,51Axx,Linear incidence geometric structures with parallelism,"Geometry {For algebraic geometry, see 14-XX; for differential",Linear incidence geometry
51A20,51,51Axx,Configuration theorems in linear incidence geometry,"Geometry {For algebraic geometry, see 14-XX; for differential",Linear incidence geometry
51A25,51,51Axx,"Algebraization in linear incidence geometry [See also 12Kxx, 20N05]","Geometry {For algebraic geometry, see 14-XX; for differential",Linear incidence geometry
51A30,51,51Axx,Desarguesian and Pappian geometries,"Geometry {For algebraic geometry, see 14-XX; for differential",Linear incidence geometry
51A35,51,51Axx,Non-Desarguesian affine and projective planes,"Geometry {For algebraic geometry, see 14-XX; for differential",Linear incidence geometry
51A40,51,51Axx,Translation planes and spreads in linear incidence geometry,"Geometry {For algebraic geometry, see 14-XX; for differential",Linear incidence geometry
51A45,51,51Axx,Incidence structures embeddable into projective geometries,"Geometry {For algebraic geometry, see 14-XX; for differential",Linear incidence geometry
51A50,51,51Axx,"Polar geometry, symplectic spaces, orthogonal spaces","Geometry {For algebraic geometry, see 14-XX; for differential",Linear incidence geometry
51A99,51,51Axx,"None of the above, but in this section","Geometry {For algebraic geometry, see 14-XX; for differential",Linear incidence geometry
51B05,51,51Bxx,General theory of nonlinear incidence geometry,"Geometry {For algebraic geometry, see 14-XX; for differential",Nonlinear incidence geometry
51B10,51,51Bxx,Möbius geometries,"Geometry {For algebraic geometry, see 14-XX; for differential",Nonlinear incidence geometry
51B15,51,51Bxx,Laguerre geometries,"Geometry {For algebraic geometry, see 14-XX; for differential",Nonlinear incidence geometry
51B20,51,51Bxx,Minkowski geometries in nonlinear incidence geometry,"Geometry {For algebraic geometry, see 14-XX; for differential",Nonlinear incidence geometry
51B25,51,51Bxx,Lie geometries in nonlinear incidence geometry,"Geometry {For algebraic geometry, see 14-XX; for differential",Nonlinear incidence geometry
51B99,51,51Bxx,"None of the above, but in this section","Geometry {For algebraic geometry, see 14-XX; for differential",Nonlinear incidence geometry
51C05,51,51Cxx,"Ring geometry (Hjelmslev, Barbilian, etc.)","Geometry {For algebraic geometry, see 14-XX; for differential","Ring geometry (Hjelmslev, Barbilian, etc.)"
51C99,51,51Cxx,"None of the above, but in this section","Geometry {For algebraic geometry, see 14-XX; for differential","Ring geometry (Hjelmslev, Barbilian, etc.)"
51D05,51,51Dxx,Abstract (Maeda) geometries,"Geometry {For algebraic geometry, see 14-XX; for differential",Geometric closure systems
51D10,51,51Dxx,Abstract geometries with exchange axiom,"Geometry {For algebraic geometry, see 14-XX; for differential",Geometric closure systems
51D15,51,51Dxx,Abstract geometries with parallelism,"Geometry {For algebraic geometry, see 14-XX; for differential",Geometric closure systems
51D20,51,51Dxx,"Combinatorial geometries and geometric closure systems [See also 05B25, 05B35]","Geometry {For algebraic geometry, see 14-XX; for differential",Geometric closure systems
51D25,51,51Dxx,Lattices of subspaces and geometric closure systems [See also 05B35],"Geometry {For algebraic geometry, see 14-XX; for differential",Geometric closure systems
51D30,51,51Dxx,"Continuous geometries, geometric closure systems and related topics [See also 06Cxx]","Geometry {For algebraic geometry, see 14-XX; for differential",Geometric closure systems
51D99,51,51Dxx,"None of the above, but in this section","Geometry {For algebraic geometry, see 14-XX; for differential",Geometric closure systems
51E05,51,51Exx,General block designs in finite geometry [See also 05B05],"Geometry {For algebraic geometry, see 14-XX; for differential",Finite geometry and special incidence structures
51E10,51,51Exx,Steiner systems in finite geometry [See also 05B05],"Geometry {For algebraic geometry, see 14-XX; for differential",Finite geometry and special incidence structures
51E12,51,51Exx,Generalized quadrangles and generalized polygons in finite geometry,"Geometry {For algebraic geometry, see 14-XX; for differential",Finite geometry and special incidence structures
51E14,51,51Exx,"Finite partial geometries (general), nets, partial spreads","Geometry {For algebraic geometry, see 14-XX; for differential",Finite geometry and special incidence structures
51E15,51,51Exx,Finite affine and projective planes (geometric aspects),"Geometry {For algebraic geometry, see 14-XX; for differential",Finite geometry and special incidence structures
51E20,51,51Exx,Combinatorial structures in finite projective spaces [See also 05Bxx],"Geometry {For algebraic geometry, see 14-XX; for differential",Finite geometry and special incidence structures
51E21,51,51Exx,"Blocking sets, ovals, k-arcs","Geometry {For algebraic geometry, see 14-XX; for differential",Finite geometry and special incidence structures
51E22,51,51Exx,Linear codes and caps in Galois spaces [See also 94B05],"Geometry {For algebraic geometry, see 14-XX; for differential",Finite geometry and special incidence structures
51E23,51,51Exx,Spreads and packing problems in finite geometry,"Geometry {For algebraic geometry, see 14-XX; for differential",Finite geometry and special incidence structures
51E24,51,51Exx,Buildings and the geometry of diagrams,"Geometry {For algebraic geometry, see 14-XX; for differential",Finite geometry and special incidence structures
51E25,51,51Exx,Other finite nonlinear geometries,"Geometry {For algebraic geometry, see 14-XX; for differential",Finite geometry and special incidence structures
51E26,51,51Exx,Other finite linear geometries,"Geometry {For algebraic geometry, see 14-XX; for differential",Finite geometry and special incidence structures
51E30,51,51Exx,Other finite incidence structures (geometric aspects) [See also 05B30],"Geometry {For algebraic geometry, see 14-XX; for differential",Finite geometry and special incidence structures
51E99,51,51Exx,"None of the above, but in this section","Geometry {For algebraic geometry, see 14-XX; for differential",Finite geometry and special incidence structures
51F05,51,51Fxx,Absolute planes in metric geometry,"Geometry {For algebraic geometry, see 14-XX; for differential",Metric geometry
51F10,51,51Fxx,Absolute spaces in metric geometry,"Geometry {For algebraic geometry, see 14-XX; for differential",Metric geometry
51F15,51,51Fxx,"Reflection groups, reflection geometries [See also 20H10, 20H15] {For Coxeter groups, see 20F55}","Geometry {For algebraic geometry, see 14-XX; for differential",Metric geometry
51F20,51,51Fxx,Congruence and orthogonality in metric geometry [See also 20H05],"Geometry {For algebraic geometry, see 14-XX; for differential",Metric geometry
51F25,51,51Fxx,Orthogonal and unitary groups in metric geometry [See also 20H05],"Geometry {For algebraic geometry, see 14-XX; for differential",Metric geometry
51F30,51,51Fxx,Lipschitz and coarse geometry of metric spaces [See also 53C23],"Geometry {For algebraic geometry, see 14-XX; for differential",Metric geometry
51F99,51,51Fxx,"None of the above, but in this section","Geometry {For algebraic geometry, see 14-XX; for differential",Metric geometry
51G05,51,51Gxx,"Ordered geometries (ordered incidence structures, etc.)","Geometry {For algebraic geometry, see 14-XX; for differential","Ordered geometries (ordered incidence structures, etc.)"
51G99,51,51Gxx,"None of the above, but in this section","Geometry {For algebraic geometry, see 14-XX; for differential","Ordered geometries (ordered incidence structures, etc.)"
51H05,51,51Hxx,General theory of topological geometry,"Geometry {For algebraic geometry, see 14-XX; for differential",Topological geometry
51H10,51,51Hxx,Topological linear incidence structures,"Geometry {For algebraic geometry, see 14-XX; for differential",Topological geometry
51H15,51,51Hxx,Topological nonlinear incidence structures,"Geometry {For algebraic geometry, see 14-XX; for differential",Topological geometry
51H20,51,51Hxx,Topological geometries on manifolds [See also 57-XX],"Geometry {For algebraic geometry, see 14-XX; for differential",Topological geometry
51H25,51,51Hxx,"Geometries with differentiable structure [See also 53Cxx, especially 53C70]","Geometry {For algebraic geometry, see 14-XX; for differential",Topological geometry
51H30,51,51Hxx,Geometries with algebraic manifold structure [See also 14-XX],"Geometry {For algebraic geometry, see 14-XX; for differential",Topological geometry
51H99,51,51Hxx,"None of the above, but in this section","Geometry {For algebraic geometry, see 14-XX; for differential",Topological geometry
51J05,51,51Jxx,General theory of incidence groups,"Geometry {For algebraic geometry, see 14-XX; for differential",Incidence groups
51J10,51,51Jxx,Projective incidence groups,"Geometry {For algebraic geometry, see 14-XX; for differential",Incidence groups
51J15,51,51Jxx,Kinematic spaces,"Geometry {For algebraic geometry, see 14-XX; for differential",Incidence groups
51J20,51,51Jxx,"Representation by near-fields and near-algebras [See also 12K05, 16Y30]","Geometry {For algebraic geometry, see 14-XX; for differential",Incidence groups
51J99,51,51Jxx,"None of the above, but in this section","Geometry {For algebraic geometry, see 14-XX; for differential",Incidence groups
51K05,51,51Kxx,General theory of distance geometry,"Geometry {For algebraic geometry, see 14-XX; for differential",Distance geometry
51K10,51,51Kxx,Synthetic differential geometry,"Geometry {For algebraic geometry, see 14-XX; for differential",Distance geometry
51K99,51,51Kxx,"None of the above, but in this section","Geometry {For algebraic geometry, see 14-XX; for differential",Distance geometry
51L05,51,51Lxx,Geometry of orders of nondifferentiable curves,"Geometry {For algebraic geometry, see 14-XX; for differential",Geometric order structures [See also 53C75]
51L10,51,51Lxx,Directly differentiable curves in geometric order structures,"Geometry {For algebraic geometry, see 14-XX; for differential",Geometric order structures [See also 53C75]
51L15,51,51Lxx,n-vertex theorems via direct methods,"Geometry {For algebraic geometry, see 14-XX; for differential",Geometric order structures [See also 53C75]
51L20,51,51Lxx,Geometry of orders of surfaces,"Geometry {For algebraic geometry, see 14-XX; for differential",Geometric order structures [See also 53C75]
51L99,51,51Lxx,"None of the above, but in this section","Geometry {For algebraic geometry, see 14-XX; for differential",Geometric order structures [See also 53C75]
51M04,51,51Mxx,Elementary problems in Euclidean geometries,"Geometry {For algebraic geometry, see 14-XX; for differential",Real and complex geometry
51M05,51,51Mxx,Euclidean geometries (general) and generalizations,"Geometry {For algebraic geometry, see 14-XX; for differential",Real and complex geometry
51M09,51,51Mxx,Elementary problems in hyperbolic and elliptic geometries,"Geometry {For algebraic geometry, see 14-XX; for differential",Real and complex geometry
51M10,51,51Mxx,Hyperbolic and elliptic geometries (general) and generalizations,"Geometry {For algebraic geometry, see 14-XX; for differential",Real and complex geometry
51M15,51,51Mxx,Geometric constructions in real or complex geometry,"Geometry {For algebraic geometry, see 14-XX; for differential",Real and complex geometry
51M16,51,51Mxx,"Inequalities and extremum problems in real or complex geometry {For convex problems, see 52A40}","Geometry {For algebraic geometry, see 14-XX; for differential",Real and complex geometry
51M20,51,51Mxx,"Polyhedra and polytopes; regular figures, division of spaces [See also 51F15]","Geometry {For algebraic geometry, see 14-XX; for differential",Real and complex geometry
51M25,51,51Mxx,"Length, area and volume in real or complex geometry [See also 26B15]","Geometry {For algebraic geometry, see 14-XX; for differential",Real and complex geometry
51M30,51,51Mxx,Line geometries and their generalizations [See also 53A25],"Geometry {For algebraic geometry, see 14-XX; for differential",Real and complex geometry
51M35,51,51Mxx,"Synthetic treatment of fundamental manifolds in projective geometries (Grassmannians, Veronesians and","Geometry {For algebraic geometry, see 14-XX; for differential",Real and complex geometry
51M99,51,51Mxx,"None of the above, but in this section","Geometry {For algebraic geometry, see 14-XX; for differential",Real and complex geometry
51N05,51,51Nxx,"Descriptive geometry [See also 65D17, 68U07]","Geometry {For algebraic geometry, see 14-XX; for differential",Analytic and descriptive geometry
51N10,51,51Nxx,Affine analytic geometry,"Geometry {For algebraic geometry, see 14-XX; for differential",Analytic and descriptive geometry
51N15,51,51Nxx,Projective analytic geometry,"Geometry {For algebraic geometry, see 14-XX; for differential",Analytic and descriptive geometry
51N20,51,51Nxx,Euclidean analytic geometry,"Geometry {For algebraic geometry, see 14-XX; for differential",Analytic and descriptive geometry
51N25,51,51Nxx,Analytic geometry with other transformation groups,"Geometry {For algebraic geometry, see 14-XX; for differential",Analytic and descriptive geometry
51N30,51,51Nxx,"Geometry of classical groups [See also 14L35, 20Gxx]","Geometry {For algebraic geometry, see 14-XX; for differential",Analytic and descriptive geometry
51N35,51,51Nxx,Questions of classical algebraic geometry [See also 14Nxx],"Geometry {For algebraic geometry, see 14-XX; for differential",Analytic and descriptive geometry
51N99,51,51Nxx,"None of the above, but in this section","Geometry {For algebraic geometry, see 14-XX; for differential",Analytic and descriptive geometry
51P05,51,51Pxx,Classical or axiomatic geometry and physics [Should also be assigned at least one other classification number,"Geometry {For algebraic geometry, see 14-XX; for differential",Classical or axiomatic geometry and physics [Should also be assigned at least
51P99,51,51Pxx,"None of the above, but in this section","Geometry {For algebraic geometry, see 14-XX; for differential",Classical or axiomatic geometry and physics [Should also be assigned at least
52A01,52,52Axx,Axiomatic and generalized convexity,Convex and discrete geometry,General convexity
52A05,52,52Axx,Convex sets without dimension restrictions (aspects of convex geometry),Convex and discrete geometry,General convexity
52A07,52,52Axx,Convex sets in topological vector spaces (aspects of convex geometry) [See also 46A55],Convex and discrete geometry,General convexity
52A10,52,52Axx,Convex sets in 2 dimensions (including convex curves) [See also 53A04],Convex and discrete geometry,General convexity
52A15,52,52Axx,"Convex sets in 3 dimensions (including convex surfaces) [See also 53A05, 53C45]",Convex and discrete geometry,General convexity
52A20,52,52Axx,"Convex sets in n dimensions (including convex hypersurfaces) [See also 53A07, 53C45]",Convex and discrete geometry,General convexity
52A21,52,52Axx,"Convexity and finite-dimensional Banach spaces (including special norms, zonoids, etc.) (aspects of convex",Convex and discrete geometry,General convexity
52A22,52,52Axx,"Random convex sets and integral geometry (aspects of convex geometry) [See also 53C65, 60D05]",Convex and discrete geometry,General convexity
52A23,52,52Axx,Asymptotic theory of convex bodies [See also 46B06],Convex and discrete geometry,General convexity
52A27,52,52Axx,Approximation by convex sets,Convex and discrete geometry,General convexity
52A30,52,52Axx,"Variants of convex sets (star-shaped, (m, n)-convex, etc.)",Convex and discrete geometry,General convexity
52A35,52,52Axx,Helly-type theorems and geometric transversal theory,Convex and discrete geometry,General convexity
52A37,52,52Axx,Other problems of combinatorial convexity,Convex and discrete geometry,General convexity
52A38,52,52Axx,"Length, area, volume and convex sets (aspects of convex geometry) [See also 26B15, 28A75, 49Q20]",Convex and discrete geometry,General convexity
52A39,52,52Axx,Mixed volumes and related topics in convex geometry,Convex and discrete geometry,General convexity
52A40,52,52Axx,Inequalities and extremum problems involving convexity in convex geometry,Convex and discrete geometry,General convexity
52A41,52,52Axx,"Convex functions and convex programs in convex geometry [See also 26B25, 90C25]",Convex and discrete geometry,General convexity
52A55,52,52Axx,Spherical and hyperbolic convexity,Convex and discrete geometry,General convexity
52A99,52,52Axx,"None of the above, but in this section",Convex and discrete geometry,General convexity
52B05,52,52Bxx,"Combinatorial properties of polytopes and polyhedra (number of faces, shortest paths, etc.) [See also 05Cxx]",Convex and discrete geometry,Polytopes and polyhedra
52B10,52,52Bxx,Three-dimensional polytopes,Convex and discrete geometry,Polytopes and polyhedra
52B11,52,52Bxx,n-dimensional polytopes,Convex and discrete geometry,Polytopes and polyhedra
52B12,52,52Bxx,"Special polytopes (linear programming, centrally symmetric, etc.)",Convex and discrete geometry,Polytopes and polyhedra
52B15,52,52Bxx,Symmetry properties of polytopes,Convex and discrete geometry,Polytopes and polyhedra
52B20,52,52Bxx,Lattice polytopes in convex geometry (including relations with commutative algebra and algebraic geometry),Convex and discrete geometry,Polytopes and polyhedra
52B22,52,52Bxx,Shellability for polytopes and polyhedra,Convex and discrete geometry,Polytopes and polyhedra
52B35,52,52Bxx,Gale and other diagrams,Convex and discrete geometry,Polytopes and polyhedra
52B40,52,52Bxx,"Matroids in convex geometry (realizations in the context of convex polytopes, convexity in combinatorial",Convex and discrete geometry,Polytopes and polyhedra
52B45,52,52Bxx,"Dissections and valuations (Hilbert’s third problem, etc.)",Convex and discrete geometry,Polytopes and polyhedra
52B55,52,52Bxx,"Computational aspects related to convexity {For computational methods, see 52-08; for computational geometry and algorithms, see 68Q25, 68U05; for numerical algorithms, see 65Yxx} [See also 68Uxx]",Convex and discrete geometry,Polytopes and polyhedra
52B60,52,52Bxx,Isoperimetric problems for polytopes,Convex and discrete geometry,Polytopes and polyhedra
52B70,52,52Bxx,Polyhedral manifolds,Convex and discrete geometry,Polytopes and polyhedra
52B99,52,52Bxx,"None of the above, but in this section",Convex and discrete geometry,Polytopes and polyhedra
52C05,52,52Cxx,"Lattices and convex bodies in 2 dimensions (aspects of discrete geometry) [See also 11H06, 11H31, 11P21]",Convex and discrete geometry,Discrete geometry
52C07,52,52Cxx,"Lattices and convex bodies in n dimensions (aspects of discrete geometry) [See also 11H06, 11H31, 11P21]",Convex and discrete geometry,Discrete geometry
52C10,52,52Cxx,Erdős problems and related topics of discrete geometry [See also 11Hxx],Convex and discrete geometry,Discrete geometry
52C15,52,52Cxx,"Packing and covering in 2 dimensions (aspects of discrete geometry) [See also 05B40, 11H31]",Convex and discrete geometry,Discrete geometry
52C17,52,52Cxx,"Packing and covering in n dimensions (aspects of discrete geometry) [See also 05B40, 11H31]",Convex and discrete geometry,Discrete geometry
52C20,52,52Cxx,"Tilings in 2 dimensions (aspects of discrete geometry) [See also 05B45, 51M20]",Convex and discrete geometry,Discrete geometry
52C22,52,52Cxx,"Tilings in n dimensions (aspects of discrete geometry) [See also 05B45, 51M20]",Convex and discrete geometry,Discrete geometry
52C23,52,52Cxx,Quasicrystals and aperiodic tilings in discrete geometry,Convex and discrete geometry,Discrete geometry
52C25,52,52Cxx,Rigidity and flexibility of structures (aspects of discrete geometry) [See also 70B15],Convex and discrete geometry,Discrete geometry
52C26,52,52Cxx,Circle packings and discrete conformal geometry,Convex and discrete geometry,Discrete geometry
52C30,52,52Cxx,Planar arrangements of lines and pseudolines (aspects of discrete geometry),Convex and discrete geometry,Discrete geometry
52C35,52,52Cxx,"Arrangements of points, flats, hyperplanes (aspects of discrete geometry) [See also 14N20, 32S22]",Convex and discrete geometry,Discrete geometry
52C40,52,52Cxx,Oriented matroids in discrete geometry,Convex and discrete geometry,Discrete geometry
52C45,52,52Cxx,Combinatorial complexity of geometric structures [See also 68U05],Convex and discrete geometry,Discrete geometry
52C99,52,52Cxx,"None of the above, but in this section",Convex and discrete geometry,Discrete geometry
53A04,53,53Axx,Curves in Euclidean and related spaces,"Differential geometry {For differential topology, see 57Rxx; for",Classical differential geometry
53A05,53,53Axx,Surfaces in Euclidean and related spaces,"Differential geometry {For differential topology, see 57Rxx; for",Classical differential geometry
53A07,53,53Axx,Higher-dimensional and -codimensional surfaces in Euclidean and related n-spaces,"Differential geometry {For differential topology, see 57Rxx; for",Classical differential geometry
53A10,53,53Axx,"Minimal surfaces in differential geometry, surfaces with prescribed mean curvature [See also 49Q05, 49Q10,","Differential geometry {For differential topology, see 57Rxx; for",Classical differential geometry
53A15,53,53Axx,Affine differential geometry,"Differential geometry {For differential topology, see 57Rxx; for",Classical differential geometry
53A17,53,53Axx,Differential geometric aspects in kinematics,"Differential geometry {For differential topology, see 57Rxx; for",Classical differential geometry
53A20,53,53Axx,Projective differential geometry,"Differential geometry {For differential topology, see 57Rxx; for",Classical differential geometry
53A25,53,53Axx,Differential line geometry,"Differential geometry {For differential topology, see 57Rxx; for",Classical differential geometry
53A31,53,53Axx,Differential geometry of submanifolds of Möbius space,"Differential geometry {For differential topology, see 57Rxx; for",Classical differential geometry
53A35,53,53Axx,Non-Euclidean differential geometry,"Differential geometry {For differential topology, see 57Rxx; for",Classical differential geometry
53A40,53,53Axx,Other special differential geometries,"Differential geometry {For differential topology, see 57Rxx; for",Classical differential geometry
53A45,53,53Axx,Differential geometric aspects in vector and tensor analysis,"Differential geometry {For differential topology, see 57Rxx; for",Classical differential geometry
53A55,53,53Axx,"Differential invariants (local theory), geometric objects","Differential geometry {For differential topology, see 57Rxx; for",Classical differential geometry
53A60,53,53Axx,"Differential geometry of webs [See also 14C21, 20N05]","Differential geometry {For differential topology, see 57Rxx; for",Classical differential geometry
53A70,53,53Axx,Discrete differential geometry,"Differential geometry {For differential topology, see 57Rxx; for",Classical differential geometry
53A99,53,53Axx,"None of the above, but in this section","Differential geometry {For differential topology, see 57Rxx; for",Classical differential geometry
53B05,53,53Bxx,Linear and affine connections,"Differential geometry {For differential topology, see 57Rxx; for",Local differential geometry
53B10,53,53Bxx,Projective connections,"Differential geometry {For differential topology, see 57Rxx; for",Local differential geometry
53B12,53,53Bxx,Differential geometric aspects of statistical manifolds and information geometry,"Differential geometry {For differential topology, see 57Rxx; for",Local differential geometry
53B15,53,53Bxx,Other connections,"Differential geometry {For differential topology, see 57Rxx; for",Local differential geometry
53B20,53,53Bxx,Local Riemannian geometry,"Differential geometry {For differential topology, see 57Rxx; for",Local differential geometry
53B21,53,53Bxx,Methods of local Riemannian geometry,"Differential geometry {For differential topology, see 57Rxx; for",Local differential geometry
53B25,53,53Bxx,Local submanifolds [See also 53C40],"Differential geometry {For differential topology, see 57Rxx; for",Local differential geometry
53B30,53,53Bxx,"Local differential geometry of Lorentz metrics, indefinite metrics","Differential geometry {For differential topology, see 57Rxx; for",Local differential geometry
53B35,53,53Bxx,Local differential geometry of Hermitian and Kählerian structures [See also 32Qxx],"Differential geometry {For differential topology, see 57Rxx; for",Local differential geometry
53B40,53,53Bxx,Local differential geometry of Finsler spaces and generalizations (areal metrics),"Differential geometry {For differential topology, see 57Rxx; for",Local differential geometry
53B50,53,53Bxx,Applications of local differential geometry to the sciences,"Differential geometry {For differential topology, see 57Rxx; for",Local differential geometry
53B99,53,53Bxx,"None of the above, but in this section","Differential geometry {For differential topology, see 57Rxx; for",Local differential geometry
53C05,53,53Cxx,Connections (general theory),"Differential geometry {For differential topology, see 57Rxx; for","Global differential geometry [See also 51H25, 58-XX] {For related bundle theory,"
53C07,53,53Cxx,"Special connections and metrics on vector bundles (Hermite-Einstein, Yang-Mills) [See also 32Q20]","Differential geometry {For differential topology, see 57Rxx; for","Global differential geometry [See also 51H25, 58-XX] {For related bundle theory,"
53C08,53,53Cxx,Differential geometric aspects of gerbes and differential characters,"Differential geometry {For differential topology, see 57Rxx; for","Global differential geometry [See also 51H25, 58-XX] {For related bundle theory,"
53C10,53,53Cxx,G-structures,"Differential geometry {For differential topology, see 57Rxx; for","Global differential geometry [See also 51H25, 58-XX] {For related bundle theory,"
53C12,53,53Cxx,"Foliations (differential geometric aspects) [See also 57R30, 57R32]","Differential geometry {For differential topology, see 57Rxx; for","Global differential geometry [See also 51H25, 58-XX] {For related bundle theory,"
53C15,53,53Cxx,"General geometric structures on manifolds (almost complex, almost product structures, etc.)","Differential geometry {For differential topology, see 57Rxx; for","Global differential geometry [See also 51H25, 58-XX] {For related bundle theory,"
53C17,53,53Cxx,Sub-Riemannian geometry,"Differential geometry {For differential topology, see 57Rxx; for","Global differential geometry [See also 51H25, 58-XX] {For related bundle theory,"
53C18,53,53Cxx,Conformal structures on manifolds,"Differential geometry {For differential topology, see 57Rxx; for","Global differential geometry [See also 51H25, 58-XX] {For related bundle theory,"
53C20,53,53Cxx,"Global Riemannian geometry, including pinching [See also 31C12, 58B20]","Differential geometry {For differential topology, see 57Rxx; for","Global differential geometry [See also 51H25, 58-XX] {For related bundle theory,"
53C21,53,53Cxx,"Methods of global Riemannian geometry, including PDE methods; curvature restrictions [See also 58J60]","Differential geometry {For differential topology, see 57Rxx; for","Global differential geometry [See also 51H25, 58-XX] {For related bundle theory,"
53C22,53,53Cxx,Geodesics in global differential geometry [See also 58E10],"Differential geometry {For differential topology, see 57Rxx; for","Global differential geometry [See also 51H25, 58-XX] {For related bundle theory,"
53C23,53,53Cxx,Global geometric and topological methods (à la Gromov); differential geometric analysis on metric spaces,"Differential geometry {For differential topology, see 57Rxx; for","Global differential geometry [See also 51H25, 58-XX] {For related bundle theory,"
53C24,53,53Cxx,Rigidity results,"Differential geometry {For differential topology, see 57Rxx; for","Global differential geometry [See also 51H25, 58-XX] {For related bundle theory,"
53C25,53,53Cxx,"Special Riemannian manifolds (Einstein, Sasakian, etc.)","Differential geometry {For differential topology, see 57Rxx; for","Global differential geometry [See also 51H25, 58-XX] {For related bundle theory,"
53C26,53,53Cxx,"Hyper-Kähler and quaternionic Kähler geometry, “special” geometry","Differential geometry {For differential topology, see 57Rxx; for","Global differential geometry [See also 51H25, 58-XX] {For related bundle theory,"
53C27,53,53Cxx,Spin and Spinc geometry,"Differential geometry {For differential topology, see 57Rxx; for","Global differential geometry [See also 51H25, 58-XX] {For related bundle theory,"
53C28,53,53Cxx,Twistor methods in differential geometry [See also 32L25],"Differential geometry {For differential topology, see 57Rxx; for","Global differential geometry [See also 51H25, 58-XX] {For related bundle theory,"
53C29,53,53Cxx,Issues of holonomy in differential geometry,"Differential geometry {For differential topology, see 57Rxx; for","Global differential geometry [See also 51H25, 58-XX] {For related bundle theory,"
53C30,53,53Cxx,"Differential geometry of homogeneous manifolds [See also 14M15, 14M17, 32M10, 57T15]","Differential geometry {For differential topology, see 57Rxx; for","Global differential geometry [See also 51H25, 58-XX] {For related bundle theory,"
53C35,53,53Cxx,"Differential geometry of symmetric spaces [See also 32M15, 57T15]","Differential geometry {For differential topology, see 57Rxx; for","Global differential geometry [See also 51H25, 58-XX] {For related bundle theory,"
53C38,53,53Cxx,Calibrations and calibrated geometries,"Differential geometry {For differential topology, see 57Rxx; for","Global differential geometry [See also 51H25, 58-XX] {For related bundle theory,"
53C40,53,53Cxx,Global submanifolds [See also 53B25],"Differential geometry {For differential topology, see 57Rxx; for","Global differential geometry [See also 51H25, 58-XX] {For related bundle theory,"
53C42,53,53Cxx,"Differential geometry of immersions (minimal, prescribed curvature, tight, etc.) [See also 49Q05, 49Q10,","Differential geometry {For differential topology, see 57Rxx; for","Global differential geometry [See also 51H25, 58-XX] {For related bundle theory,"
53C43,53,53Cxx,Differential geometric aspects of harmonic maps [See also 58E20],"Differential geometry {For differential topology, see 57Rxx; for","Global differential geometry [See also 51H25, 58-XX] {For related bundle theory,"
53C45,53,53Cxx,Global surface theory (convex surfaces à la A. D. Aleksandrov),"Differential geometry {For differential topology, see 57Rxx; for","Global differential geometry [See also 51H25, 58-XX] {For related bundle theory,"
53C50,53,53Cxx,"Global differential geometry of Lorentz manifolds, manifolds with indefinite metrics","Differential geometry {For differential topology, see 57Rxx; for","Global differential geometry [See also 51H25, 58-XX] {For related bundle theory,"
53C55,53,53Cxx,Global differential geometry of Hermitian and Kählerian manifolds [See also 32Qxx],"Differential geometry {For differential topology, see 57Rxx; for","Global differential geometry [See also 51H25, 58-XX] {For related bundle theory,"
53C56,53,53Cxx,Other complex differential geometry [See also 32Qxx],"Differential geometry {For differential topology, see 57Rxx; for","Global differential geometry [See also 51H25, 58-XX] {For related bundle theory,"
53C60,53,53Cxx,Global differential geometry of Finsler spaces and generalizations (areal metrics) [See also 58B20],"Differential geometry {For differential topology, see 57Rxx; for","Global differential geometry [See also 51H25, 58-XX] {For related bundle theory,"
53C65,53,53Cxx,"Integral geometry [See also 52A22, 60D05]; differential forms, currents, etc. [See mainly 58Axx]","Differential geometry {For differential topology, see 57Rxx; for","Global differential geometry [See also 51H25, 58-XX] {For related bundle theory,"
53C70,53,53Cxx,"Direct methods (G-spaces of Busemann, etc.)","Differential geometry {For differential topology, see 57Rxx; for","Global differential geometry [See also 51H25, 58-XX] {For related bundle theory,"
53C75,53,53Cxx,"Geometric orders, order geometry [See also 51Lxx]","Differential geometry {For differential topology, see 57Rxx; for","Global differential geometry [See also 51H25, 58-XX] {For related bundle theory,"
53C80,53,53Cxx,Applications of global differential geometry to the sciences,"Differential geometry {For differential topology, see 57Rxx; for","Global differential geometry [See also 51H25, 58-XX] {For related bundle theory,"
53C99,53,53Cxx,"None of the above, but in this section","Differential geometry {For differential topology, see 57Rxx; for","Global differential geometry [See also 51H25, 58-XX] {For related bundle theory,"
53D05,53,53Dxx,Symplectic manifolds (general theory),"Differential geometry {For differential topology, see 57Rxx; for","Symplectic geometry, contact geometry [See also 37Jxx, 70Gxx, 70Hxx]"
53D10,53,53Dxx,Contact manifolds (general theory),"Differential geometry {For differential topology, see 57Rxx; for","Symplectic geometry, contact geometry [See also 37Jxx, 70Gxx, 70Hxx]"
53D12,53,53Dxx,Lagrangian submanifolds; Maslov index,"Differential geometry {For differential topology, see 57Rxx; for","Symplectic geometry, contact geometry [See also 37Jxx, 70Gxx, 70Hxx]"
53D15,53,53Dxx,Almost contact and almost symplectic manifolds,"Differential geometry {For differential topology, see 57Rxx; for","Symplectic geometry, contact geometry [See also 37Jxx, 70Gxx, 70Hxx]"
53D17,53,53Dxx,Poisson manifolds; Poisson groupoids and algebroids,"Differential geometry {For differential topology, see 57Rxx; for","Symplectic geometry, contact geometry [See also 37Jxx, 70Gxx, 70Hxx]"
53D18,53,53Dxx,Generalized geometries (à la Hitchin),"Differential geometry {For differential topology, see 57Rxx; for","Symplectic geometry, contact geometry [See also 37Jxx, 70Gxx, 70Hxx]"
53D20,53,53Dxx,Momentum maps; symplectic reduction,"Differential geometry {For differential topology, see 57Rxx; for","Symplectic geometry, contact geometry [See also 37Jxx, 70Gxx, 70Hxx]"
53D22,53,53Dxx,Canonical transformations in symplectic and contact geometry,"Differential geometry {For differential topology, see 57Rxx; for","Symplectic geometry, contact geometry [See also 37Jxx, 70Gxx, 70Hxx]"
53D25,53,53Dxx,Geodesic flows in symplectic geometry and contact geometry,"Differential geometry {For differential topology, see 57Rxx; for","Symplectic geometry, contact geometry [See also 37Jxx, 70Gxx, 70Hxx]"
53D30,53,53Dxx,Symplectic structures of moduli spaces,"Differential geometry {For differential topology, see 57Rxx; for","Symplectic geometry, contact geometry [See also 37Jxx, 70Gxx, 70Hxx]"
53D35,53,53Dxx,Global theory of symplectic and contact manifolds [See also 57Rxx],"Differential geometry {For differential topology, see 57Rxx; for","Symplectic geometry, contact geometry [See also 37Jxx, 70Gxx, 70Hxx]"
53D37,53,53Dxx,"Symplectic aspects of mirror symmetry, homological mirror symmetry, and Fukaya category [See also 14J33]","Differential geometry {For differential topology, see 57Rxx; for","Symplectic geometry, contact geometry [See also 37Jxx, 70Gxx, 70Hxx]"
53D40,53,53Dxx,Symplectic aspects of Floer homology and cohomology,"Differential geometry {For differential topology, see 57Rxx; for","Symplectic geometry, contact geometry [See also 37Jxx, 70Gxx, 70Hxx]"
53D42,53,53Dxx,Symplectic field theory; contact homology,"Differential geometry {For differential topology, see 57Rxx; for","Symplectic geometry, contact geometry [See also 37Jxx, 70Gxx, 70Hxx]"
53D45,53,53Dxx,"Gromov-Witten invariants, quantum cohomology, Frobenius manifolds [See also 14N35]","Differential geometry {For differential topology, see 57Rxx; for","Symplectic geometry, contact geometry [See also 37Jxx, 70Gxx, 70Hxx]"
53D50,53,53Dxx,Geometric quantization,"Differential geometry {For differential topology, see 57Rxx; for","Symplectic geometry, contact geometry [See also 37Jxx, 70Gxx, 70Hxx]"
53D55,53,53Dxx,"Deformation quantization, star products","Differential geometry {For differential topology, see 57Rxx; for","Symplectic geometry, contact geometry [See also 37Jxx, 70Gxx, 70Hxx]"
53D99,53,53Dxx,"None of the above, but in this section","Differential geometry {For differential topology, see 57Rxx; for","Symplectic geometry, contact geometry [See also 37Jxx, 70Gxx, 70Hxx]"
53E10,53,53Exx,Flows related to mean curvature,"Differential geometry {For differential topology, see 57Rxx; for",Geometric evolution equations
53E20,53,53Exx,Ricci flows,"Differential geometry {For differential topology, see 57Rxx; for",Geometric evolution equations
53E30,53,53Exx,"Flows related to complex manifolds (e.g., Kähler-Ricci flows, Chern-Ricci flows)","Differential geometry {For differential topology, see 57Rxx; for",Geometric evolution equations
53E40,53,53Exx,Higher-order geometric flows,"Differential geometry {For differential topology, see 57Rxx; for",Geometric evolution equations
53E50,53,53Exx,Flows related to symplectic and contact structures,"Differential geometry {For differential topology, see 57Rxx; for",Geometric evolution equations
53E99,53,53Exx,"None of the above, but in this section","Differential geometry {For differential topology, see 57Rxx; for",Geometric evolution equations
53Z05,53,53Zxx,Applications of differential geometry to physics,"Differential geometry {For differential topology, see 57Rxx; for",Applications of differential geometry to sciences and engineering
53Z10,53,53Zxx,Applications of differential geometry to biology,"Differential geometry {For differential topology, see 57Rxx; for",Applications of differential geometry to sciences and engineering
53Z15,53,53Zxx,Applications of differential geometry to chemistry,"Differential geometry {For differential topology, see 57Rxx; for",Applications of differential geometry to sciences and engineering
53Z30,53,53Zxx,Applications of differential geometry to engineering,"Differential geometry {For differential topology, see 57Rxx; for",Applications of differential geometry to sciences and engineering
53Z50,53,53Zxx,Applications of differential geometry to data and computer science,"Differential geometry {For differential topology, see 57Rxx; for",Applications of differential geometry to sciences and engineering
53Z99,53,53Zxx,"None of the above, but in this section","Differential geometry {For differential topology, see 57Rxx; for",Applications of differential geometry to sciences and engineering
54A05,54,54Axx,"Topological spaces and generalizations (closure spaces, etc.)","General topology {For the topology of manifolds of all dimensions, see 57Nxx}",Generalities in topology
54A10,54,54Axx,"Several topologies on one set (change of topology, comparison of topologies, lattices of topologies)","General topology {For the topology of manifolds of all dimensions, see 57Nxx}",Generalities in topology
54A15,54,54Axx,Syntopogeneous structures,"General topology {For the topology of manifolds of all dimensions, see 57Nxx}",Generalities in topology
54A20,54,54Axx,"Convergence in general topology (sequences, filters, limits, convergence spaces, nets, etc.)","General topology {For the topology of manifolds of all dimensions, see 57Nxx}",Generalities in topology
54A25,54,54Axx,"Cardinality properties (cardinal functions and inequalities, discrete subsets) [See also 03Exx] {For ultrafilters,","General topology {For the topology of manifolds of all dimensions, see 57Nxx}",Generalities in topology
54A35,54,54Axx,Consistency and independence results in general topology [See also 03E35],"General topology {For the topology of manifolds of all dimensions, see 57Nxx}",Generalities in topology
54A40,54,54Axx,Fuzzy topology [See also 03E72],"General topology {For the topology of manifolds of all dimensions, see 57Nxx}",Generalities in topology
54A99,54,54Axx,"None of the above, but in this section","General topology {For the topology of manifolds of all dimensions, see 57Nxx}",Generalities in topology
54B05,54,54Bxx,Subspaces in general topology,"General topology {For the topology of manifolds of all dimensions, see 57Nxx}",Basic constructions in general topology
54B10,54,54Bxx,Product spaces in general topology,"General topology {For the topology of manifolds of all dimensions, see 57Nxx}",Basic constructions in general topology
54B15,54,54Bxx,"Quotient spaces, decompositions in general topology","General topology {For the topology of manifolds of all dimensions, see 57Nxx}",Basic constructions in general topology
54B17,54,54Bxx,Adjunction spaces and similar constructions in general topology,"General topology {For the topology of manifolds of all dimensions, see 57Nxx}",Basic constructions in general topology
54B20,54,54Bxx,Hyperspaces in general topology,"General topology {For the topology of manifolds of all dimensions, see 57Nxx}",Basic constructions in general topology
54B30,54,54Bxx,Categorical methods in general topology [See also 18F60],"General topology {For the topology of manifolds of all dimensions, see 57Nxx}",Basic constructions in general topology
54B35,54,54Bxx,Spectra in general topology,"General topology {For the topology of manifolds of all dimensions, see 57Nxx}",Basic constructions in general topology
54B40,54,54Bxx,Presheaves and sheaves in general topology [See also 18F20],"General topology {For the topology of manifolds of all dimensions, see 57Nxx}",Basic constructions in general topology
54B99,54,54Bxx,"None of the above, but in this section","General topology {For the topology of manifolds of all dimensions, see 57Nxx}",Basic constructions in general topology
54C05,54,54Cxx,Continuous maps,"General topology {For the topology of manifolds of all dimensions, see 57Nxx}",Maps and general types of topological spaces defined by maps
54C08,54,54Cxx,Weak and generalized continuity,"General topology {For the topology of manifolds of all dimensions, see 57Nxx}",Maps and general types of topological spaces defined by maps
54C10,54,54Cxx,"Special maps on topological spaces (open, closed, perfect, etc.)","General topology {For the topology of manifolds of all dimensions, see 57Nxx}",Maps and general types of topological spaces defined by maps
54C15,54,54Cxx,Retraction,"General topology {For the topology of manifolds of all dimensions, see 57Nxx}",Maps and general types of topological spaces defined by maps
54C20,54,54Cxx,Extension of maps,"General topology {For the topology of manifolds of all dimensions, see 57Nxx}",Maps and general types of topological spaces defined by maps
54C25,54,54Cxx,Embedding,"General topology {For the topology of manifolds of all dimensions, see 57Nxx}",Maps and general types of topological spaces defined by maps
54C30,54,54Cxx,Real-valued functions in general topology [See also 26-XX],"General topology {For the topology of manifolds of all dimensions, see 57Nxx}",Maps and general types of topological spaces defined by maps
54C35,54,54Cxx,"Function spaces in general topology [See also 46Exx, 58D15]","General topology {For the topology of manifolds of all dimensions, see 57Nxx}",Maps and general types of topological spaces defined by maps
54C40,54,54Cxx,Algebraic properties of function spaces in general topology [See also 46Exx],"General topology {For the topology of manifolds of all dimensions, see 57Nxx}",Maps and general types of topological spaces defined by maps
54C45,54,54Cxx,C- and C ∗ -embedding,"General topology {For the topology of manifolds of all dimensions, see 57Nxx}",Maps and general types of topological spaces defined by maps
54C50,54,54Cxx,Topology of special sets defined by functions [See also 26A21],"General topology {For the topology of manifolds of all dimensions, see 57Nxx}",Maps and general types of topological spaces defined by maps
54C55,54,54Cxx,"Absolute neighborhood extensor, absolute extensor, absolute neighborhood retract (ANR), absolute retract","General topology {For the topology of manifolds of all dimensions, see 57Nxx}",Maps and general types of topological spaces defined by maps
54C56,54,54Cxx,"Shape theory in general topology [See also 55P55, 57N25]","General topology {For the topology of manifolds of all dimensions, see 57Nxx}",Maps and general types of topological spaces defined by maps
54C60,54,54Cxx,"Set-valued maps in general topology [See also 26E25, 28B20, 47H04, 58C06]","General topology {For the topology of manifolds of all dimensions, see 57Nxx}",Maps and general types of topological spaces defined by maps
54C65,54,54Cxx,Selections in general topology [See also 28B20],"General topology {For the topology of manifolds of all dimensions, see 57Nxx}",Maps and general types of topological spaces defined by maps
54C70,54,54Cxx,Entropy in general topology,"General topology {For the topology of manifolds of all dimensions, see 57Nxx}",Maps and general types of topological spaces defined by maps
54C99,54,54Cxx,"None of the above, but in this section","General topology {For the topology of manifolds of all dimensions, see 57Nxx}",Maps and general types of topological spaces defined by maps
54D05,54,54Dxx,Connected and locally connected spaces (general aspects),"General topology {For the topology of manifolds of all dimensions, see 57Nxx}",Fairly general properties of topological spaces
54D10,54,54Dxx,"Lower separation axioms (T0 –T3 , etc.)","General topology {For the topology of manifolds of all dimensions, see 57Nxx}",Fairly general properties of topological spaces
54D15,54,54Dxx,"Higher separation axioms (completely regular, normal, perfectly or collectionwise normal, etc.)","General topology {For the topology of manifolds of all dimensions, see 57Nxx}",Fairly general properties of topological spaces
54D20,54,54Dxx,"Noncompact covering properties (paracompact, Lindelöf, etc.)","General topology {For the topology of manifolds of all dimensions, see 57Nxx}",Fairly general properties of topological spaces
54D25,54,54Dxx,“P -minimal” and “P -closed” spaces,"General topology {For the topology of manifolds of all dimensions, see 57Nxx}",Fairly general properties of topological spaces
54D30,54,54Dxx,Compactness,"General topology {For the topology of manifolds of all dimensions, see 57Nxx}",Fairly general properties of topological spaces
54D35,54,54Dxx,"Extensions of spaces (compactifications, supercompactifications, completions, etc.)","General topology {For the topology of manifolds of all dimensions, see 57Nxx}",Fairly general properties of topological spaces
54D40,54,54Dxx,Remainders in general topology,"General topology {For the topology of manifolds of all dimensions, see 57Nxx}",Fairly general properties of topological spaces
54D45,54,54Dxx,"Local compactness, σ-compactness","General topology {For the topology of manifolds of all dimensions, see 57Nxx}",Fairly general properties of topological spaces
54D50,54,54Dxx,k-spaces,"General topology {For the topology of manifolds of all dimensions, see 57Nxx}",Fairly general properties of topological spaces
54D55,54,54Dxx,Sequential spaces,"General topology {For the topology of manifolds of all dimensions, see 57Nxx}",Fairly general properties of topological spaces
54D60,54,54Dxx,Realcompactness and realcompactification,"General topology {For the topology of manifolds of all dimensions, see 57Nxx}",Fairly general properties of topological spaces
54D65,54,54Dxx,Separability of topological spaces,"General topology {For the topology of manifolds of all dimensions, see 57Nxx}",Fairly general properties of topological spaces
54D70,54,54Dxx,Base properties of topological spaces,"General topology {For the topology of manifolds of all dimensions, see 57Nxx}",Fairly general properties of topological spaces
54D80,54,54Dxx,"Special constructions of topological spaces (spaces of ultrafilters, etc.)","General topology {For the topology of manifolds of all dimensions, see 57Nxx}",Fairly general properties of topological spaces
54D99,54,54Dxx,"None of the above, but in this section","General topology {For the topology of manifolds of all dimensions, see 57Nxx}",Fairly general properties of topological spaces
54E05,54,54Exx,Proximity structures and generalizations,"General topology {For the topology of manifolds of all dimensions, see 57Nxx}",Topological spaces with richer structures
54E15,54,54Exx,Uniform structures and generalizations,"General topology {For the topology of manifolds of all dimensions, see 57Nxx}",Topological spaces with richer structures
54E17,54,54Exx,Nearness spaces,"General topology {For the topology of manifolds of all dimensions, see 57Nxx}",Topological spaces with richer structures
54E18,54,54Exx,"p-spaces, M -spaces, σ-spaces, etc.","General topology {For the topology of manifolds of all dimensions, see 57Nxx}",Topological spaces with richer structures
54E20,54,54Exx,"Stratifiable spaces, cosmic spaces, etc.","General topology {For the topology of manifolds of all dimensions, see 57Nxx}",Topological spaces with richer structures
54E25,54,54Exx,Semimetric spaces,"General topology {For the topology of manifolds of all dimensions, see 57Nxx}",Topological spaces with richer structures
54E30,54,54Exx,Moore spaces,"General topology {For the topology of manifolds of all dimensions, see 57Nxx}",Topological spaces with richer structures
54E35,54,54Exx,"Metric spaces, metrizability","General topology {For the topology of manifolds of all dimensions, see 57Nxx}",Topological spaces with richer structures
54E40,54,54Exx,Special maps on metric spaces,"General topology {For the topology of manifolds of all dimensions, see 57Nxx}",Topological spaces with richer structures
54E45,54,54Exx,Compact (locally compact) metric spaces,"General topology {For the topology of manifolds of all dimensions, see 57Nxx}",Topological spaces with richer structures
54E50,54,54Exx,Complete metric spaces,"General topology {For the topology of manifolds of all dimensions, see 57Nxx}",Topological spaces with richer structures
54E52,54,54Exx,"Baire category, Baire spaces","General topology {For the topology of manifolds of all dimensions, see 57Nxx}",Topological spaces with richer structures
54E55,54,54Exx,Bitopologies,"General topology {For the topology of manifolds of all dimensions, see 57Nxx}",Topological spaces with richer structures
54E70,54,54Exx,Probabilistic metric spaces,"General topology {For the topology of manifolds of all dimensions, see 57Nxx}",Topological spaces with richer structures
54E99,54,54Exx,"None of the above, but in this section","General topology {For the topology of manifolds of all dimensions, see 57Nxx}",Topological spaces with richer structures
54F05,54,54Fxx,"Linearly ordered topological spaces, generalized ordered spaces, and partially ordered spaces [See also 06B30,","General topology {For the topology of manifolds of all dimensions, see 57Nxx}",Special properties of topological spaces
54F15,54,54Fxx,Continua and generalizations,"General topology {For the topology of manifolds of all dimensions, see 57Nxx}",Special properties of topological spaces
54F16,54,54Fxx,Hyperspaces of continua,"General topology {For the topology of manifolds of all dimensions, see 57Nxx}",Special properties of topological spaces
54F17,54,54Fxx,Inverse limits of set-valued functions,"General topology {For the topology of manifolds of all dimensions, see 57Nxx}",Special properties of topological spaces
54F35,54,54Fxx,"Higher-dimensional local connectedness [See also 55Mxx, 55Nxx]","General topology {For the topology of manifolds of all dimensions, see 57Nxx}",Special properties of topological spaces
54F45,54,54Fxx,Dimension theory in general topology [See also 55M10],"General topology {For the topology of manifolds of all dimensions, see 57Nxx}",Special properties of topological spaces
54F50,54,54Fxx,"Topological spaces of dimension ≤ 1; curves, dendrites [See also 26A03]","General topology {For the topology of manifolds of all dimensions, see 57Nxx}",Special properties of topological spaces
54F55,54,54Fxx,"Unicoherence, multicoherence","General topology {For the topology of manifolds of all dimensions, see 57Nxx}",Special properties of topological spaces
54F65,54,54Fxx,Topological characterizations of particular spaces,"General topology {For the topology of manifolds of all dimensions, see 57Nxx}",Special properties of topological spaces
54F99,54,54Fxx,"None of the above, but in this section","General topology {For the topology of manifolds of all dimensions, see 57Nxx}",Special properties of topological spaces
54G05,54,54Gxx,"Extremally disconnected spaces, F -spaces, etc.","General topology {For the topology of manifolds of all dimensions, see 57Nxx}",Peculiar topological spaces
54G10,54,54Gxx,P -spaces,"General topology {For the topology of manifolds of all dimensions, see 57Nxx}",Peculiar topological spaces
54G12,54,54Gxx,Scattered spaces,"General topology {For the topology of manifolds of all dimensions, see 57Nxx}",Peculiar topological spaces
54G15,54,54Gxx,Pathological topological spaces,"General topology {For the topology of manifolds of all dimensions, see 57Nxx}",Peculiar topological spaces
54G20,54,54Gxx,Counterexamples in general topology,"General topology {For the topology of manifolds of all dimensions, see 57Nxx}",Peculiar topological spaces
54G99,54,54Gxx,"None of the above, but in this section","General topology {For the topology of manifolds of all dimensions, see 57Nxx}",Peculiar topological spaces
54H05,54,54Hxx,"Descriptive set theory (topological aspects of Borel, analytic, projective, etc. sets) [See also 03E15, 26A21,","General topology {For the topology of manifolds of all dimensions, see 57Nxx}","Connections of general topology with other structures, applications"
54H10,54,54Hxx,Topological representations of algebraic systems [See also 22-XX],"General topology {For the topology of manifolds of all dimensions, see 57Nxx}","Connections of general topology with other structures, applications"
54H11,54,54Hxx,Topological groups (topological aspects) [See also 22A05],"General topology {For the topology of manifolds of all dimensions, see 57Nxx}","Connections of general topology with other structures, applications"
54H12,54,54Hxx,"Topological lattices, etc. (topological aspects) [See also 06B30, 06F30]","General topology {For the topology of manifolds of all dimensions, see 57Nxx}","Connections of general topology with other structures, applications"
54H13,54,54Hxx,"Topological fields, rings, etc. (topological aspects) [See also 12Jxx] {For algebraic aspects, see 13Jxx, 16W80}","General topology {For the topology of manifolds of all dimensions, see 57Nxx}","Connections of general topology with other structures, applications"
54H15,54,54Hxx,"Transformation groups and semigroups (topological aspects) [See also 20M20, 22-XX, 57Sxx]","General topology {For the topology of manifolds of all dimensions, see 57Nxx}","Connections of general topology with other structures, applications"
54H25,54,54Hxx,"Fixed-point and coincidence theorems (topological aspects) [See also 47H10, 55M20]","General topology {For the topology of manifolds of all dimensions, see 57Nxx}","Connections of general topology with other structures, applications"
54H30,54,54Hxx,"Applications of general topology to computer science (e.g., digital topology, image processing) [See also","General topology {For the topology of manifolds of all dimensions, see 57Nxx}","Connections of general topology with other structures, applications"
54H99,54,54Hxx,"None of the above, but in this section","General topology {For the topology of manifolds of all dimensions, see 57Nxx}","Connections of general topology with other structures, applications"
54J05,54,54Jxx,Nonstandard topology [See also 03H05],"General topology {For the topology of manifolds of all dimensions, see 57Nxx}",Nonstandard topology [See also 03H05]
54J99,54,54Jxx,"None of the above, but in this section","General topology {For the topology of manifolds of all dimensions, see 57Nxx}",Nonstandard topology [See also 03H05]
55M05,55,55Mxx,Duality in algebraic topology,Algebraic topology,Classical topics in algebraic topology {For the topology of Euclidean spaces
55M10,55,55Mxx,Dimension theory in algebraic topology [See also 54F45],Algebraic topology,Classical topics in algebraic topology {For the topology of Euclidean spaces
55M15,55,55Mxx,Absolute neighborhood retracts [See also 54C55],Algebraic topology,Classical topics in algebraic topology {For the topology of Euclidean spaces
55M20,55,55Mxx,Fixed points and coincidences in algebraic topology [See also 54H25],Algebraic topology,Classical topics in algebraic topology {For the topology of Euclidean spaces
55M25,55,55Mxx,"Degree, winding number",Algebraic topology,Classical topics in algebraic topology {For the topology of Euclidean spaces
55M30,55,55Mxx,"Lyusternik-Shnirel’man category of a space, topological complexity à la Farber, topological robotics (topological aspects)",Algebraic topology,Classical topics in algebraic topology {For the topology of Euclidean spaces
55M35,55,55Mxx,Finite groups of transformations in algebraic topology (including Smith theory) [See also 57S17],Algebraic topology,Classical topics in algebraic topology {For the topology of Euclidean spaces
55M99,55,55Mxx,"None of the above, but in this section",Algebraic topology,Classical topics in algebraic topology {For the topology of Euclidean spaces
55N05,55,55Nxx,Čech types,Algebraic topology,Homology and cohomology theories in algebraic topology {For homology and
55N07,55,55Nxx,Steenrod-Sitnikov homologies,Algebraic topology,Homology and cohomology theories in algebraic topology {For homology and
55N10,55,55Nxx,Singular homology and cohomology theory,Algebraic topology,Homology and cohomology theories in algebraic topology {For homology and
55N15,55,55Nxx,"Topological K-theory [See also 19Lxx] {For algebraic K-theory, see 18F25, 19-XX}",Algebraic topology,Homology and cohomology theories in algebraic topology {For homology and
55N20,55,55Nxx,Generalized (extraordinary) homology and cohomology theories in algebraic topology,Algebraic topology,Homology and cohomology theories in algebraic topology {For homology and
55N22,55,55Nxx,"Bordism and cobordism theories and formal group laws in algebraic topology [See also 14L05, 19L41, 57R75,",Algebraic topology,Homology and cohomology theories in algebraic topology {For homology and
55N25,55,55Nxx,"Homology with local coefficients, equivariant cohomology",Algebraic topology,Homology and cohomology theories in algebraic topology {For homology and
55N30,55,55Nxx,"Sheaf cohomology in algebraic topology [See also 18F20, 32C35, 32L10]",Algebraic topology,Homology and cohomology theories in algebraic topology {For homology and
55N31,55,55Nxx,"Persistent homology and applications, topological data analysis [See also 62R40, 68T09]",Algebraic topology,Homology and cohomology theories in algebraic topology {For homology and
55N32,55,55Nxx,Orbifold cohomology,Algebraic topology,Homology and cohomology theories in algebraic topology {For homology and
55N33,55,55Nxx,Intersection homology and cohomology in algebraic topology,Algebraic topology,Homology and cohomology theories in algebraic topology {For homology and
55N34,55,55Nxx,Elliptic cohomology,Algebraic topology,Homology and cohomology theories in algebraic topology {For homology and
55N35,55,55Nxx,Other homology theories in algebraic topology,Algebraic topology,Homology and cohomology theories in algebraic topology {For homology and
55N40,55,55Nxx,Axioms for homology theory and uniqueness theorems in algebraic topology,Algebraic topology,Homology and cohomology theories in algebraic topology {For homology and
55N45,55,55Nxx,Products and intersections in homology and cohomology,Algebraic topology,Homology and cohomology theories in algebraic topology {For homology and
55N91,55,55Nxx,Equivariant homology and cohomology in algebraic topology [See also 19L47],Algebraic topology,Homology and cohomology theories in algebraic topology {For homology and
55N99,55,55Nxx,"None of the above, but in this section",Algebraic topology,Homology and cohomology theories in algebraic topology {For homology and
55P05,55,55Pxx,"Homotopy extension properties, cofibrations in algebraic topology",Algebraic topology,"Homotopy theory {For simple homotopy type, see 57Q10}"
55P10,55,55Pxx,Homotopy equivalences in algebraic topology,Algebraic topology,"Homotopy theory {For simple homotopy type, see 57Q10}"
55P15,55,55Pxx,Classification of homotopy type,Algebraic topology,"Homotopy theory {For simple homotopy type, see 57Q10}"
55P20,55,55Pxx,Eilenberg-Mac Lane spaces,Algebraic topology,"Homotopy theory {For simple homotopy type, see 57Q10}"
55P25,55,55Pxx,Spanier-Whitehead duality,Algebraic topology,"Homotopy theory {For simple homotopy type, see 57Q10}"
55P30,55,55Pxx,Eckmann-Hilton duality,Algebraic topology,"Homotopy theory {For simple homotopy type, see 57Q10}"
55P35,55,55Pxx,Loop spaces,Algebraic topology,"Homotopy theory {For simple homotopy type, see 57Q10}"
55P40,55,55Pxx,Suspensions,Algebraic topology,"Homotopy theory {For simple homotopy type, see 57Q10}"
55P42,55,55Pxx,"Stable homotopy theory, spectra",Algebraic topology,"Homotopy theory {For simple homotopy type, see 57Q10}"
55P43,55,55Pxx,"Spectra with additional structure (E∞ , A∞ , ring spectra, etc.)",Algebraic topology,"Homotopy theory {For simple homotopy type, see 57Q10}"
55P45,55,55Pxx,H-spaces and duals,Algebraic topology,"Homotopy theory {For simple homotopy type, see 57Q10}"
55P47,55,55Pxx,Infinite loop spaces,Algebraic topology,"Homotopy theory {For simple homotopy type, see 57Q10}"
55P48,55,55Pxx,Loop space machines and operads in algebraic topology [See also 18Mxx],Algebraic topology,"Homotopy theory {For simple homotopy type, see 57Q10}"
55P50,55,55Pxx,String topology,Algebraic topology,"Homotopy theory {For simple homotopy type, see 57Q10}"
55P55,55,55Pxx,"Shape theory [See also 54C56, 55Q07]",Algebraic topology,"Homotopy theory {For simple homotopy type, see 57Q10}"
55P57,55,55Pxx,Proper homotopy theory,Algebraic topology,"Homotopy theory {For simple homotopy type, see 57Q10}"
55P60,55,55Pxx,Localization and completion in homotopy theory,Algebraic topology,"Homotopy theory {For simple homotopy type, see 57Q10}"
55P62,55,55Pxx,Rational homotopy theory,Algebraic topology,"Homotopy theory {For simple homotopy type, see 57Q10}"
55P65,55,55Pxx,Homotopy functors in algebraic topology,Algebraic topology,"Homotopy theory {For simple homotopy type, see 57Q10}"
55P91,55,55Pxx,Equivariant homotopy theory in algebraic topology [See also 19L47],Algebraic topology,"Homotopy theory {For simple homotopy type, see 57Q10}"
55P92,55,55Pxx,Relations between equivariant and nonequivariant homotopy theory in algebraic topology,Algebraic topology,"Homotopy theory {For simple homotopy type, see 57Q10}"
55P99,55,55Pxx,"None of the above, but in this section",Algebraic topology,"Homotopy theory {For simple homotopy type, see 57Q10}"
55Q05,55,55Qxx,"Homotopy groups, general; sets of homotopy classes",Algebraic topology,Homotopy groups
55Q07,55,55Qxx,Shape groups,Algebraic topology,Homotopy groups
55Q10,55,55Qxx,Stable homotopy groups,Algebraic topology,Homotopy groups
55Q15,55,55Qxx,Whitehead products and generalizations,Algebraic topology,Homotopy groups
55Q20,55,55Qxx,"Homotopy groups of wedges, joins, and simple spaces",Algebraic topology,Homotopy groups
55Q25,55,55Qxx,Hopf invariants,Algebraic topology,Homotopy groups
55Q35,55,55Qxx,Operations in homotopy groups,Algebraic topology,Homotopy groups
55Q40,55,55Qxx,Homotopy groups of spheres,Algebraic topology,Homotopy groups
55Q45,55,55Qxx,Stable homotopy of spheres,Algebraic topology,Homotopy groups
55Q50,55,55Qxx,J-morphism [See also 19L20],Algebraic topology,Homotopy groups
55Q51,55,55Qxx,vn -periodicity,Algebraic topology,Homotopy groups
55Q52,55,55Qxx,Homotopy groups of special spaces,Algebraic topology,Homotopy groups
55Q55,55,55Qxx,Cohomotopy groups,Algebraic topology,Homotopy groups
55Q70,55,55Qxx,"Homotopy groups of special types [See also 55N05, 55N07]",Algebraic topology,Homotopy groups
55Q91,55,55Qxx,Equivariant homotopy groups [See also 19L47],Algebraic topology,Homotopy groups
55Q99,55,55Qxx,"None of the above, but in this section",Algebraic topology,Homotopy groups
55R05,55,55Rxx,Fiber spaces in algebraic topology,Algebraic topology,"Fiber spaces and bundles in algebraic topology [See also 18F15, 32Lxx, 46M20,"
55R10,55,55Rxx,Fiber bundles in algebraic topology,Algebraic topology,"Fiber spaces and bundles in algebraic topology [See also 18F15, 32Lxx, 46M20,"
55R12,55,55Rxx,Transfer for fiber spaces and bundles in algebraic topology,Algebraic topology,"Fiber spaces and bundles in algebraic topology [See also 18F15, 32Lxx, 46M20,"
55R15,55,55Rxx,Classification of fiber spaces or bundles in algebraic topology,Algebraic topology,"Fiber spaces and bundles in algebraic topology [See also 18F15, 32Lxx, 46M20,"
55R20,55,55Rxx,Spectral sequences and homology of fiber spaces in algebraic topology [See also 55Txx],Algebraic topology,"Fiber spaces and bundles in algebraic topology [See also 18F15, 32Lxx, 46M20,"
55R25,55,55Rxx,Sphere bundles and vector bundles in algebraic topology,Algebraic topology,"Fiber spaces and bundles in algebraic topology [See also 18F15, 32Lxx, 46M20,"
55R35,55,55Rxx,Classifying spaces of groups and H-spaces in algebraic topology,Algebraic topology,"Fiber spaces and bundles in algebraic topology [See also 18F15, 32Lxx, 46M20,"
55R37,55,55Rxx,Maps between classifying spaces in algebraic topology,Algebraic topology,"Fiber spaces and bundles in algebraic topology [See also 18F15, 32Lxx, 46M20,"
55R40,55,55Rxx,"Homology of classifying spaces and characteristic classes in algebraic topology [See also 57Txx, 57R20]",Algebraic topology,"Fiber spaces and bundles in algebraic topology [See also 18F15, 32Lxx, 46M20,"
55R45,55,55Rxx,Homology and homotopy of BO and BU; Bott periodicity,Algebraic topology,"Fiber spaces and bundles in algebraic topology [See also 18F15, 32Lxx, 46M20,"
55R50,55,55Rxx,Stable classes of vector space bundles in algebraic topology and relations to K-theory [See also 19Lxx] {For,Algebraic topology,"Fiber spaces and bundles in algebraic topology [See also 18F15, 32Lxx, 46M20,"
55R55,55,55Rxx,Fiberings with singularities in algebraic topology,Algebraic topology,"Fiber spaces and bundles in algebraic topology [See also 18F15, 32Lxx, 46M20,"
55R60,55,55Rxx,"Microbundles and block bundles in algebraic topology [See also 57N55, 57Q50]",Algebraic topology,"Fiber spaces and bundles in algebraic topology [See also 18F15, 32Lxx, 46M20,"
55R65,55,55Rxx,Generalizations of fiber spaces and bundles in algebraic topology,Algebraic topology,"Fiber spaces and bundles in algebraic topology [See also 18F15, 32Lxx, 46M20,"
55R70,55,55Rxx,Fibrewise topology,Algebraic topology,"Fiber spaces and bundles in algebraic topology [See also 18F15, 32Lxx, 46M20,"
55R80,55,55Rxx,Discriminantal varieties and configuration spaces in algebraic topology,Algebraic topology,"Fiber spaces and bundles in algebraic topology [See also 18F15, 32Lxx, 46M20,"
55R91,55,55Rxx,Equivariant fiber spaces and bundles in algebraic topology [See also 19L47],Algebraic topology,"Fiber spaces and bundles in algebraic topology [See also 18F15, 32Lxx, 46M20,"
55R99,55,55Rxx,"None of the above, but in this section",Algebraic topology,"Fiber spaces and bundles in algebraic topology [See also 18F15, 32Lxx, 46M20,"
55S05,55,55Sxx,Primary cohomology operations in algebraic topology,Algebraic topology,Operations and obstructions in algebraic topology
55S10,55,55Sxx,Steenrod algebra,Algebraic topology,Operations and obstructions in algebraic topology
55S12,55,55Sxx,Dyer-Lashof operations,Algebraic topology,Operations and obstructions in algebraic topology
55S15,55,55Sxx,Symmetric products and cyclic products in algebraic topology,Algebraic topology,Operations and obstructions in algebraic topology
55S20,55,55Sxx,Secondary and higher cohomology operations in algebraic topology,Algebraic topology,Operations and obstructions in algebraic topology
55S25,55,55Sxx,"K-theory operations and generalized cohomology operations in algebraic topology [See also 19D55, 19Lxx]",Algebraic topology,Operations and obstructions in algebraic topology
55S30,55,55Sxx,Massey products,Algebraic topology,Operations and obstructions in algebraic topology
55S35,55,55Sxx,Obstruction theory in algebraic topology,Algebraic topology,Operations and obstructions in algebraic topology
55S36,55,55Sxx,Extension and compression of mappings in algebraic topology,Algebraic topology,Operations and obstructions in algebraic topology
55S37,55,55Sxx,Classification of mappings in algebraic topology,Algebraic topology,Operations and obstructions in algebraic topology
55S40,55,55Sxx,Sectioning fiber spaces and bundles in algebraic topology,Algebraic topology,Operations and obstructions in algebraic topology
55S45,55,55Sxx,"Postnikov systems, k-invariants",Algebraic topology,Operations and obstructions in algebraic topology
55S91,55,55Sxx,Equivariant operations and obstructions in algebraic topology [See also 19L47],Algebraic topology,Operations and obstructions in algebraic topology
55S99,55,55Sxx,"None of the above, but in this section",Algebraic topology,Operations and obstructions in algebraic topology
55T05,55,55Txx,General theory of spectral sequences in algebraic topology,Algebraic topology,"Spectral sequences in algebraic topology [See also 18G40, 55R20]"
55T10,55,55Txx,Serre spectral sequences,Algebraic topology,"Spectral sequences in algebraic topology [See also 18G40, 55R20]"
55T15,55,55Txx,Adams spectral sequences,Algebraic topology,"Spectral sequences in algebraic topology [See also 18G40, 55R20]"
55T20,55,55Txx,Eilenberg-Moore spectral sequences [See also 57T35],Algebraic topology,"Spectral sequences in algebraic topology [See also 18G40, 55R20]"
55T25,55,55Txx,Generalized cohomology and spectral sequences in algebraic topology,Algebraic topology,"Spectral sequences in algebraic topology [See also 18G40, 55R20]"
55T99,55,55Txx,"None of the above, but in this section",Algebraic topology,"Spectral sequences in algebraic topology [See also 18G40, 55R20]"
55U05,55,55Uxx,Abstract complexes in algebraic topology,Algebraic topology,Applied homological algebra and category theory in algebraic topology [See also
55U10,55,55Uxx,Simplicial sets and complexes in algebraic topology,Algebraic topology,Applied homological algebra and category theory in algebraic topology [See also
55U15,55,55Uxx,Chain complexes in algebraic topology,Algebraic topology,Applied homological algebra and category theory in algebraic topology [See also
55U20,55,55Uxx,"Universal coefficient theorems, Bockstein operator",Algebraic topology,Applied homological algebra and category theory in algebraic topology [See also
55U25,55,55Uxx,"Homology of a product, Künneth formula",Algebraic topology,Applied homological algebra and category theory in algebraic topology [See also
55U30,55,55Uxx,Duality in applied homological algebra and category theory (aspects of algebraic topology),Algebraic topology,Applied homological algebra and category theory in algebraic topology [See also
55U35,55,55Uxx,Abstract and axiomatic homotopy theory in algebraic topology,Algebraic topology,Applied homological algebra and category theory in algebraic topology [See also
55U40,55,55Uxx,"Topological categories, foundations of homotopy theory",Algebraic topology,Applied homological algebra and category theory in algebraic topology [See also
55U99,55,55Uxx,"None of the above, but in this section",Algebraic topology,Applied homological algebra and category theory in algebraic topology [See also
57K10,57,57Kxx,Knot theory,"Manifolds and cell complexes {For complex manifolds, see",Low-dimensional topology in specific dimensions
57K12,57,57Kxx,"Generalized knots (virtual knots, welded knots, quandles, etc.)","Manifolds and cell complexes {For complex manifolds, see",Low-dimensional topology in specific dimensions
57K14,57,57Kxx,Knot polynomials,"Manifolds and cell complexes {For complex manifolds, see",Low-dimensional topology in specific dimensions
57K16,57,57Kxx,"Finite-type and quantum invariants, topological quantum field theories (TQFT)","Manifolds and cell complexes {For complex manifolds, see",Low-dimensional topology in specific dimensions
57K18,57,57Kxx,"Homology theories in knot theory (Khovanov, Heegaard-Floer, etc.)","Manifolds and cell complexes {For complex manifolds, see",Low-dimensional topology in specific dimensions
57K20,57,57Kxx,"2-dimensional topology (including mapping class groups of surfaces, Teichmüller theory, curve complexes,","Manifolds and cell complexes {For complex manifolds, see",Low-dimensional topology in specific dimensions
57K30,57,57Kxx,General topology of 3-manifolds,"Manifolds and cell complexes {For complex manifolds, see",Low-dimensional topology in specific dimensions
57K31,57,57Kxx,"Invariants of 3-manifolds (including skein modules, character varieties)","Manifolds and cell complexes {For complex manifolds, see",Low-dimensional topology in specific dimensions
57K32,57,57Kxx,Hyperbolic 3-manifolds,"Manifolds and cell complexes {For complex manifolds, see",Low-dimensional topology in specific dimensions
57K33,57,57Kxx,Contact structures in 3 dimensions [See also 57R17],"Manifolds and cell complexes {For complex manifolds, see",Low-dimensional topology in specific dimensions
57K35,57,57Kxx,Other geometric structures on 3-manifolds,"Manifolds and cell complexes {For complex manifolds, see",Low-dimensional topology in specific dimensions
57K40,57,57Kxx,General topology of 4-manifolds,"Manifolds and cell complexes {For complex manifolds, see",Low-dimensional topology in specific dimensions
57K41,57,57Kxx,Invariants of 4-manifolds (including Donaldson and Seiberg-Witten invariants),"Manifolds and cell complexes {For complex manifolds, see",Low-dimensional topology in specific dimensions
57K43,57,57Kxx,Symplectic structures in 4 dimensions [See also 57R17],"Manifolds and cell complexes {For complex manifolds, see",Low-dimensional topology in specific dimensions
57K45,57,57Kxx,Higher-dimensional knots and links,"Manifolds and cell complexes {For complex manifolds, see",Low-dimensional topology in specific dimensions
57K50,57,57Kxx,Low-dimensional manifolds of specific dimension 5 or higher,"Manifolds and cell complexes {For complex manifolds, see",Low-dimensional topology in specific dimensions
57K99,57,57Kxx,"None of the above, but in this section","Manifolds and cell complexes {For complex manifolds, see",Low-dimensional topology in specific dimensions
57M05,57,57Mxx,"Fundamental group, presentations, free differential calculus","Manifolds and cell complexes {For complex manifolds, see",General low-dimensional topology
57M07,57,57Mxx,Topological methods in group theory,"Manifolds and cell complexes {For complex manifolds, see",General low-dimensional topology
57M10,57,57Mxx,Covering spaces and low-dimensional topology,"Manifolds and cell complexes {For complex manifolds, see",General low-dimensional topology
57M12,57,57Mxx,"Low-dimensional topology of special (e.g., branched) coverings","Manifolds and cell complexes {For complex manifolds, see",General low-dimensional topology
57M15,57,57Mxx,Relations of low-dimensional topology with graph theory [See also 05C10],"Manifolds and cell complexes {For complex manifolds, see",General low-dimensional topology
57M30,57,57Mxx,Wild embeddings,"Manifolds and cell complexes {For complex manifolds, see",General low-dimensional topology
57M50,57,57Mxx,General geometric structures on low-dimensional manifolds,"Manifolds and cell complexes {For complex manifolds, see",General low-dimensional topology
57M60,57,57Mxx,Group actions on manifolds and cell complexes in low dimensions,"Manifolds and cell complexes {For complex manifolds, see",General low-dimensional topology
57M99,57,57Mxx,"None of the above, but in this section","Manifolds and cell complexes {For complex manifolds, see",General low-dimensional topology
57N16,57,57Nxx,Geometric structures on manifolds of high or arbitrary dimension [See also 57M50],"Manifolds and cell complexes {For complex manifolds, see",Topological manifolds
57N17,57,57Nxx,Topology of topological vector spaces,"Manifolds and cell complexes {For complex manifolds, see",Topological manifolds
57N20,57,57Nxx,Topology of infinite-dimensional manifolds [See also 58Bxx],"Manifolds and cell complexes {For complex manifolds, see",Topological manifolds
57N25,57,57Nxx,"Shapes (aspects of topological manifolds) [See also 54C56, 55P55, 55Q07]","Manifolds and cell complexes {For complex manifolds, see",Topological manifolds
57N30,57,57Nxx,Engulfing in topological manifolds,"Manifolds and cell complexes {For complex manifolds, see",Topological manifolds
57N35,57,57Nxx,Embeddings and immersions in topological manifolds,"Manifolds and cell complexes {For complex manifolds, see",Topological manifolds
57N37,57,57Nxx,Isotopy and pseudo-isotopy,"Manifolds and cell complexes {For complex manifolds, see",Topological manifolds
57N40,57,57Nxx,Neighborhoods of submanifolds,"Manifolds and cell complexes {For complex manifolds, see",Topological manifolds
57N45,57,57Nxx,Flatness and tameness of topological manifolds,"Manifolds and cell complexes {For complex manifolds, see",Topological manifolds
57N50,57,57Nxx,"S n−1 ⊂ E n , Schoenflies problem","Manifolds and cell complexes {For complex manifolds, see",Topological manifolds
57N55,57,57Nxx,"Microbundles and block bundles [See also 55R60, 57Q50]","Manifolds and cell complexes {For complex manifolds, see",Topological manifolds
57N60,57,57Nxx,Cellularity in topological manifolds,"Manifolds and cell complexes {For complex manifolds, see",Topological manifolds
57N65,57,57Nxx,Algebraic topology of manifolds,"Manifolds and cell complexes {For complex manifolds, see",Topological manifolds
57N70,57,57Nxx,Cobordism and concordance in topological manifolds,"Manifolds and cell complexes {For complex manifolds, see",Topological manifolds
57N75,57,57Nxx,General position and transversality,"Manifolds and cell complexes {For complex manifolds, see",Topological manifolds
57N80,57,57Nxx,Stratifications in topological manifolds,"Manifolds and cell complexes {For complex manifolds, see",Topological manifolds
57N99,57,57Nxx,"None of the above, but in this section","Manifolds and cell complexes {For complex manifolds, see",Topological manifolds
57P05,57,57Pxx,Local properties of generalized manifolds,"Manifolds and cell complexes {For complex manifolds, see",Generalized manifolds [See also 18F15]
57P10,57,57Pxx,Poincaré duality spaces,"Manifolds and cell complexes {For complex manifolds, see",Generalized manifolds [See also 18F15]
57P99,57,57Pxx,"None of the above, but in this section","Manifolds and cell complexes {For complex manifolds, see",Generalized manifolds [See also 18F15]
57Q05,57,57Qxx,General topology of complexes,"Manifolds and cell complexes {For complex manifolds, see",PL-topology
57Q10,57,57Qxx,"Simple homotopy type, Whitehead torsion, Reidemeister-Franz torsion, etc. [See also 19B28]","Manifolds and cell complexes {For complex manifolds, see",PL-topology
57Q12,57,57Qxx,Wall finiteness obstruction for CW-complexes,"Manifolds and cell complexes {For complex manifolds, see",PL-topology
57Q15,57,57Qxx,Triangulating manifolds,"Manifolds and cell complexes {For complex manifolds, see",PL-topology
57Q20,57,57Qxx,Cobordism in PL-topology,"Manifolds and cell complexes {For complex manifolds, see",PL-topology
57Q25,57,57Qxx,"Comparison of PL-structures: classification, Hauptvermutung","Manifolds and cell complexes {For complex manifolds, see",PL-topology
57Q30,57,57Qxx,Engulfing,"Manifolds and cell complexes {For complex manifolds, see",PL-topology
57Q35,57,57Qxx,Embeddings and immersions in PL-topology,"Manifolds and cell complexes {For complex manifolds, see",PL-topology
57Q37,57,57Qxx,Isotopy in PL-topology,"Manifolds and cell complexes {For complex manifolds, see",PL-topology
57Q40,57,57Qxx,Regular neighborhoods in PL-topology,"Manifolds and cell complexes {For complex manifolds, see",PL-topology
57Q50,57,57Qxx,"Microbundles and block bundles [See also 55R60, 57N55]","Manifolds and cell complexes {For complex manifolds, see",PL-topology
57Q55,57,57Qxx,Approximations in PL-topology,"Manifolds and cell complexes {For complex manifolds, see",PL-topology
57Q60,57,57Qxx,Cobordism and concordance in PL-topology,"Manifolds and cell complexes {For complex manifolds, see",PL-topology
57Q65,57,57Qxx,General position and transversality,"Manifolds and cell complexes {For complex manifolds, see",PL-topology
57Q70,57,57Qxx,Discrete Morse theory and related ideas in manifold topology,"Manifolds and cell complexes {For complex manifolds, see",PL-topology
57Q91,57,57Qxx,Equivariant PL-topology,"Manifolds and cell complexes {For complex manifolds, see",PL-topology
57Q99,57,57Qxx,"None of the above, but in this section","Manifolds and cell complexes {For complex manifolds, see",PL-topology
57R05,57,57Rxx,Triangulating,"Manifolds and cell complexes {For complex manifolds, see","Differential topology {For foundational questions of differentiable manifolds,"
57R10,57,57Rxx,Smoothing in differential topology,"Manifolds and cell complexes {For complex manifolds, see","Differential topology {For foundational questions of differentiable manifolds,"
57R12,57,57Rxx,Smooth approximations in differential topology,"Manifolds and cell complexes {For complex manifolds, see","Differential topology {For foundational questions of differentiable manifolds,"
57R15,57,57Rxx,"Specialized structures on manifolds (spin manifolds, framed manifolds, etc.)","Manifolds and cell complexes {For complex manifolds, see","Differential topology {For foundational questions of differentiable manifolds,"
57R17,57,57Rxx,"Symplectic and contact topology in high or arbitrary dimension {For dimensions 3 and 4, see 57K33, 57K43}","Manifolds and cell complexes {For complex manifolds, see","Differential topology {For foundational questions of differentiable manifolds,"
57R18,57,57Rxx,Topology and geometry of orbifolds,"Manifolds and cell complexes {For complex manifolds, see","Differential topology {For foundational questions of differentiable manifolds,"
57R19,57,57Rxx,Algebraic topology on manifolds and differential topology,"Manifolds and cell complexes {For complex manifolds, see","Differential topology {For foundational questions of differentiable manifolds,"
57R20,57,57Rxx,Characteristic classes and numbers in differential topology,"Manifolds and cell complexes {For complex manifolds, see","Differential topology {For foundational questions of differentiable manifolds,"
57R22,57,57Rxx,Topology of vector bundles and fiber bundles [See also 55Rxx],"Manifolds and cell complexes {For complex manifolds, see","Differential topology {For foundational questions of differentiable manifolds,"
57R25,57,57Rxx,"Vector fields, frame fields in differential topology","Manifolds and cell complexes {For complex manifolds, see","Differential topology {For foundational questions of differentiable manifolds,"
57R27,57,57Rxx,"Controllability of vector fields on C ∞ and real-analytic manifolds [See also 49Qxx, 37C10, 93B05]","Manifolds and cell complexes {For complex manifolds, see","Differential topology {For foundational questions of differentiable manifolds,"
57R30,57,57Rxx,Foliations in differential topology; geometric theory [See also 53C12],"Manifolds and cell complexes {For complex manifolds, see","Differential topology {For foundational questions of differentiable manifolds,"
57R32,57,57Rxx,Classifying spaces for foliations; Gelfand-Fuks cohomology [See also 58H10],"Manifolds and cell complexes {For complex manifolds, see","Differential topology {For foundational questions of differentiable manifolds,"
57R35,57,57Rxx,Differentiable mappings in differential topology,"Manifolds and cell complexes {For complex manifolds, see","Differential topology {For foundational questions of differentiable manifolds,"
57R40,57,57Rxx,Embeddings in differential topology,"Manifolds and cell complexes {For complex manifolds, see","Differential topology {For foundational questions of differentiable manifolds,"
57R42,57,57Rxx,Immersions in differential topology,"Manifolds and cell complexes {For complex manifolds, see","Differential topology {For foundational questions of differentiable manifolds,"
57R45,57,57Rxx,Singularities of differentiable mappings in differential topology,"Manifolds and cell complexes {For complex manifolds, see","Differential topology {For foundational questions of differentiable manifolds,"
57R50,57,57Rxx,Differential topological aspects of diffeomorphisms,"Manifolds and cell complexes {For complex manifolds, see","Differential topology {For foundational questions of differentiable manifolds,"
57R52,57,57Rxx,Isotopy in differential topology,"Manifolds and cell complexes {For complex manifolds, see","Differential topology {For foundational questions of differentiable manifolds,"
57R55,57,57Rxx,Differentiable structures in differential topology,"Manifolds and cell complexes {For complex manifolds, see","Differential topology {For foundational questions of differentiable manifolds,"
57R56,57,57Rxx,Topological quantum field theories (aspects of differential topology),"Manifolds and cell complexes {For complex manifolds, see","Differential topology {For foundational questions of differentiable manifolds,"
57R57,57,57Rxx,"Applications of global analysis to structures on manifolds [See also 57K41, 58-XX]","Manifolds and cell complexes {For complex manifolds, see","Differential topology {For foundational questions of differentiable manifolds,"
57R58,57,57Rxx,Floer homology,"Manifolds and cell complexes {For complex manifolds, see","Differential topology {For foundational questions of differentiable manifolds,"
57R60,57,57Rxx,"Homotopy spheres, Poincaré conjecture","Manifolds and cell complexes {For complex manifolds, see","Differential topology {For foundational questions of differentiable manifolds,"
57R65,57,57Rxx,Surgery and handlebodies,"Manifolds and cell complexes {For complex manifolds, see","Differential topology {For foundational questions of differentiable manifolds,"
57R67,57,57Rxx,"Surgery obstructions, Wall groups [See also 19J25]","Manifolds and cell complexes {For complex manifolds, see","Differential topology {For foundational questions of differentiable manifolds,"
57R70,57,57Rxx,Critical points and critical submanifolds in differential topology,"Manifolds and cell complexes {For complex manifolds, see","Differential topology {For foundational questions of differentiable manifolds,"
57R75,57,57Rxx,O- and SO-cobordism,"Manifolds and cell complexes {For complex manifolds, see","Differential topology {For foundational questions of differentiable manifolds,"
57R77,57,57Rxx,Complex cobordism (U- and SU-cobordism) [See also 55N22],"Manifolds and cell complexes {For complex manifolds, see","Differential topology {For foundational questions of differentiable manifolds,"
57R80,57,57Rxx,h- and s-cobordism,"Manifolds and cell complexes {For complex manifolds, see","Differential topology {For foundational questions of differentiable manifolds,"
57R85,57,57Rxx,Equivariant cobordism,"Manifolds and cell complexes {For complex manifolds, see","Differential topology {For foundational questions of differentiable manifolds,"
57R90,57,57Rxx,Other types of cobordism [See also 55N22],"Manifolds and cell complexes {For complex manifolds, see","Differential topology {For foundational questions of differentiable manifolds,"
57R91,57,57Rxx,Equivariant algebraic topology of manifolds,"Manifolds and cell complexes {For complex manifolds, see","Differential topology {For foundational questions of differentiable manifolds,"
57R95,57,57Rxx,Realizing cycles by submanifolds,"Manifolds and cell complexes {For complex manifolds, see","Differential topology {For foundational questions of differentiable manifolds,"
57R99,57,57Rxx,"None of the above, but in this section","Manifolds and cell complexes {For complex manifolds, see","Differential topology {For foundational questions of differentiable manifolds,"
57S05,57,57Sxx,Topological properties of groups of homeomorphisms or diffeomorphisms,"Manifolds and cell complexes {For complex manifolds, see","Topological transformation groups [See also 20F34, 22-XX, 37-XX, 54H15,"
57S10,57,57Sxx,Compact groups of homeomorphisms,"Manifolds and cell complexes {For complex manifolds, see","Topological transformation groups [See also 20F34, 22-XX, 37-XX, 54H15,"
57S12,57,57Sxx,Toric topology,"Manifolds and cell complexes {For complex manifolds, see","Topological transformation groups [See also 20F34, 22-XX, 37-XX, 54H15,"
57S15,57,57Sxx,Compact Lie groups of differentiable transformations,"Manifolds and cell complexes {For complex manifolds, see","Topological transformation groups [See also 20F34, 22-XX, 37-XX, 54H15,"
57S17,57,57Sxx,Finite transformation groups,"Manifolds and cell complexes {For complex manifolds, see","Topological transformation groups [See also 20F34, 22-XX, 37-XX, 54H15,"
57S20,57,57Sxx,Noncompact Lie groups of transformations,"Manifolds and cell complexes {For complex manifolds, see","Topological transformation groups [See also 20F34, 22-XX, 37-XX, 54H15,"
57S25,57,57Sxx,Groups acting on specific manifolds,"Manifolds and cell complexes {For complex manifolds, see","Topological transformation groups [See also 20F34, 22-XX, 37-XX, 54H15,"
57S30,57,57Sxx,Discontinuous groups of transformations,"Manifolds and cell complexes {For complex manifolds, see","Topological transformation groups [See also 20F34, 22-XX, 37-XX, 54H15,"
57S99,57,57Sxx,"None of the above, but in this section","Manifolds and cell complexes {For complex manifolds, see","Topological transformation groups [See also 20F34, 22-XX, 37-XX, 54H15,"
57T05,57,57Txx,Hopf algebras (aspects of homology and homotopy of topological groups) [See also 16T05],"Manifolds and cell complexes {For complex manifolds, see",Homology and homotopy of topological groups and related structures
57T10,57,57Txx,Homology and cohomology of Lie groups,"Manifolds and cell complexes {For complex manifolds, see",Homology and homotopy of topological groups and related structures
57T15,57,57Txx,Homology and cohomology of homogeneous spaces of Lie groups,"Manifolds and cell complexes {For complex manifolds, see",Homology and homotopy of topological groups and related structures
57T20,57,57Txx,Homotopy groups of topological groups and homogeneous spaces,"Manifolds and cell complexes {For complex manifolds, see",Homology and homotopy of topological groups and related structures
57T25,57,57Txx,Homology and cohomology of H-spaces,"Manifolds and cell complexes {For complex manifolds, see",Homology and homotopy of topological groups and related structures
57T30,57,57Txx,"Bar and cobar constructions [See also 18N40, 55Uxx]","Manifolds and cell complexes {For complex manifolds, see",Homology and homotopy of topological groups and related structures
57T35,57,57Txx,"Applications of Eilenberg-Moore spectral sequences [See also 55R20, 55T20]","Manifolds and cell complexes {For complex manifolds, see",Homology and homotopy of topological groups and related structures
57T99,57,57Txx,"None of the above, but in this section","Manifolds and cell complexes {For complex manifolds, see",Homology and homotopy of topological groups and related structures
57Z05,57,57Zxx,Relations of manifolds and cell complexes with physics,"Manifolds and cell complexes {For complex manifolds, see",Relations of manifolds and cell complexes with science and engineering
57Z10,57,57Zxx,Relations of manifolds and cell complexes with biology,"Manifolds and cell complexes {For complex manifolds, see",Relations of manifolds and cell complexes with science and engineering
57Z15,57,57Zxx,Relations of manifolds and cell complexes with chemistry,"Manifolds and cell complexes {For complex manifolds, see",Relations of manifolds and cell complexes with science and engineering
57Z20,57,57Zxx,Relations of manifolds and cell complexes with engineering,"Manifolds and cell complexes {For complex manifolds, see",Relations of manifolds and cell complexes with science and engineering
57Z25,57,57Zxx,Relations of manifolds and cell complexes with computer and data science,"Manifolds and cell complexes {For complex manifolds, see",Relations of manifolds and cell complexes with science and engineering
57Z99,57,57Zxx,"None of the above, but in this section","Manifolds and cell complexes {For complex manifolds, see",Relations of manifolds and cell complexes with science and engineering
58A03,58,58Axx,Topos-theoretic approach to differentiable manifolds,"Global analysis, analysis on manifolds [See also 32Cxx, 32Fxx,",General theory of differentiable manifolds [See also 32Cxx]
58A05,58,58Axx,"Differentiable manifolds, foundations","Global analysis, analysis on manifolds [See also 32Cxx, 32Fxx,",General theory of differentiable manifolds [See also 32Cxx]
58A07,58,58Axx,"Real-analytic and Nash manifolds [See also 14P20, 32C07]","Global analysis, analysis on manifolds [See also 32Cxx, 32Fxx,",General theory of differentiable manifolds [See also 32Cxx]
58A10,58,58Axx,Differential forms in global analysis,"Global analysis, analysis on manifolds [See also 32Cxx, 32Fxx,",General theory of differentiable manifolds [See also 32Cxx]
58A12,58,58Axx,de Rham theory in global analysis [See also 14Fxx],"Global analysis, analysis on manifolds [See also 32Cxx, 32Fxx,",General theory of differentiable manifolds [See also 32Cxx]
58A14,58,58Axx,"Hodge theory in global analysis [See also 14C30, 14Fxx, 32J25, 32S35]","Global analysis, analysis on manifolds [See also 32Cxx, 32Fxx,",General theory of differentiable manifolds [See also 32Cxx]
58A15,58,58Axx,Exterior differential systems (Cartan theory),"Global analysis, analysis on manifolds [See also 32Cxx, 32Fxx,",General theory of differentiable manifolds [See also 32Cxx]
58A17,58,58Axx,Pfaffian systems,"Global analysis, analysis on manifolds [See also 32Cxx, 32Fxx,",General theory of differentiable manifolds [See also 32Cxx]
58A20,58,58Axx,Jets in global analysis,"Global analysis, analysis on manifolds [See also 32Cxx, 32Fxx,",General theory of differentiable manifolds [See also 32Cxx]
58A25,58,58Axx,"Currents in global analysis [See also 32C30, 53C65]","Global analysis, analysis on manifolds [See also 32Cxx, 32Fxx,",General theory of differentiable manifolds [See also 32Cxx]
58A30,58,58Axx,Vector distributions (subbundles of the tangent bundles),"Global analysis, analysis on manifolds [See also 32Cxx, 32Fxx,",General theory of differentiable manifolds [See also 32Cxx]
58A32,58,58Axx,Natural bundles,"Global analysis, analysis on manifolds [See also 32Cxx, 32Fxx,",General theory of differentiable manifolds [See also 32Cxx]
58A35,58,58Axx,Stratified sets [See also 32S60],"Global analysis, analysis on manifolds [See also 32Cxx, 32Fxx,",General theory of differentiable manifolds [See also 32Cxx]
58A40,58,58Axx,Differential spaces,"Global analysis, analysis on manifolds [See also 32Cxx, 32Fxx,",General theory of differentiable manifolds [See also 32Cxx]
58A50,58,58Axx,"Supermanifolds and graded manifolds [See also 14A22, 32C11]","Global analysis, analysis on manifolds [See also 32Cxx, 32Fxx,",General theory of differentiable manifolds [See also 32Cxx]
58A99,58,58Axx,"None of the above, but in this section","Global analysis, analysis on manifolds [See also 32Cxx, 32Fxx,",General theory of differentiable manifolds [See also 32Cxx]
58B05,58,58Bxx,Homotopy and topological questions for infinite-dimensional manifolds,"Global analysis, analysis on manifolds [See also 32Cxx, 32Fxx,",Infinite-dimensional manifolds
58B10,58,58Bxx,Differentiability questions for infinite-dimensional manifolds,"Global analysis, analysis on manifolds [See also 32Cxx, 32Fxx,",Infinite-dimensional manifolds
58B12,58,58Bxx,"Questions of holomorphy and infinite-dimensional manifolds [See also 32-XX, 46G20]","Global analysis, analysis on manifolds [See also 32Cxx, 32Fxx,",Infinite-dimensional manifolds
58B15,58,58Bxx,Fredholm structures on infinite-dimensional manifolds [See also 47A53],"Global analysis, analysis on manifolds [See also 32Cxx, 32Fxx,",Infinite-dimensional manifolds
58B20,58,58Bxx,"Riemannian, Finsler and other geometric structures on infinite-dimensional manifolds [See also 53C20, 53C60]","Global analysis, analysis on manifolds [See also 32Cxx, 32Fxx,",Infinite-dimensional manifolds
58B25,58,58Bxx,"Group structures and generalizations on infinite-dimensional manifolds [See also 22E65, 58D05]","Global analysis, analysis on manifolds [See also 32Cxx, 32Fxx,",Infinite-dimensional manifolds
58B32,58,58Bxx,Geometry of quantum groups,"Global analysis, analysis on manifolds [See also 32Cxx, 32Fxx,",Infinite-dimensional manifolds
58B34,58,58Bxx,Noncommutative geometry (à la Connes),"Global analysis, analysis on manifolds [See also 32Cxx, 32Fxx,",Infinite-dimensional manifolds
58B99,58,58Bxx,"None of the above, but in this section","Global analysis, analysis on manifolds [See also 32Cxx, 32Fxx,",Infinite-dimensional manifolds
58C05,58,58Cxx,Real-valued functions on manifolds,"Global analysis, analysis on manifolds [See also 32Cxx, 32Fxx,","Calculus on manifolds; nonlinear operators [See also 46Txx, 47Hxx, 47Jxx]"
58C06,58,58Cxx,"Set-valued and function-space-valued mappings on manifolds [See also 47H04, 54C60]","Global analysis, analysis on manifolds [See also 32Cxx, 32Fxx,","Calculus on manifolds; nonlinear operators [See also 46Txx, 47Hxx, 47Jxx]"
58C07,58,58Cxx,Continuity properties of mappings on manifolds,"Global analysis, analysis on manifolds [See also 32Cxx, 32Fxx,","Calculus on manifolds; nonlinear operators [See also 46Txx, 47Hxx, 47Jxx]"
58C10,58,58Cxx,Holomorphic maps on manifolds [See also 32-XX],"Global analysis, analysis on manifolds [See also 32Cxx, 32Fxx,","Calculus on manifolds; nonlinear operators [See also 46Txx, 47Hxx, 47Jxx]"
58C15,58,58Cxx,Implicit function theorems; global Newton methods on manifolds,"Global analysis, analysis on manifolds [See also 32Cxx, 32Fxx,","Calculus on manifolds; nonlinear operators [See also 46Txx, 47Hxx, 47Jxx]"
58C20,58,58Cxx,"Differentiation theory (Gateaux, Fréchet, etc.) on manifolds [See also 26Exx, 46G05]","Global analysis, analysis on manifolds [See also 32Cxx, 32Fxx,","Calculus on manifolds; nonlinear operators [See also 46Txx, 47Hxx, 47Jxx]"
58C25,58,58Cxx,Differentiable maps on manifolds,"Global analysis, analysis on manifolds [See also 32Cxx, 32Fxx,","Calculus on manifolds; nonlinear operators [See also 46Txx, 47Hxx, 47Jxx]"
58C30,58,58Cxx,Fixed-point theorems on manifolds [See also 47H10],"Global analysis, analysis on manifolds [See also 32Cxx, 32Fxx,","Calculus on manifolds; nonlinear operators [See also 46Txx, 47Hxx, 47Jxx]"
58C35,58,58Cxx,Integration on manifolds; measures on manifolds [See also 28Cxx],"Global analysis, analysis on manifolds [See also 32Cxx, 32Fxx,","Calculus on manifolds; nonlinear operators [See also 46Txx, 47Hxx, 47Jxx]"
58C40,58,58Cxx,"Spectral theory; eigenvalue problems on manifolds [See also 47J10, 58E07]","Global analysis, analysis on manifolds [See also 32Cxx, 32Fxx,","Calculus on manifolds; nonlinear operators [See also 46Txx, 47Hxx, 47Jxx]"
58C50,58,58Cxx,Analysis on supermanifolds or graded manifolds,"Global analysis, analysis on manifolds [See also 32Cxx, 32Fxx,","Calculus on manifolds; nonlinear operators [See also 46Txx, 47Hxx, 47Jxx]"
58C99,58,58Cxx,"None of the above, but in this section","Global analysis, analysis on manifolds [See also 32Cxx, 32Fxx,","Calculus on manifolds; nonlinear operators [See also 46Txx, 47Hxx, 47Jxx]"
58D05,58,58Dxx,"Groups of diffeomorphisms and homeomorphisms as manifolds [See also 22E65, 57S05]","Global analysis, analysis on manifolds [See also 32Cxx, 32Fxx,",Spaces and manifolds of mappings (including nonlinear versions of 46Exx) [See
58D07,58,58Dxx,"Groups and semigroups of nonlinear operators [See also 17B65, 47H20]","Global analysis, analysis on manifolds [See also 32Cxx, 32Fxx,",Spaces and manifolds of mappings (including nonlinear versions of 46Exx) [See
58D10,58,58Dxx,Spaces of embeddings and immersions,"Global analysis, analysis on manifolds [See also 32Cxx, 32Fxx,",Spaces and manifolds of mappings (including nonlinear versions of 46Exx) [See
58D15,58,58Dxx,"Manifolds of mappings [See also 46T10, 54C35]","Global analysis, analysis on manifolds [See also 32Cxx, 32Fxx,",Spaces and manifolds of mappings (including nonlinear versions of 46Exx) [See
58D17,58,58Dxx,Manifolds of metrics (especially Riemannian),"Global analysis, analysis on manifolds [See also 32Cxx, 32Fxx,",Spaces and manifolds of mappings (including nonlinear versions of 46Exx) [See
58D19,58,58Dxx,Group actions and symmetry properties,"Global analysis, analysis on manifolds [See also 32Cxx, 32Fxx,",Spaces and manifolds of mappings (including nonlinear versions of 46Exx) [See
58D20,58,58Dxx,"Measures (Gaussian, cylindrical, etc.) on manifolds of maps [See also 28Cxx, 46T12]","Global analysis, analysis on manifolds [See also 32Cxx, 32Fxx,",Spaces and manifolds of mappings (including nonlinear versions of 46Exx) [See
58D25,58,58Dxx,"Equations in function spaces; evolution equations [See also 34Gxx, 35K90, 35L90, 35R15, 37Lxx, 47Jxx]","Global analysis, analysis on manifolds [See also 32Cxx, 32Fxx,",Spaces and manifolds of mappings (including nonlinear versions of 46Exx) [See
58D27,58,58Dxx,Moduli problems for differential geometric structures,"Global analysis, analysis on manifolds [See also 32Cxx, 32Fxx,",Spaces and manifolds of mappings (including nonlinear versions of 46Exx) [See
58D29,58,58Dxx,Moduli problems for topological structures,"Global analysis, analysis on manifolds [See also 32Cxx, 32Fxx,",Spaces and manifolds of mappings (including nonlinear versions of 46Exx) [See
58D30,58,58Dxx,Applications of manifolds of mappings to the sciences,"Global analysis, analysis on manifolds [See also 32Cxx, 32Fxx,",Spaces and manifolds of mappings (including nonlinear versions of 46Exx) [See
58D99,58,58Dxx,"None of the above, but in this section","Global analysis, analysis on manifolds [See also 32Cxx, 32Fxx,",Spaces and manifolds of mappings (including nonlinear versions of 46Exx) [See
58E05,58,58Exx,"Abstract critical point theory (Morse theory, Lyusternik-Shnirel’man theory, etc.) in infinite-dimensional","Global analysis, analysis on manifolds [See also 32Cxx, 32Fxx,",Variational problems in infinite-dimensional spaces
58E07,58,58Exx,Variational problems in abstract bifurcation theory in infinite-dimensional spaces,"Global analysis, analysis on manifolds [See also 32Cxx, 32Fxx,",Variational problems in infinite-dimensional spaces
58E09,58,58Exx,Group-invariant bifurcation theory in infinite-dimensional spaces,"Global analysis, analysis on manifolds [See also 32Cxx, 32Fxx,",Variational problems in infinite-dimensional spaces
58E10,58,58Exx,Variational problems in applications to the theory of geodesics (problems in one independent variable),"Global analysis, analysis on manifolds [See also 32Cxx, 32Fxx,",Variational problems in infinite-dimensional spaces
58E11,58,58Exx,Critical metrics,"Global analysis, analysis on manifolds [See also 32Cxx, 32Fxx,",Variational problems in infinite-dimensional spaces
58E12,58,58Exx,Variational problems concerning minimal surfaces (problems in two independent variables) [See also 49Q05],"Global analysis, analysis on manifolds [See also 32Cxx, 32Fxx,",Variational problems in infinite-dimensional spaces
58E15,58,58Exx,Variational problems concerning extremal problems in several variables; Yang-Mills functionals [See also,"Global analysis, analysis on manifolds [See also 32Cxx, 32Fxx,",Variational problems in infinite-dimensional spaces
58E17,58,58Exx,"Multiobjective variational problems, Pareto optimality, applications to economics, etc. [See also 90C29,","Global analysis, analysis on manifolds [See also 32Cxx, 32Fxx,",Variational problems in infinite-dimensional spaces
58E20,58,58Exx,"Harmonic maps, etc. [See also 53C43]","Global analysis, analysis on manifolds [See also 32Cxx, 32Fxx,",Variational problems in infinite-dimensional spaces
58E25,58,58Exx,"Applications of variational problems to control theory [See also 49-XX, 93-XX]","Global analysis, analysis on manifolds [See also 32Cxx, 32Fxx,",Variational problems in infinite-dimensional spaces
58E30,58,58Exx,Variational principles in infinite-dimensional spaces,"Global analysis, analysis on manifolds [See also 32Cxx, 32Fxx,",Variational problems in infinite-dimensional spaces
58E35,58,58Exx,Variational inequalities (global problems) in infinite-dimensional spaces,"Global analysis, analysis on manifolds [See also 32Cxx, 32Fxx,",Variational problems in infinite-dimensional spaces
58E40,58,58Exx,Variational aspects of group actions in infinite-dimensional spaces,"Global analysis, analysis on manifolds [See also 32Cxx, 32Fxx,",Variational problems in infinite-dimensional spaces
58E50,58,58Exx,Applications of variational problems in infinite-dimensional spaces to the sciences,"Global analysis, analysis on manifolds [See also 32Cxx, 32Fxx,",Variational problems in infinite-dimensional spaces
58E99,58,58Exx,"None of the above, but in this section","Global analysis, analysis on manifolds [See also 32Cxx, 32Fxx,",Variational problems in infinite-dimensional spaces
58H05,58,58Hxx,"Pseudogroups and differentiable groupoids [See also 22A22, 22E65]","Global analysis, analysis on manifolds [See also 32Cxx, 32Fxx,","Pseudogroups, differentiable groupoids and general structures on manifolds"
58H10,58,58Hxx,"Cohomology of classifying spaces for pseudogroup structures (Spencer, Gelfand-Fuks, etc.) [See also 57R32]","Global analysis, analysis on manifolds [See also 32Cxx, 32Fxx,","Pseudogroups, differentiable groupoids and general structures on manifolds"
58H15,58,58Hxx,"Deformations of general structures on manifolds [See also 32Gxx, 58J10]","Global analysis, analysis on manifolds [See also 32Cxx, 32Fxx,","Pseudogroups, differentiable groupoids and general structures on manifolds"
58H99,58,58Hxx,"None of the above, but in this section","Global analysis, analysis on manifolds [See also 32Cxx, 32Fxx,","Pseudogroups, differentiable groupoids and general structures on manifolds"
58J05,58,58Jxx,"Elliptic equations on manifolds, general theory [See also 35Jxx]","Global analysis, analysis on manifolds [See also 32Cxx, 32Fxx,",Partial differential equations on manifolds; differential operators [See also
58J10,58,58Jxx,Differential complexes [See also 35Nxx]; elliptic complexes,"Global analysis, analysis on manifolds [See also 32Cxx, 32Fxx,",Partial differential equations on manifolds; differential operators [See also
58J15,58,58Jxx,Relations of PDEs on manifolds with hyperfunctions,"Global analysis, analysis on manifolds [See also 32Cxx, 32Fxx,",Partial differential equations on manifolds; differential operators [See also
58J20,58,58Jxx,"Index theory and related fixed-point theorems on manifolds [See also 19K56, 46L80]","Global analysis, analysis on manifolds [See also 32Cxx, 32Fxx,",Partial differential equations on manifolds; differential operators [See also
58J22,58,58Jxx,"Exotic index theories on manifolds [See also 19K56, 46L05, 46L10, 46L80, 46M20]","Global analysis, analysis on manifolds [See also 32Cxx, 32Fxx,",Partial differential equations on manifolds; differential operators [See also
58J26,58,58Jxx,Elliptic genera,"Global analysis, analysis on manifolds [See also 32Cxx, 32Fxx,",Partial differential equations on manifolds; differential operators [See also
58J28,58,58Jxx,"Eta-invariants, Chern-Simons invariants","Global analysis, analysis on manifolds [See also 32Cxx, 32Fxx,",Partial differential equations on manifolds; differential operators [See also
58J30,58,58Jxx,Spectral flows,"Global analysis, analysis on manifolds [See also 32Cxx, 32Fxx,",Partial differential equations on manifolds; differential operators [See also
58J32,58,58Jxx,Boundary value problems on manifolds,"Global analysis, analysis on manifolds [See also 32Cxx, 32Fxx,",Partial differential equations on manifolds; differential operators [See also
58J35,58,58Jxx,Heat and other parabolic equation methods for PDEs on manifolds,"Global analysis, analysis on manifolds [See also 32Cxx, 32Fxx,",Partial differential equations on manifolds; differential operators [See also
58J37,58,58Jxx,Perturbations of PDEs on manifolds; asymptotics,"Global analysis, analysis on manifolds [See also 32Cxx, 32Fxx,",Partial differential equations on manifolds; differential operators [See also
58J40,58,58Jxx,Pseudodifferential and Fourier integral operators on manifolds [See also 35Sxx],"Global analysis, analysis on manifolds [See also 32Cxx, 32Fxx,",Partial differential equations on manifolds; differential operators [See also
58J42,58,58Jxx,"Noncommutative global analysis, noncommutative residues","Global analysis, analysis on manifolds [See also 32Cxx, 32Fxx,",Partial differential equations on manifolds; differential operators [See also
58J45,58,58Jxx,Hyperbolic equations on manifolds [See also 35Lxx],"Global analysis, analysis on manifolds [See also 32Cxx, 32Fxx,",Partial differential equations on manifolds; differential operators [See also
58J47,58,58Jxx,Propagation of singularities; initial value problems on manifolds,"Global analysis, analysis on manifolds [See also 32Cxx, 32Fxx,",Partial differential equations on manifolds; differential operators [See also
58J50,58,58Jxx,Spectral problems; spectral geometry; scattering theory on manifolds [See also 35Pxx],"Global analysis, analysis on manifolds [See also 32Cxx, 32Fxx,",Partial differential equations on manifolds; differential operators [See also
58J51,58,58Jxx,"Relations between spectral theory and ergodic theory, e.g., quantum unique ergodicity","Global analysis, analysis on manifolds [See also 32Cxx, 32Fxx,",Partial differential equations on manifolds; differential operators [See also
58J52,58,58Jxx,"Determinants and determinant bundles, analytic torsion","Global analysis, analysis on manifolds [See also 32Cxx, 32Fxx,",Partial differential equations on manifolds; differential operators [See also
58J53,58,58Jxx,Isospectrality,"Global analysis, analysis on manifolds [See also 32Cxx, 32Fxx,",Partial differential equations on manifolds; differential operators [See also
58J55,58,58Jxx,Bifurcation theory for PDEs on manifolds [See also 35B32],"Global analysis, analysis on manifolds [See also 32Cxx, 32Fxx,",Partial differential equations on manifolds; differential operators [See also
58J60,58,58Jxx,"Relations of PDEs with special manifold structures (Riemannian, Finsler, etc.)","Global analysis, analysis on manifolds [See also 32Cxx, 32Fxx,",Partial differential equations on manifolds; differential operators [See also
58J65,58,58Jxx,"Diffusion processes and stochastic analysis on manifolds [See also 35R60, 60H10, 60J60]","Global analysis, analysis on manifolds [See also 32Cxx, 32Fxx,",Partial differential equations on manifolds; differential operators [See also
58J70,58,58Jxx,Invariance and symmetry properties for PDEs on manifolds [See also 35A30],"Global analysis, analysis on manifolds [See also 32Cxx, 32Fxx,",Partial differential equations on manifolds; differential operators [See also
58J72,58,58Jxx,"Correspondences and other transformation methods (e.g., Lie-Bäcklund) for PDEs on manifolds [See also","Global analysis, analysis on manifolds [See also 32Cxx, 32Fxx,",Partial differential equations on manifolds; differential operators [See also
58J90,58,58Jxx,Applications of PDEs on manifolds,"Global analysis, analysis on manifolds [See also 32Cxx, 32Fxx,",Partial differential equations on manifolds; differential operators [See also
58J99,58,58Jxx,"None of the above, but in this section","Global analysis, analysis on manifolds [See also 32Cxx, 32Fxx,",Partial differential equations on manifolds; differential operators [See also
58K05,58,58Kxx,Critical points of functions and mappings on manifolds,"Global analysis, analysis on manifolds [See also 32Cxx, 32Fxx,","Theory of singularities and catastrophe theory [See also 32Sxx, 37-XX]"
58K10,58,58Kxx,Monodromy on manifolds,"Global analysis, analysis on manifolds [See also 32Cxx, 32Fxx,","Theory of singularities and catastrophe theory [See also 32Sxx, 37-XX]"
58K15,58,58Kxx,Topological properties of mappings on manifolds,"Global analysis, analysis on manifolds [See also 32Cxx, 32Fxx,","Theory of singularities and catastrophe theory [See also 32Sxx, 37-XX]"
58K20,58,58Kxx,Algebraic and analytic properties of mappings on manifolds,"Global analysis, analysis on manifolds [See also 32Cxx, 32Fxx,","Theory of singularities and catastrophe theory [See also 32Sxx, 37-XX]"
58K25,58,58Kxx,Stability theory for manifolds,"Global analysis, analysis on manifolds [See also 32Cxx, 32Fxx,","Theory of singularities and catastrophe theory [See also 32Sxx, 37-XX]"
58K30,58,58Kxx,Global theory of singularities,"Global analysis, analysis on manifolds [See also 32Cxx, 32Fxx,","Theory of singularities and catastrophe theory [See also 32Sxx, 37-XX]"
58K35,58,58Kxx,Catastrophe theory,"Global analysis, analysis on manifolds [See also 32Cxx, 32Fxx,","Theory of singularities and catastrophe theory [See also 32Sxx, 37-XX]"
58K40,58,58Kxx,Classification; finite determinacy of map germs,"Global analysis, analysis on manifolds [See also 32Cxx, 32Fxx,","Theory of singularities and catastrophe theory [See also 32Sxx, 37-XX]"
58K45,58,58Kxx,"Singularities of vector fields, topological aspects","Global analysis, analysis on manifolds [See also 32Cxx, 32Fxx,","Theory of singularities and catastrophe theory [See also 32Sxx, 37-XX]"
58K50,58,58Kxx,Normal forms on manifolds,"Global analysis, analysis on manifolds [See also 32Cxx, 32Fxx,","Theory of singularities and catastrophe theory [See also 32Sxx, 37-XX]"
58K55,58,58Kxx,Asymptotic behavior of solutions to equations on manifolds,"Global analysis, analysis on manifolds [See also 32Cxx, 32Fxx,","Theory of singularities and catastrophe theory [See also 32Sxx, 37-XX]"
58K60,58,58Kxx,Deformation of singularities,"Global analysis, analysis on manifolds [See also 32Cxx, 32Fxx,","Theory of singularities and catastrophe theory [See also 32Sxx, 37-XX]"
58K65,58,58Kxx,Topological invariants on manifolds,"Global analysis, analysis on manifolds [See also 32Cxx, 32Fxx,","Theory of singularities and catastrophe theory [See also 32Sxx, 37-XX]"
58K70,58,58Kxx,"Symmetries, equivariance on manifolds","Global analysis, analysis on manifolds [See also 32Cxx, 32Fxx,","Theory of singularities and catastrophe theory [See also 32Sxx, 37-XX]"
58K99,58,58Kxx,"None of the above, but in this section","Global analysis, analysis on manifolds [See also 32Cxx, 32Fxx,","Theory of singularities and catastrophe theory [See also 32Sxx, 37-XX]"
58Z05,58,58Zxx,Applications of global analysis to the sciences,"Global analysis, analysis on manifolds [See also 32Cxx, 32Fxx,",Applications of global analysis to the sciences
58Z99,58,58Zxx,"None of the above, but in this section","Global analysis, analysis on manifolds [See also 32Cxx, 32Fxx,",Applications of global analysis to the sciences
60A05,60,60Axx,Axioms; other general questions in probability,"Probability theory and stochastic processes {For additional applications, see 05Cxx, 11Kxx, 34-XX, 35-XX, 62-XX, 76-XX, 81-XX,",Foundations of probability theory
60A10,60,60Axx,"Probabilistic measure theory {For ergodic theory, see 28Dxx, 60Fxx}","Probability theory and stochastic processes {For additional applications, see 05Cxx, 11Kxx, 34-XX, 35-XX, 62-XX, 76-XX, 81-XX,",Foundations of probability theory
60A86,60,60Axx,Fuzzy probability,"Probability theory and stochastic processes {For additional applications, see 05Cxx, 11Kxx, 34-XX, 35-XX, 62-XX, 76-XX, 81-XX,",Foundations of probability theory
60A99,60,60Axx,"None of the above, but in this section","Probability theory and stochastic processes {For additional applications, see 05Cxx, 11Kxx, 34-XX, 35-XX, 62-XX, 76-XX, 81-XX,",Foundations of probability theory
60B05,60,60Bxx,Probability measures on topological spaces,"Probability theory and stochastic processes {For additional applications, see 05Cxx, 11Kxx, 34-XX, 35-XX, 62-XX, 76-XX, 81-XX,",Probability theory on algebraic and topological structures
60B10,60,60Bxx,Convergence of probability measures,"Probability theory and stochastic processes {For additional applications, see 05Cxx, 11Kxx, 34-XX, 35-XX, 62-XX, 76-XX, 81-XX,",Probability theory on algebraic and topological structures
60B11,60,60Bxx,Probability theory on linear topological spaces [See also 28C20],"Probability theory and stochastic processes {For additional applications, see 05Cxx, 11Kxx, 34-XX, 35-XX, 62-XX, 76-XX, 81-XX,",Probability theory on algebraic and topological structures
60B12,60,60Bxx,Limit theorems for vector-valued random variables (infinite-dimensional case),"Probability theory and stochastic processes {For additional applications, see 05Cxx, 11Kxx, 34-XX, 35-XX, 62-XX, 76-XX, 81-XX,",Probability theory on algebraic and topological structures
60B15,60,60Bxx,"Probability measures on groups or semigroups, Fourier transforms, factorization","Probability theory and stochastic processes {For additional applications, see 05Cxx, 11Kxx, 34-XX, 35-XX, 62-XX, 76-XX, 81-XX,",Probability theory on algebraic and topological structures
60B20,60,60Bxx,"Random matrices (probabilistic aspects) {For algebraic aspects, see 15B52}","Probability theory and stochastic processes {For additional applications, see 05Cxx, 11Kxx, 34-XX, 35-XX, 62-XX, 76-XX, 81-XX,",Probability theory on algebraic and topological structures
60B99,60,60Bxx,"None of the above, but in this section","Probability theory and stochastic processes {For additional applications, see 05Cxx, 11Kxx, 34-XX, 35-XX, 62-XX, 76-XX, 81-XX,",Probability theory on algebraic and topological structures
60C05,60,60Cxx,Combinatorial probability,"Probability theory and stochastic processes {For additional applications, see 05Cxx, 11Kxx, 34-XX, 35-XX, 62-XX, 76-XX, 81-XX,",Combinatorial probability
60C99,60,60Cxx,"None of the above, but in this section","Probability theory and stochastic processes {For additional applications, see 05Cxx, 11Kxx, 34-XX, 35-XX, 62-XX, 76-XX, 81-XX,",Combinatorial probability
60D05,60,60Dxx,"Geometric probability and stochastic geometry [See also 52A22, 53C65]","Probability theory and stochastic processes {For additional applications, see 05Cxx, 11Kxx, 34-XX, 35-XX, 62-XX, 76-XX, 81-XX,","Geometric probability and stochastic geometry [See also 52A22, 53C65]"
60D99,60,60Dxx,"None of the above, but in this section","Probability theory and stochastic processes {For additional applications, see 05Cxx, 11Kxx, 34-XX, 35-XX, 62-XX, 76-XX, 81-XX,","Geometric probability and stochastic geometry [See also 52A22, 53C65]"
60E05,60,60Exx,Probability distributions: general theory,"Probability theory and stochastic processes {For additional applications, see 05Cxx, 11Kxx, 34-XX, 35-XX, 62-XX, 76-XX, 81-XX,","Distribution theory [See also 62Exx, 62Hxx]"
60E07,60,60Exx,Infinitely divisible distributions; stable distributions,"Probability theory and stochastic processes {For additional applications, see 05Cxx, 11Kxx, 34-XX, 35-XX, 62-XX, 76-XX, 81-XX,","Distribution theory [See also 62Exx, 62Hxx]"
60E10,60,60Exx,Characteristic functions; other transforms,"Probability theory and stochastic processes {For additional applications, see 05Cxx, 11Kxx, 34-XX, 35-XX, 62-XX, 76-XX, 81-XX,","Distribution theory [See also 62Exx, 62Hxx]"
60E15,60,60Exx,Inequalities; stochastic orderings,"Probability theory and stochastic processes {For additional applications, see 05Cxx, 11Kxx, 34-XX, 35-XX, 62-XX, 76-XX, 81-XX,","Distribution theory [See also 62Exx, 62Hxx]"
60E99,60,60Exx,"None of the above, but in this section","Probability theory and stochastic processes {For additional applications, see 05Cxx, 11Kxx, 34-XX, 35-XX, 62-XX, 76-XX, 81-XX,","Distribution theory [See also 62Exx, 62Hxx]"
60F05,60,60Fxx,Central limit and other weak theorems,"Probability theory and stochastic processes {For additional applications, see 05Cxx, 11Kxx, 34-XX, 35-XX, 62-XX, 76-XX, 81-XX,","Limit theorems in probability theory [See also 28Dxx, 60B12]"
60F10,60,60Fxx,Large deviations,"Probability theory and stochastic processes {For additional applications, see 05Cxx, 11Kxx, 34-XX, 35-XX, 62-XX, 76-XX, 81-XX,","Limit theorems in probability theory [See also 28Dxx, 60B12]"
60F15,60,60Fxx,Strong limit theorems,"Probability theory and stochastic processes {For additional applications, see 05Cxx, 11Kxx, 34-XX, 35-XX, 62-XX, 76-XX, 81-XX,","Limit theorems in probability theory [See also 28Dxx, 60B12]"
60F17,60,60Fxx,Functional limit theorems; invariance principles,"Probability theory and stochastic processes {For additional applications, see 05Cxx, 11Kxx, 34-XX, 35-XX, 62-XX, 76-XX, 81-XX,","Limit theorems in probability theory [See also 28Dxx, 60B12]"
60F20,60,60Fxx,Zero-one laws,"Probability theory and stochastic processes {For additional applications, see 05Cxx, 11Kxx, 34-XX, 35-XX, 62-XX, 76-XX, 81-XX,","Limit theorems in probability theory [See also 28Dxx, 60B12]"
60F25,60,60Fxx,Lp -limit theorems,"Probability theory and stochastic processes {For additional applications, see 05Cxx, 11Kxx, 34-XX, 35-XX, 62-XX, 76-XX, 81-XX,","Limit theorems in probability theory [See also 28Dxx, 60B12]"
60F99,60,60Fxx,"None of the above, but in this section","Probability theory and stochastic processes {For additional applications, see 05Cxx, 11Kxx, 34-XX, 35-XX, 62-XX, 76-XX, 81-XX,","Limit theorems in probability theory [See also 28Dxx, 60B12]"
60G05,60,60Gxx,Foundations of stochastic processes,"Probability theory and stochastic processes {For additional applications, see 05Cxx, 11Kxx, 34-XX, 35-XX, 62-XX, 76-XX, 81-XX,",Stochastic processes
60G07,60,60Gxx,General theory of stochastic processes,"Probability theory and stochastic processes {For additional applications, see 05Cxx, 11Kxx, 34-XX, 35-XX, 62-XX, 76-XX, 81-XX,",Stochastic processes
60G09,60,60Gxx,Exchangeability for stochastic processes,"Probability theory and stochastic processes {For additional applications, see 05Cxx, 11Kxx, 34-XX, 35-XX, 62-XX, 76-XX, 81-XX,",Stochastic processes
60G10,60,60Gxx,Stationary stochastic processes,"Probability theory and stochastic processes {For additional applications, see 05Cxx, 11Kxx, 34-XX, 35-XX, 62-XX, 76-XX, 81-XX,",Stochastic processes
60G12,60,60Gxx,General second-order stochastic processes,"Probability theory and stochastic processes {For additional applications, see 05Cxx, 11Kxx, 34-XX, 35-XX, 62-XX, 76-XX, 81-XX,",Stochastic processes
60G15,60,60Gxx,Gaussian processes,"Probability theory and stochastic processes {For additional applications, see 05Cxx, 11Kxx, 34-XX, 35-XX, 62-XX, 76-XX, 81-XX,",Stochastic processes
60G17,60,60Gxx,Sample path properties,"Probability theory and stochastic processes {For additional applications, see 05Cxx, 11Kxx, 34-XX, 35-XX, 62-XX, 76-XX, 81-XX,",Stochastic processes
60G18,60,60Gxx,Self-similar stochastic processes,"Probability theory and stochastic processes {For additional applications, see 05Cxx, 11Kxx, 34-XX, 35-XX, 62-XX, 76-XX, 81-XX,",Stochastic processes
60G20,60,60Gxx,Generalized stochastic processes,"Probability theory and stochastic processes {For additional applications, see 05Cxx, 11Kxx, 34-XX, 35-XX, 62-XX, 76-XX, 81-XX,",Stochastic processes
60G22,60,60Gxx,"Fractional processes, including fractional Brownian motion","Probability theory and stochastic processes {For additional applications, see 05Cxx, 11Kxx, 34-XX, 35-XX, 62-XX, 76-XX, 81-XX,",Stochastic processes
60G25,60,60Gxx,Prediction theory (aspects of stochastic processes) [See also 62M20],"Probability theory and stochastic processes {For additional applications, see 05Cxx, 11Kxx, 34-XX, 35-XX, 62-XX, 76-XX, 81-XX,",Stochastic processes
60G30,60,60Gxx,Continuity and singularity of induced measures,"Probability theory and stochastic processes {For additional applications, see 05Cxx, 11Kxx, 34-XX, 35-XX, 62-XX, 76-XX, 81-XX,",Stochastic processes
60G35,60,60Gxx,"Signal detection and filtering (aspects of stochastic processes) [See also 62M20, 93E10, 93E11, 94Axx]","Probability theory and stochastic processes {For additional applications, see 05Cxx, 11Kxx, 34-XX, 35-XX, 62-XX, 76-XX, 81-XX,",Stochastic processes
60G40,60,60Gxx,"Stopping times; optimal stopping problems; gambling theory [See also 62L15, 91A60]","Probability theory and stochastic processes {For additional applications, see 05Cxx, 11Kxx, 34-XX, 35-XX, 62-XX, 76-XX, 81-XX,",Stochastic processes
60G42,60,60Gxx,Martingales with discrete parameter,"Probability theory and stochastic processes {For additional applications, see 05Cxx, 11Kxx, 34-XX, 35-XX, 62-XX, 76-XX, 81-XX,",Stochastic processes
60G44,60,60Gxx,Martingales with continuous parameter,"Probability theory and stochastic processes {For additional applications, see 05Cxx, 11Kxx, 34-XX, 35-XX, 62-XX, 76-XX, 81-XX,",Stochastic processes
60G46,60,60Gxx,Martingales and classical analysis,"Probability theory and stochastic processes {For additional applications, see 05Cxx, 11Kxx, 34-XX, 35-XX, 62-XX, 76-XX, 81-XX,",Stochastic processes
60G48,60,60Gxx,Generalizations of martingales,"Probability theory and stochastic processes {For additional applications, see 05Cxx, 11Kxx, 34-XX, 35-XX, 62-XX, 76-XX, 81-XX,",Stochastic processes
60G50,60,60Gxx,Sums of independent random variables; random walks,"Probability theory and stochastic processes {For additional applications, see 05Cxx, 11Kxx, 34-XX, 35-XX, 62-XX, 76-XX, 81-XX,",Stochastic processes
60G51,60,60Gxx,Processes with independent increments; Lévy processes,"Probability theory and stochastic processes {For additional applications, see 05Cxx, 11Kxx, 34-XX, 35-XX, 62-XX, 76-XX, 81-XX,",Stochastic processes
60G52,60,60Gxx,Stable stochastic processes,"Probability theory and stochastic processes {For additional applications, see 05Cxx, 11Kxx, 34-XX, 35-XX, 62-XX, 76-XX, 81-XX,",Stochastic processes
60G53,60,60Gxx,Feller processes,"Probability theory and stochastic processes {For additional applications, see 05Cxx, 11Kxx, 34-XX, 35-XX, 62-XX, 76-XX, 81-XX,",Stochastic processes
60G55,60,60Gxx,"Point processes (e.g., Poisson, Cox, Hawkes processes)","Probability theory and stochastic processes {For additional applications, see 05Cxx, 11Kxx, 34-XX, 35-XX, 62-XX, 76-XX, 81-XX,",Stochastic processes
60G57,60,60Gxx,Random measures,"Probability theory and stochastic processes {For additional applications, see 05Cxx, 11Kxx, 34-XX, 35-XX, 62-XX, 76-XX, 81-XX,",Stochastic processes
60G60,60,60Gxx,Random fields,"Probability theory and stochastic processes {For additional applications, see 05Cxx, 11Kxx, 34-XX, 35-XX, 62-XX, 76-XX, 81-XX,",Stochastic processes
60G65,60,60Gxx,"Nonlinear processes (e.g., G-Brownian motion, G-Lévy processes)","Probability theory and stochastic processes {For additional applications, see 05Cxx, 11Kxx, 34-XX, 35-XX, 62-XX, 76-XX, 81-XX,",Stochastic processes
60G70,60,60Gxx,Extreme value theory; extremal stochastic processes,"Probability theory and stochastic processes {For additional applications, see 05Cxx, 11Kxx, 34-XX, 35-XX, 62-XX, 76-XX, 81-XX,",Stochastic processes
60G99,60,60Gxx,"None of the above, but in this section","Probability theory and stochastic processes {For additional applications, see 05Cxx, 11Kxx, 34-XX, 35-XX, 62-XX, 76-XX, 81-XX,",Stochastic processes
60H05,60,60Hxx,Stochastic integrals,"Probability theory and stochastic processes {For additional applications, see 05Cxx, 11Kxx, 34-XX, 35-XX, 62-XX, 76-XX, 81-XX,",Stochastic analysis [See also 58J65]
60H07,60,60Hxx,Stochastic calculus of variations and the Malliavin calculus,"Probability theory and stochastic processes {For additional applications, see 05Cxx, 11Kxx, 34-XX, 35-XX, 62-XX, 76-XX, 81-XX,",Stochastic analysis [See also 58J65]
60H10,60,60Hxx,Stochastic ordinary differential equations (aspects of stochastic analysis) [See also 34F05],"Probability theory and stochastic processes {For additional applications, see 05Cxx, 11Kxx, 34-XX, 35-XX, 62-XX, 76-XX, 81-XX,",Stochastic analysis [See also 58J65]
60H15,60,60Hxx,Stochastic partial differential equations (aspects of stochastic analysis) [See also 35R60],"Probability theory and stochastic processes {For additional applications, see 05Cxx, 11Kxx, 34-XX, 35-XX, 62-XX, 76-XX, 81-XX,",Stochastic analysis [See also 58J65]
60H17,60,60Hxx,Singular stochastic partial differential equations,"Probability theory and stochastic processes {For additional applications, see 05Cxx, 11Kxx, 34-XX, 35-XX, 62-XX, 76-XX, 81-XX,",Stochastic analysis [See also 58J65]
60H20,60,60Hxx,Stochastic integral equations,"Probability theory and stochastic processes {For additional applications, see 05Cxx, 11Kxx, 34-XX, 35-XX, 62-XX, 76-XX, 81-XX,",Stochastic analysis [See also 58J65]
60H25,60,60Hxx,Random operators and equations (aspects of stochastic analysis) [See also 47B80],"Probability theory and stochastic processes {For additional applications, see 05Cxx, 11Kxx, 34-XX, 35-XX, 62-XX, 76-XX, 81-XX,",Stochastic analysis [See also 58J65]
60H30,60,60Hxx,"Applications of stochastic analysis (to PDEs, etc.)","Probability theory and stochastic processes {For additional applications, see 05Cxx, 11Kxx, 34-XX, 35-XX, 62-XX, 76-XX, 81-XX,",Stochastic analysis [See also 58J65]
60H35,60,60Hxx,Computational methods for stochastic equations (aspects of stochastic analysis) [See also 65C30],"Probability theory and stochastic processes {For additional applications, see 05Cxx, 11Kxx, 34-XX, 35-XX, 62-XX, 76-XX, 81-XX,",Stochastic analysis [See also 58J65]
60H40,60,60Hxx,White noise theory,"Probability theory and stochastic processes {For additional applications, see 05Cxx, 11Kxx, 34-XX, 35-XX, 62-XX, 76-XX, 81-XX,",Stochastic analysis [See also 58J65]
60H50,60,60Hxx,Regularization by noise,"Probability theory and stochastic processes {For additional applications, see 05Cxx, 11Kxx, 34-XX, 35-XX, 62-XX, 76-XX, 81-XX,",Stochastic analysis [See also 58J65]
60H99,60,60Hxx,"None of the above, but in this section","Probability theory and stochastic processes {For additional applications, see 05Cxx, 11Kxx, 34-XX, 35-XX, 62-XX, 76-XX, 81-XX,",Stochastic analysis [See also 58J65]
60J05,60,60Jxx,Discrete-time Markov processes on general state spaces,"Probability theory and stochastic processes {For additional applications, see 05Cxx, 11Kxx, 34-XX, 35-XX, 62-XX, 76-XX, 81-XX,",Markov processes
60J10,60,60Jxx,Markov chains (discrete-time Markov processes on discrete state spaces),"Probability theory and stochastic processes {For additional applications, see 05Cxx, 11Kxx, 34-XX, 35-XX, 62-XX, 76-XX, 81-XX,",Markov processes
60J20,60,60Jxx,"Applications of Markov chains and discrete-time Markov processes on general state spaces (social mobility,","Probability theory and stochastic processes {For additional applications, see 05Cxx, 11Kxx, 34-XX, 35-XX, 62-XX, 76-XX, 81-XX,",Markov processes
60J22,60,60Jxx,Computational methods in Markov chains [See also 65C40],"Probability theory and stochastic processes {For additional applications, see 05Cxx, 11Kxx, 34-XX, 35-XX, 62-XX, 76-XX, 81-XX,",Markov processes
60J25,60,60Jxx,Continuous-time Markov processes on general state spaces,"Probability theory and stochastic processes {For additional applications, see 05Cxx, 11Kxx, 34-XX, 35-XX, 62-XX, 76-XX, 81-XX,",Markov processes
60J27,60,60Jxx,Continuous-time Markov processes on discrete state spaces,"Probability theory and stochastic processes {For additional applications, see 05Cxx, 11Kxx, 34-XX, 35-XX, 62-XX, 76-XX, 81-XX,",Markov processes
60J28,60,60Jxx,Applications of continuous-time Markov processes on discrete state spaces,"Probability theory and stochastic processes {For additional applications, see 05Cxx, 11Kxx, 34-XX, 35-XX, 62-XX, 76-XX, 81-XX,",Markov processes
60J35,60,60Jxx,"Transition functions, generators and resolvents [See also 47D03, 47D07]","Probability theory and stochastic processes {For additional applications, see 05Cxx, 11Kxx, 34-XX, 35-XX, 62-XX, 76-XX, 81-XX,",Markov processes
60J40,60,60Jxx,Right processes,"Probability theory and stochastic processes {For additional applications, see 05Cxx, 11Kxx, 34-XX, 35-XX, 62-XX, 76-XX, 81-XX,",Markov processes
60J45,60,60Jxx,"Probabilistic potential theory [See also 31Cxx, 31D05]","Probability theory and stochastic processes {For additional applications, see 05Cxx, 11Kxx, 34-XX, 35-XX, 62-XX, 76-XX, 81-XX,",Markov processes
60J46,60,60Jxx,Dirichlet form methods in Markov processes,"Probability theory and stochastic processes {For additional applications, see 05Cxx, 11Kxx, 34-XX, 35-XX, 62-XX, 76-XX, 81-XX,",Markov processes
60J50,60,60Jxx,Boundary theory for Markov processes,"Probability theory and stochastic processes {For additional applications, see 05Cxx, 11Kxx, 34-XX, 35-XX, 62-XX, 76-XX, 81-XX,",Markov processes
60J55,60,60Jxx,Local time and additive functionals,"Probability theory and stochastic processes {For additional applications, see 05Cxx, 11Kxx, 34-XX, 35-XX, 62-XX, 76-XX, 81-XX,",Markov processes
60J57,60,60Jxx,Multiplicative functionals and Markov processes,"Probability theory and stochastic processes {For additional applications, see 05Cxx, 11Kxx, 34-XX, 35-XX, 62-XX, 76-XX, 81-XX,",Markov processes
60J60,60,60Jxx,Diffusion processes [See also 58J65],"Probability theory and stochastic processes {For additional applications, see 05Cxx, 11Kxx, 34-XX, 35-XX, 62-XX, 76-XX, 81-XX,",Markov processes
60J65,60,60Jxx,Brownian motion [See also 58J65],"Probability theory and stochastic processes {For additional applications, see 05Cxx, 11Kxx, 34-XX, 35-XX, 62-XX, 76-XX, 81-XX,",Markov processes
60J67,60,60Jxx,Stochastic (Schramm-)Loewner evolution (SLE),"Probability theory and stochastic processes {For additional applications, see 05Cxx, 11Kxx, 34-XX, 35-XX, 62-XX, 76-XX, 81-XX,",Markov processes
60J68,60,60Jxx,Superprocesses,"Probability theory and stochastic processes {For additional applications, see 05Cxx, 11Kxx, 34-XX, 35-XX, 62-XX, 76-XX, 81-XX,",Markov processes
60J70,60,60Jxx,"Applications of Brownian motions and diffusion theory (population genetics, absorption problems, etc.) [See","Probability theory and stochastic processes {For additional applications, see 05Cxx, 11Kxx, 34-XX, 35-XX, 62-XX, 76-XX, 81-XX,",Markov processes
60J74,60,60Jxx,Jump processes on discrete state spaces,"Probability theory and stochastic processes {For additional applications, see 05Cxx, 11Kxx, 34-XX, 35-XX, 62-XX, 76-XX, 81-XX,",Markov processes
60J76,60,60Jxx,Jump processes on general state spaces,"Probability theory and stochastic processes {For additional applications, see 05Cxx, 11Kxx, 34-XX, 35-XX, 62-XX, 76-XX, 81-XX,",Markov processes
60J80,60,60Jxx,"Branching processes (Galton-Watson, birth-and-death, etc.)","Probability theory and stochastic processes {For additional applications, see 05Cxx, 11Kxx, 34-XX, 35-XX, 62-XX, 76-XX, 81-XX,",Markov processes
60J85,60,60Jxx,Applications of branching processes [See also 92Dxx],"Probability theory and stochastic processes {For additional applications, see 05Cxx, 11Kxx, 34-XX, 35-XX, 62-XX, 76-XX, 81-XX,",Markov processes
60J90,60,60Jxx,Coalescent processes,"Probability theory and stochastic processes {For additional applications, see 05Cxx, 11Kxx, 34-XX, 35-XX, 62-XX, 76-XX, 81-XX,",Markov processes
60J95,60,60Jxx,Applications of coalescent processes [See also 92Dxx],"Probability theory and stochastic processes {For additional applications, see 05Cxx, 11Kxx, 34-XX, 35-XX, 62-XX, 76-XX, 81-XX,",Markov processes
60J99,60,60Jxx,"None of the above, but in this section","Probability theory and stochastic processes {For additional applications, see 05Cxx, 11Kxx, 34-XX, 35-XX, 62-XX, 76-XX, 81-XX,",Markov processes
60K05,60,60Kxx,Renewal theory,"Probability theory and stochastic processes {For additional applications, see 05Cxx, 11Kxx, 34-XX, 35-XX, 62-XX, 76-XX, 81-XX,",Special processes
60K10,60,60Kxx,"Applications of renewal theory (reliability, demand theory, etc.)","Probability theory and stochastic processes {For additional applications, see 05Cxx, 11Kxx, 34-XX, 35-XX, 62-XX, 76-XX, 81-XX,",Special processes
60K15,60,60Kxx,"Markov renewal processes, semi-Markov processes","Probability theory and stochastic processes {For additional applications, see 05Cxx, 11Kxx, 34-XX, 35-XX, 62-XX, 76-XX, 81-XX,",Special processes
60K20,60,60Kxx,"Applications of Markov renewal processes (reliability, queueing networks, etc.) [See also 90Bxx]","Probability theory and stochastic processes {For additional applications, see 05Cxx, 11Kxx, 34-XX, 35-XX, 62-XX, 76-XX, 81-XX,",Special processes
60K25,60,60Kxx,"Queueing theory (aspects of probability theory) [See also 68M20, 90B22]","Probability theory and stochastic processes {For additional applications, see 05Cxx, 11Kxx, 34-XX, 35-XX, 62-XX, 76-XX, 81-XX,",Special processes
60K30,60,60Kxx,"Applications of queueing theory (congestion, allocation, storage, traffic, etc.) [See also 90Bxx]","Probability theory and stochastic processes {For additional applications, see 05Cxx, 11Kxx, 34-XX, 35-XX, 62-XX, 76-XX, 81-XX,",Special processes
60K35,60,60Kxx,"Interacting random processes; statistical mechanics type models; percolation theory [See also 82B43, 82C43]","Probability theory and stochastic processes {For additional applications, see 05Cxx, 11Kxx, 34-XX, 35-XX, 62-XX, 76-XX, 81-XX,",Special processes
60K37,60,60Kxx,Processes in random environments,"Probability theory and stochastic processes {For additional applications, see 05Cxx, 11Kxx, 34-XX, 35-XX, 62-XX, 76-XX, 81-XX,",Special processes
60K40,60,60Kxx,Other physical applications of random processes,"Probability theory and stochastic processes {For additional applications, see 05Cxx, 11Kxx, 34-XX, 35-XX, 62-XX, 76-XX, 81-XX,",Special processes
60K50,60,60Kxx,"Anomalous diffusion models (subdiffusion, superdiffusion, continuous-time random walks, etc.) [See also","Probability theory and stochastic processes {For additional applications, see 05Cxx, 11Kxx, 34-XX, 35-XX, 62-XX, 76-XX, 81-XX,",Special processes
60K99,60,60Kxx,"None of the above, but in this section","Probability theory and stochastic processes {For additional applications, see 05Cxx, 11Kxx, 34-XX, 35-XX, 62-XX, 76-XX, 81-XX,",Special processes
60L10,60,60Lxx,Signatures and data streams,"Probability theory and stochastic processes {For additional applications, see 05Cxx, 11Kxx, 34-XX, 35-XX, 62-XX, 76-XX, 81-XX,",Rough analysis
60L20,60,60Lxx,Rough paths,"Probability theory and stochastic processes {For additional applications, see 05Cxx, 11Kxx, 34-XX, 35-XX, 62-XX, 76-XX, 81-XX,",Rough analysis
60L30,60,60Lxx,Regularity structures,"Probability theory and stochastic processes {For additional applications, see 05Cxx, 11Kxx, 34-XX, 35-XX, 62-XX, 76-XX, 81-XX,",Rough analysis
60L40,60,60Lxx,Paracontrolled distributions and alternative approaches,"Probability theory and stochastic processes {For additional applications, see 05Cxx, 11Kxx, 34-XX, 35-XX, 62-XX, 76-XX, 81-XX,",Rough analysis
60L50,60,60Lxx,Rough partial differential equations,"Probability theory and stochastic processes {For additional applications, see 05Cxx, 11Kxx, 34-XX, 35-XX, 62-XX, 76-XX, 81-XX,",Rough analysis
60L70,60,60Lxx,Algebraic structures and computation,"Probability theory and stochastic processes {For additional applications, see 05Cxx, 11Kxx, 34-XX, 35-XX, 62-XX, 76-XX, 81-XX,",Rough analysis
60L90,60,60Lxx,Applications of rough analysis,"Probability theory and stochastic processes {For additional applications, see 05Cxx, 11Kxx, 34-XX, 35-XX, 62-XX, 76-XX, 81-XX,",Rough analysis
60L99,60,60Lxx,"None of the above, but in this section","Probability theory and stochastic processes {For additional applications, see 05Cxx, 11Kxx, 34-XX, 35-XX, 62-XX, 76-XX, 81-XX,",Rough analysis
62A01,62,62Axx,Foundations and philosophical topics in statistics,Statistics,Foundational topics in statistics
62A09,62,62Axx,Graphical methods in statistics,Statistics,Foundational topics in statistics
62A86,62,62Axx,Fuzzy analysis in statistics,Statistics,Foundational topics in statistics
62A99,62,62Axx,"None of the above, but in this section",Statistics,Foundational topics in statistics
62B05,62,62Bxx,Sufficient statistics and fields,Statistics,Sufficiency and information
62B10,62,62Bxx,Statistical aspects of information-theoretic topics [See also 94A17],Statistics,Sufficiency and information
62B11,62,62Bxx,"Information geometry (statistical aspects) {For differential geometric aspects, see 53B12}",Statistics,Sufficiency and information
62B15,62,62Bxx,Theory of statistical experiments,Statistics,Sufficiency and information
62B86,62,62Bxx,"Statistical aspects of fuzziness, sufficiency, and information",Statistics,Sufficiency and information
62B99,62,62Bxx,"None of the above, but in this section",Statistics,Sufficiency and information
62C05,62,62Cxx,General considerations in statistical decision theory,Statistics,"Statistical decision theory [See also 90B50, 91B06] {For game theory, see 91A35}"
62C07,62,62Cxx,Complete class results in statistical decision theory,Statistics,"Statistical decision theory [See also 90B50, 91B06] {For game theory, see 91A35}"
62C10,62,62Cxx,Bayesian problems; characterization of Bayes procedures,Statistics,"Statistical decision theory [See also 90B50, 91B06] {For game theory, see 91A35}"
62C12,62,62Cxx,Empirical decision procedures; empirical Bayes procedures,Statistics,"Statistical decision theory [See also 90B50, 91B06] {For game theory, see 91A35}"
62C15,62,62Cxx,Admissibility in statistical decision theory,Statistics,"Statistical decision theory [See also 90B50, 91B06] {For game theory, see 91A35}"
62C20,62,62Cxx,Minimax procedures in statistical decision theory,Statistics,"Statistical decision theory [See also 90B50, 91B06] {For game theory, see 91A35}"
62C25,62,62Cxx,Compound decision problems in statistical decision theory,Statistics,"Statistical decision theory [See also 90B50, 91B06] {For game theory, see 91A35}"
62C86,62,62Cxx,Statistical decision theory and fuzziness,Statistics,"Statistical decision theory [See also 90B50, 91B06] {For game theory, see 91A35}"
62C99,62,62Cxx,"None of the above, but in this section",Statistics,"Statistical decision theory [See also 90B50, 91B06] {For game theory, see 91A35}"
62D05,62,62Dxx,"Sampling theory, sample surveys",Statistics,Statistical sampling theory and related topics
62D10,62,62Dxx,Missing data,Statistics,Statistical sampling theory and related topics
62D20,62,62Dxx,Causal inference from observational studies,Statistics,Statistical sampling theory and related topics
62D99,62,62Dxx,"None of the above, but in this section",Statistics,Statistical sampling theory and related topics
62E10,62,62Exx,Characterization and structure theory of statistical distributions,Statistics,Statistical distribution theory [See also 60Exx]
62E15,62,62Exx,Exact distribution theory in statistics,Statistics,Statistical distribution theory [See also 60Exx]
62E17,62,62Exx,Approximations to statistical distributions (nonasymptotic),Statistics,Statistical distribution theory [See also 60Exx]
62E20,62,62Exx,Asymptotic distribution theory in statistics,Statistics,Statistical distribution theory [See also 60Exx]
62E86,62,62Exx,Fuzziness in connection with statistical distributions,Statistics,Statistical distribution theory [See also 60Exx]
62E99,62,62Exx,"None of the above, but in this section",Statistics,Statistical distribution theory [See also 60Exx]
62F03,62,62Fxx,Parametric hypothesis testing,Statistics,Parametric inference
62F05,62,62Fxx,Asymptotic properties of parametric tests,Statistics,Parametric inference
62F07,62,62Fxx,Statistical ranking and selection procedures,Statistics,Parametric inference
62F10,62,62Fxx,Point estimation,Statistics,Parametric inference
62F12,62,62Fxx,Asymptotic properties of parametric estimators,Statistics,Parametric inference
62F15,62,62Fxx,Bayesian inference,Statistics,Parametric inference
62F25,62,62Fxx,Parametric tolerance and confidence regions,Statistics,Parametric inference
62F30,62,62Fxx,Parametric inference under constraints,Statistics,Parametric inference
62F35,62,62Fxx,Robustness and adaptive procedures (parametric inference),Statistics,Parametric inference
62F40,62,62Fxx,"Bootstrap, jackknife and other resampling methods",Statistics,Parametric inference
62F86,62,62Fxx,Parametric inference and fuzziness,Statistics,Parametric inference
62F99,62,62Fxx,"None of the above, but in this section",Statistics,Parametric inference
62G05,62,62Gxx,Nonparametric estimation,Statistics,Nonparametric inference
62G07,62,62Gxx,Density estimation,Statistics,Nonparametric inference
62G08,62,62Gxx,Nonparametric regression and quantile regression,Statistics,Nonparametric inference
62G09,62,62Gxx,Nonparametric statistical resampling methods,Statistics,Nonparametric inference
62G10,62,62Gxx,Nonparametric hypothesis testing,Statistics,Nonparametric inference
62G15,62,62Gxx,Nonparametric tolerance and confidence regions,Statistics,Nonparametric inference
62G20,62,62Gxx,Asymptotic properties of nonparametric inference,Statistics,Nonparametric inference
62G30,62,62Gxx,Order statistics; empirical distribution functions,Statistics,Nonparametric inference
62G32,62,62Gxx,Statistics of extreme values; tail inference,Statistics,Nonparametric inference
62G35,62,62Gxx,Nonparametric robustness,Statistics,Nonparametric inference
62G86,62,62Gxx,Nonparametric inference and fuzziness,Statistics,Nonparametric inference
62G99,62,62Gxx,"None of the above, but in this section",Statistics,Nonparametric inference
62H05,62,62Hxx,Characterization and structure theory for multivariate probability distributions; copulas,Statistics,Multivariate analysis [See also 60Exx]
62H10,62,62Hxx,Multivariate distribution of statistics,Statistics,Multivariate analysis [See also 60Exx]
62H11,62,62Hxx,Directional data; spatial statistics,Statistics,Multivariate analysis [See also 60Exx]
62H12,62,62Hxx,Estimation in multivariate analysis,Statistics,Multivariate analysis [See also 60Exx]
62H15,62,62Hxx,Hypothesis testing in multivariate analysis,Statistics,Multivariate analysis [See also 60Exx]
62H17,62,62Hxx,Contingency tables,Statistics,Multivariate analysis [See also 60Exx]
62H20,62,62Hxx,"Measures of association (correlation, canonical correlation, etc.)",Statistics,Multivariate analysis [See also 60Exx]
62H22,62,62Hxx,Probabilistic graphical models,Statistics,Multivariate analysis [See also 60Exx]
62H25,62,62Hxx,Factor analysis and principal components; correspondence analysis,Statistics,Multivariate analysis [See also 60Exx]
62H30,62,62Hxx,"Classification and discrimination; cluster analysis (statistical aspects) [See also 68T10, 91C20]; mixture",Statistics,Multivariate analysis [See also 60Exx]
62H35,62,62Hxx,Image analysis in multivariate analysis,Statistics,Multivariate analysis [See also 60Exx]
62H86,62,62Hxx,Multivariate analysis and fuzziness,Statistics,Multivariate analysis [See also 60Exx]
62H99,62,62Hxx,"None of the above, but in this section",Statistics,Multivariate analysis [See also 60Exx]
62J02,62,62Jxx,General nonlinear regression,Statistics,"Linear inference, regression"
62J05,62,62Jxx,Linear regression; mixed models,Statistics,"Linear inference, regression"
62J07,62,62Jxx,Ridge regression; shrinkage estimators (Lasso),Statistics,"Linear inference, regression"
62J10,62,62Jxx,Analysis of variance and covariance (ANOVA),Statistics,"Linear inference, regression"
62J12,62,62Jxx,Generalized linear models (logistic models),Statistics,"Linear inference, regression"
62J15,62,62Jxx,Paired and multiple comparisons; multiple testing,Statistics,"Linear inference, regression"
62J20,62,62Jxx,"Diagnostics, and linear inference and regression",Statistics,"Linear inference, regression"
62J86,62,62Jxx,"Fuzziness, and linear inference and regression",Statistics,"Linear inference, regression"
62J99,62,62Jxx,"None of the above, but in this section",Statistics,"Linear inference, regression"
62K05,62,62Kxx,Optimal statistical designs,Statistics,Design of statistical experiments [See also 05Bxx]
62K10,62,62Kxx,Statistical block designs,Statistics,Design of statistical experiments [See also 05Bxx]
62K15,62,62Kxx,Factorial statistical designs,Statistics,Design of statistical experiments [See also 05Bxx]
62K20,62,62Kxx,Response surface designs,Statistics,Design of statistical experiments [See also 05Bxx]
62K25,62,62Kxx,Robust parameter designs,Statistics,Design of statistical experiments [See also 05Bxx]
62K86,62,62Kxx,Fuzziness and design of statistical experiments,Statistics,Design of statistical experiments [See also 05Bxx]
62K99,62,62Kxx,"None of the above, but in this section",Statistics,Design of statistical experiments [See also 05Bxx]
62L05,62,62Lxx,Sequential statistical design,Statistics,Sequential statistical methods
62L10,62,62Lxx,Sequential statistical analysis,Statistics,Sequential statistical methods
62L12,62,62Lxx,Sequential estimation,Statistics,Sequential statistical methods
62L15,62,62Lxx,"Optimal stopping in statistics [See also 60G40, 91A60]",Statistics,Sequential statistical methods
62L20,62,62Lxx,Stochastic approximation,Statistics,Sequential statistical methods
62L86,62,62Lxx,Fuzziness and sequential statistical methods,Statistics,Sequential statistical methods
62L99,62,62Lxx,"None of the above, but in this section",Statistics,Sequential statistical methods
62M02,62,62Mxx,Markov processes: hypothesis testing,Statistics,Inference from stochastic processes
62M05,62,62Mxx,Markov processes: estimation; hidden Markov models,Statistics,Inference from stochastic processes
62M07,62,62Mxx,Non-Markovian processes: hypothesis testing,Statistics,Inference from stochastic processes
62M09,62,62Mxx,Non-Markovian processes: estimation,Statistics,Inference from stochastic processes
62M10,62,62Mxx,"Time series, auto-correlation, regression, etc. in statistics (GARCH) [See also 91B84]",Statistics,Inference from stochastic processes
62M15,62,62Mxx,Inference from stochastic processes and spectral analysis,Statistics,Inference from stochastic processes
62M20,62,62Mxx,"Inference from stochastic processes and prediction [See also 60G25]; filtering [See also 60G35, 93E10, 93E11]",Statistics,Inference from stochastic processes
62M30,62,62Mxx,Inference from spatial processes,Statistics,Inference from stochastic processes
62M40,62,62Mxx,Random fields; image analysis,Statistics,Inference from stochastic processes
62M45,62,62Mxx,Neural nets and related approaches to inference from stochastic processes,Statistics,Inference from stochastic processes
62M86,62,62Mxx,Inference from stochastic processes and fuzziness,Statistics,Inference from stochastic processes
62M99,62,62Mxx,"None of the above, but in this section",Statistics,Inference from stochastic processes
62N01,62,62Nxx,Censored data models,Statistics,Survival analysis and censored data
62N02,62,62Nxx,Estimation in survival analysis and censored data,Statistics,Survival analysis and censored data
62N03,62,62Nxx,Testing in survival analysis and censored data,Statistics,Survival analysis and censored data
62N05,62,62Nxx,Reliability and life testing [See also 90B25],Statistics,Survival analysis and censored data
62N86,62,62Nxx,"Fuzziness, and survival analysis and censored data",Statistics,Survival analysis and censored data
62N99,62,62Nxx,"None of the above, but in this section",Statistics,Survival analysis and censored data
62P05,62,62Pxx,Applications of statistics to actuarial sciences and financial mathematics,Statistics,"Applications of statistics [See also 90-XX, 91-XX, 92-XX]"
62P10,62,62Pxx,Applications of statistics to biology and medical sciences; meta analysis,Statistics,"Applications of statistics [See also 90-XX, 91-XX, 92-XX]"
62P12,62,62Pxx,Applications of statistics to environmental and related topics,Statistics,"Applications of statistics [See also 90-XX, 91-XX, 92-XX]"
62P15,62,62Pxx,Applications of statistics to psychology,Statistics,"Applications of statistics [See also 90-XX, 91-XX, 92-XX]"
62P20,62,62Pxx,Applications of statistics to economics [See also 91Bxx],Statistics,"Applications of statistics [See also 90-XX, 91-XX, 92-XX]"
62P25,62,62Pxx,Applications of statistics to social sciences,Statistics,"Applications of statistics [See also 90-XX, 91-XX, 92-XX]"
62P30,62,62Pxx,Applications of statistics in engineering and industry; control charts,Statistics,"Applications of statistics [See also 90-XX, 91-XX, 92-XX]"
62P35,62,62Pxx,Applications of statistics to physics,Statistics,"Applications of statistics [See also 90-XX, 91-XX, 92-XX]"
62P99,62,62Pxx,"None of the above, but in this section",Statistics,"Applications of statistics [See also 90-XX, 91-XX, 92-XX]"
62Q05,62,62Qxx,Statistical tables,Statistics,Statistical tables
62Q99,62,62Qxx,"None of the above, but in this section",Statistics,Statistical tables
62R01,62,62Rxx,Algebraic statistics,Statistics,Statistics on algebraic and topological structures
62R07,62,62Rxx,"Statistical aspects of big data and data science {For computer science aspects, see 68T09; for informationtheoretic aspects, see 94A16}",Statistics,Statistics on algebraic and topological structures
62R10,62,62Rxx,Functional data analysis,Statistics,Statistics on algebraic and topological structures
62R20,62,62Rxx,Statistics on metric spaces,Statistics,Statistics on algebraic and topological structures
62R30,62,62Rxx,Statistics on manifolds,Statistics,Statistics on algebraic and topological structures
62R40,62,62Rxx,Topological data analysis [See also 55N31],Statistics,Statistics on algebraic and topological structures
62R99,62,62Rxx,"None of the above, but in this section",Statistics,Statistics on algebraic and topological structures
65A05,65,65Axx,Tables in numerical analysis,Numerical analysis,Tables in numerical analysis
65A99,65,65Axx,"None of the above, but in this section",Numerical analysis,Tables in numerical analysis
65B05,65,65Bxx,"Extrapolation to the limit, deferred corrections",Numerical analysis,Acceleration of convergence in numerical analysis
65B10,65,65Bxx,Numerical summation of series,Numerical analysis,Acceleration of convergence in numerical analysis
65B15,65,65Bxx,Euler-Maclaurin formula in numerical analysis,Numerical analysis,Acceleration of convergence in numerical analysis
65B99,65,65Bxx,"None of the above, but in this section",Numerical analysis,Acceleration of convergence in numerical analysis
65C05,65,65Cxx,Monte Carlo methods [See also 82M31],Numerical analysis,"Probabilistic methods, stochastic differential equations"
65C10,65,65Cxx,Random number generation in numerical analysis [See also 11K45],Numerical analysis,"Probabilistic methods, stochastic differential equations"
65C20,65,65Cxx,"Probabilistic models, generic numerical methods in probability and statistics [See also 60-08, 62-08]",Numerical analysis,"Probabilistic methods, stochastic differential equations"
65C30,65,65Cxx,"Numerical solutions to stochastic differential and integral equations {For theoretical aspects, see 60H35}",Numerical analysis,"Probabilistic methods, stochastic differential equations"
65C35,65,65Cxx,Stochastic particle methods [See also 82M60],Numerical analysis,"Probabilistic methods, stochastic differential equations"
65C40,65,65Cxx,Numerical analysis or methods applied to Markov chains [See also 60J22],Numerical analysis,"Probabilistic methods, stochastic differential equations"
65C99,65,65Cxx,"None of the above, but in this section",Numerical analysis,"Probabilistic methods, stochastic differential equations"
65D05,65,65Dxx,Numerical interpolation,Numerical analysis,Numerical approximation and computational geometry (primarily algorithms)
65D07,65,65Dxx,Numerical computation using splines,Numerical analysis,Numerical approximation and computational geometry (primarily algorithms)
65D10,65,65Dxx,"Numerical smoothing, curve fitting",Numerical analysis,Numerical approximation and computational geometry (primarily algorithms)
65D12,65,65Dxx,Numerical radial basis function approximation,Numerical analysis,Numerical approximation and computational geometry (primarily algorithms)
65D15,65,65Dxx,Algorithms for approximation of functions,Numerical analysis,Numerical approximation and computational geometry (primarily algorithms)
65D17,65,65Dxx,Computer-aided design (modeling of curves and surfaces) [See also 68U07],Numerical analysis,Numerical approximation and computational geometry (primarily algorithms)
65D18,65,65Dxx,"Numerical aspects of computer graphics, image analysis, and computational geometry [See also 51N05,",Numerical analysis,Numerical approximation and computational geometry (primarily algorithms)
65D19,65,65Dxx,Computational issues in computer and robotic vision,Numerical analysis,Numerical approximation and computational geometry (primarily algorithms)
65D20,65,65Dxx,"Computation of special functions and constants, construction of tables [See also 33F05]",Numerical analysis,Numerical approximation and computational geometry (primarily algorithms)
65D25,65,65Dxx,Numerical differentiation,Numerical analysis,Numerical approximation and computational geometry (primarily algorithms)
65D30,65,65Dxx,Numerical integration,Numerical analysis,Numerical approximation and computational geometry (primarily algorithms)
65D32,65,65Dxx,Numerical quadrature and cubature formulas,Numerical analysis,Numerical approximation and computational geometry (primarily algorithms)
65D40,65,65Dxx,Numerical approximation of high-dimensional functions; sparse grids,Numerical analysis,Numerical approximation and computational geometry (primarily algorithms)
65D99,65,65Dxx,"None of the above, but in this section",Numerical analysis,Numerical approximation and computational geometry (primarily algorithms)
65E05,65,65Exx,"General theory of numerical methods in complex analysis (potential theory, etc.) [See also 30-08, 31-08,",Numerical analysis,"Numerical methods in complex analysis (potential theory, etc.)"
65E10,65,65Exx,Numerical methods in conformal mappings [See also 30C30],Numerical analysis,"Numerical methods in complex analysis (potential theory, etc.)"
65E99,65,65Exx,"None of the above, but in this section",Numerical analysis,"Numerical methods in complex analysis (potential theory, etc.)"
65F05,65,65Fxx,Direct numerical methods for linear systems and matrix inversion,Numerical analysis,Numerical linear algebra
65F08,65,65Fxx,Preconditioners for iterative methods,Numerical analysis,Numerical linear algebra
65F10,65,65Fxx,Iterative numerical methods for linear systems [See also 65N22],Numerical analysis,Numerical linear algebra
65F15,65,65Fxx,Numerical computation of eigenvalues and eigenvectors of matrices,Numerical analysis,Numerical linear algebra
65F18,65,65Fxx,Numerical solutions to inverse eigenvalue problems,Numerical analysis,Numerical linear algebra
65F20,65,65Fxx,"Numerical solutions to overdetermined systems, pseudoinverses",Numerical analysis,Numerical linear algebra
65F22,65,65Fxx,Ill-posedness and regularization problems in numerical linear algebra,Numerical analysis,Numerical linear algebra
65F25,65,65Fxx,Orthogonalization in numerical linear algebra,Numerical analysis,Numerical linear algebra
65F35,65,65Fxx,"Numerical computation of matrix norms, conditioning, scaling [See also 15A12, 15A60]",Numerical analysis,Numerical linear algebra
65F40,65,65Fxx,Numerical computation of determinants,Numerical analysis,Numerical linear algebra
65F45,65,65Fxx,Numerical methods for matrix equations,Numerical analysis,Numerical linear algebra
65F50,65,65Fxx,Computational methods for sparse matrices,Numerical analysis,Numerical linear algebra
65F55,65,65Fxx,Numerical methods for low-rank matrix approximation; matrix compression,Numerical analysis,Numerical linear algebra
65F60,65,65Fxx,Numerical computation of matrix exponential and similar matrix functions,Numerical analysis,Numerical linear algebra
65F99,65,65Fxx,"None of the above, but in this section",Numerical analysis,Numerical linear algebra
65G20,65,65Gxx,Algorithms with automatic result verification,Numerical analysis,Error analysis and interval analysis
65G30,65,65Gxx,Interval and finite arithmetic,Numerical analysis,Error analysis and interval analysis
65G40,65,65Gxx,General methods in interval analysis,Numerical analysis,Error analysis and interval analysis
65G50,65,65Gxx,Roundoff error,Numerical analysis,Error analysis and interval analysis
65G99,65,65Gxx,"None of the above, but in this section",Numerical analysis,Error analysis and interval analysis
65H04,65,65Hxx,Numerical computation of roots of polynomial equations,Numerical analysis,Nonlinear algebraic or transcendental equations
65H05,65,65Hxx,Numerical computation of solutions to single equations,Numerical analysis,Nonlinear algebraic or transcendental equations
65H10,65,65Hxx,Numerical computation of solutions to systems of equations,Numerical analysis,Nonlinear algebraic or transcendental equations
65H14,65,65Hxx,Numerical algebraic geometry,Numerical analysis,Nonlinear algebraic or transcendental equations
65H17,65,65Hxx,"Numerical solution of nonlinear eigenvalue and eigenvector problems [See also 47Hxx, 47Jxx, 58C40, 58E07,",Numerical analysis,Nonlinear algebraic or transcendental equations
65H20,65,65Hxx,"Global methods, including homotopy approaches to the numerical solution of nonlinear equations [See also",Numerical analysis,Nonlinear algebraic or transcendental equations
65H99,65,65Hxx,"None of the above, but in this section",Numerical analysis,Nonlinear algebraic or transcendental equations
65J05,65,65Jxx,General theory of numerical analysis in abstract spaces,Numerical analysis,Numerical analysis in abstract spaces
65J08,65,65Jxx,Numerical solutions to abstract evolution equations,Numerical analysis,Numerical analysis in abstract spaces
65J10,65,65Jxx,Numerical solutions to equations with linear operators [do not use 65Fxx],Numerical analysis,Numerical analysis in abstract spaces
65J15,65,65Jxx,Numerical solutions to equations with nonlinear operators [do not use 65Hxx],Numerical analysis,Numerical analysis in abstract spaces
65J20,65,65Jxx,Numerical solutions of ill-posed problems in abstract spaces; regularization,Numerical analysis,Numerical analysis in abstract spaces
65J22,65,65Jxx,Numerical solution to inverse problems in abstract spaces,Numerical analysis,Numerical analysis in abstract spaces
65J99,65,65Jxx,"None of the above, but in this section",Numerical analysis,Numerical analysis in abstract spaces
65K05,65,65Kxx,Numerical mathematical programming methods [See also 90Cxx],Numerical analysis,"Numerical methods for mathematical programming, optimization and variational techniques"
65K10,65,65Kxx,"Numerical optimization and variational techniques [See also 49Mxx, 93-08]",Numerical analysis,"Numerical methods for mathematical programming, optimization and variational techniques"
65K15,65,65Kxx,Numerical methods for variational inequalities and related problems,Numerical analysis,"Numerical methods for mathematical programming, optimization and variational techniques"
65K99,65,65Kxx,"None of the above, but in this section",Numerical analysis,"Numerical methods for mathematical programming, optimization and variational techniques"
65L03,65,65Lxx,Numerical methods for functional-differential equations,Numerical analysis,Numerical methods for ordinary differential equations
65L04,65,65Lxx,Numerical methods for stiff equations,Numerical analysis,Numerical methods for ordinary differential equations
65L05,65,65Lxx,Numerical methods for initial value problems involving ordinary differential equations,Numerical analysis,Numerical methods for ordinary differential equations
65L06,65,65Lxx,"Multistep, Runge-Kutta and extrapolation methods for ordinary differential equations",Numerical analysis,Numerical methods for ordinary differential equations
65L07,65,65Lxx,Numerical investigation of stability of solutions to ordinary differential equations,Numerical analysis,Numerical methods for ordinary differential equations
65L08,65,65Lxx,Numerical solution of ill-posed problems involving ordinary differential equations,Numerical analysis,Numerical methods for ordinary differential equations
65L09,65,65Lxx,Numerical solution of inverse problems involving ordinary differential equations,Numerical analysis,Numerical methods for ordinary differential equations
65L10,65,65Lxx,Numerical solution of boundary value problems involving ordinary differential equations,Numerical analysis,Numerical methods for ordinary differential equations
65L11,65,65Lxx,Numerical solution of singularly perturbed problems involving ordinary differential equations,Numerical analysis,Numerical methods for ordinary differential equations
65L12,65,65Lxx,Finite difference and finite volume methods for ordinary differential equations,Numerical analysis,Numerical methods for ordinary differential equations
65L15,65,65Lxx,Numerical solution of eigenvalue problems involving ordinary differential equations,Numerical analysis,Numerical methods for ordinary differential equations
65L20,65,65Lxx,Stability and convergence of numerical methods for ordinary differential equations,Numerical analysis,Numerical methods for ordinary differential equations
65L50,65,65Lxx,"Mesh generation, refinement, and adaptive methods for ordinary differential equations",Numerical analysis,Numerical methods for ordinary differential equations
65L60,65,65Lxx,"Finite element, Rayleigh-Ritz, Galerkin and collocation methods for ordinary differential equations",Numerical analysis,Numerical methods for ordinary differential equations
65L70,65,65Lxx,Error bounds for numerical methods for ordinary differential equations,Numerical analysis,Numerical methods for ordinary differential equations
65L80,65,65Lxx,Numerical methods for differential-algebraic equations,Numerical analysis,Numerical methods for ordinary differential equations
65L99,65,65Lxx,"None of the above, but in this section",Numerical analysis,Numerical methods for ordinary differential equations
65M06,65,65Mxx,Finite difference methods for initial value and initial-boundary value problems involving PDEs,Numerical analysis,"Numerical methods for partial differential equations, initial value and timedependent initial-boundary value problems"
65M08,65,65Mxx,Finite volume methods for initial value and initial-boundary value problems involving PDEs,Numerical analysis,"Numerical methods for partial differential equations, initial value and timedependent initial-boundary value problems"
65M12,65,65Mxx,Stability and convergence of numerical methods for initial value and initial-boundary value problems involving PDEs,Numerical analysis,"Numerical methods for partial differential equations, initial value and timedependent initial-boundary value problems"
65M15,65,65Mxx,Error bounds for initial value and initial-boundary value problems involving PDEs,Numerical analysis,"Numerical methods for partial differential equations, initial value and timedependent initial-boundary value problems"
65M20,65,65Mxx,Method of lines for initial value and initial-boundary value problems involving PDEs,Numerical analysis,"Numerical methods for partial differential equations, initial value and timedependent initial-boundary value problems"
65M22,65,65Mxx,Numerical solution of discretized equations for initial value and initial-boundary value problems involving,Numerical analysis,"Numerical methods for partial differential equations, initial value and timedependent initial-boundary value problems"
65M25,65,65Mxx,Numerical aspects of the method of characteristics for initial value and initial-boundary value problems,Numerical analysis,"Numerical methods for partial differential equations, initial value and timedependent initial-boundary value problems"
65M30,65,65Mxx,Numerical methods for ill-posed problems for initial value and initial-boundary value problems involving,Numerical analysis,"Numerical methods for partial differential equations, initial value and timedependent initial-boundary value problems"
65M32,65,65Mxx,Numerical methods for inverse problems for initial value and initial-boundary value problems involving,Numerical analysis,"Numerical methods for partial differential equations, initial value and timedependent initial-boundary value problems"
65M38,65,65Mxx,Boundary element methods for initial value and initial-boundary value problems involving PDEs,Numerical analysis,"Numerical methods for partial differential equations, initial value and timedependent initial-boundary value problems"
65M50,65,65Mxx,"Mesh generation, refinement, and adaptive methods for the numerical solution of initial value and initialboundary value problems involving PDEs",Numerical analysis,"Numerical methods for partial differential equations, initial value and timedependent initial-boundary value problems"
65M55,65,65Mxx,Multigrid methods; domain decomposition for initial value and initial-boundary value problems involving,Numerical analysis,"Numerical methods for partial differential equations, initial value and timedependent initial-boundary value problems"
65M60,65,65Mxx,"Finite element, Rayleigh-Ritz and Galerkin methods for initial value and initial-boundary value problems",Numerical analysis,"Numerical methods for partial differential equations, initial value and timedependent initial-boundary value problems"
65M70,65,65Mxx,"Spectral, collocation and related methods for initial value and initial-boundary value problems involving",Numerical analysis,"Numerical methods for partial differential equations, initial value and timedependent initial-boundary value problems"
65M75,65,65Mxx,"Probabilistic methods, particle methods, etc. for initial value and initial-boundary value problems involving",Numerical analysis,"Numerical methods for partial differential equations, initial value and timedependent initial-boundary value problems"
65M80,65,65Mxx,"Fundamental solutions, Green’s function methods, etc. for initial value and initial-boundary value problems",Numerical analysis,"Numerical methods for partial differential equations, initial value and timedependent initial-boundary value problems"
65M85,65,65Mxx,Fictitious domain methods for initial value and initial-boundary value problems involving PDEs,Numerical analysis,"Numerical methods for partial differential equations, initial value and timedependent initial-boundary value problems"
65M99,65,65Mxx,"None of the above, but in this section",Numerical analysis,"Numerical methods for partial differential equations, initial value and timedependent initial-boundary value problems"
65N06,65,65Nxx,Finite difference methods for boundary value problems involving PDEs,Numerical analysis,"Numerical methods for partial differential equations, boundary value problems"
65N08,65,65Nxx,Finite volume methods for boundary value problems involving PDEs,Numerical analysis,"Numerical methods for partial differential equations, boundary value problems"
65N12,65,65Nxx,Stability and convergence of numerical methods for boundary value problems involving PDEs,Numerical analysis,"Numerical methods for partial differential equations, boundary value problems"
65N15,65,65Nxx,Error bounds for boundary value problems involving PDEs,Numerical analysis,"Numerical methods for partial differential equations, boundary value problems"
65N20,65,65Nxx,Numerical methods for ill-posed problems for boundary value problems involving PDEs,Numerical analysis,"Numerical methods for partial differential equations, boundary value problems"
65N21,65,65Nxx,Numerical methods for inverse problems for boundary value problems involving PDEs,Numerical analysis,"Numerical methods for partial differential equations, boundary value problems"
65N22,65,65Nxx,"Numerical solution of discretized equations for boundary value problems involving PDEs [See also 65Fxx,",Numerical analysis,"Numerical methods for partial differential equations, boundary value problems"
65N25,65,65Nxx,Numerical methods for eigenvalue problems for boundary value problems involving PDEs,Numerical analysis,"Numerical methods for partial differential equations, boundary value problems"
65N30,65,65Nxx,"Finite element, Rayleigh-Ritz and Galerkin methods for boundary value problems involving PDEs",Numerical analysis,"Numerical methods for partial differential equations, boundary value problems"
65N35,65,65Nxx,"Spectral, collocation and related methods for boundary value problems involving PDEs",Numerical analysis,"Numerical methods for partial differential equations, boundary value problems"
65N38,65,65Nxx,Boundary element methods for boundary value problems involving PDEs,Numerical analysis,"Numerical methods for partial differential equations, boundary value problems"
65N40,65,65Nxx,Method of lines for boundary value problems involving PDEs,Numerical analysis,"Numerical methods for partial differential equations, boundary value problems"
65N45,65,65Nxx,Method of contraction of the boundary for boundary value problems involving PDEs,Numerical analysis,"Numerical methods for partial differential equations, boundary value problems"
65N50,65,65Nxx,"Mesh generation, refinement, and adaptive methods for boundary value problems involving PDEs",Numerical analysis,"Numerical methods for partial differential equations, boundary value problems"
65N55,65,65Nxx,Multigrid methods; domain decomposition for boundary value problems involving PDEs,Numerical analysis,"Numerical methods for partial differential equations, boundary value problems"
65N75,65,65Nxx,"Probabilistic methods, particle methods, etc. for boundary value problems involving PDEs",Numerical analysis,"Numerical methods for partial differential equations, boundary value problems"
65N80,65,65Nxx,"Fundamental solutions, Green’s function methods, etc. for boundary value problems involving PDEs",Numerical analysis,"Numerical methods for partial differential equations, boundary value problems"
65N85,65,65Nxx,Fictitious domain methods for boundary value problems involving PDEs,Numerical analysis,"Numerical methods for partial differential equations, boundary value problems"
65N99,65,65Nxx,"None of the above, but in this section",Numerical analysis,"Numerical methods for partial differential equations, boundary value problems"
65P10,65,65Pxx,Numerical methods for Hamiltonian systems including symplectic integrators,Numerical analysis,Numerical problems in dynamical systems [See also 37Mxx]
65P20,65,65Pxx,Numerical chaos,Numerical analysis,Numerical problems in dynamical systems [See also 37Mxx]
65P30,65,65Pxx,Numerical bifurcation problems,Numerical analysis,Numerical problems in dynamical systems [See also 37Mxx]
65P40,65,65Pxx,Numerical nonlinear stabilities in dynamical systems,Numerical analysis,Numerical problems in dynamical systems [See also 37Mxx]
65P99,65,65Pxx,"None of the above, but in this section",Numerical analysis,Numerical problems in dynamical systems [See also 37Mxx]
65Q10,65,65Qxx,Numerical methods for difference equations,Numerical analysis,"Numerical methods for difference and functional equations, recurrence relations"
65Q20,65,65Qxx,Numerical methods for functional equations,Numerical analysis,"Numerical methods for difference and functional equations, recurrence relations"
65Q30,65,65Qxx,Numerical aspects of recurrence relations,Numerical analysis,"Numerical methods for difference and functional equations, recurrence relations"
65Q99,65,65Qxx,"None of the above, but in this section",Numerical analysis,"Numerical methods for difference and functional equations, recurrence relations"
65R10,65,65Rxx,Numerical methods for integral transforms,Numerical analysis,"Numerical methods for integral equations, integral transforms"
65R15,65,65Rxx,Numerical methods for eigenvalue problems in integral equations,Numerical analysis,"Numerical methods for integral equations, integral transforms"
65R20,65,65Rxx,Numerical methods for integral equations,Numerical analysis,"Numerical methods for integral equations, integral transforms"
65R30,65,65Rxx,Numerical methods for ill-posed problems for integral equations,Numerical analysis,"Numerical methods for integral equations, integral transforms"
65R32,65,65Rxx,Numerical methods for inverse problems for integral equations,Numerical analysis,"Numerical methods for integral equations, integral transforms"
65R99,65,65Rxx,"None of the above, but in this section",Numerical analysis,"Numerical methods for integral equations, integral transforms"
65S05,65,65Sxx,Graphical methods in numerical analysis,Numerical analysis,Graphical methods in numerical analysis
65S99,65,65Sxx,"None of the above, but in this section",Numerical analysis,Graphical methods in numerical analysis
65T40,65,65Txx,Numerical methods for trigonometric approximation and interpolation,Numerical analysis,Numerical methods in Fourier analysis
65T50,65,65Txx,Numerical methods for discrete and fast Fourier transforms,Numerical analysis,Numerical methods in Fourier analysis
65T60,65,65Txx,Numerical methods for wavelets,Numerical analysis,Numerical methods in Fourier analysis
65T99,65,65Txx,"None of the above, but in this section",Numerical analysis,Numerical methods in Fourier analysis
65Y04,65,65Yxx,"Numerical algorithms for computer arithmetic, etc. [See also 68M07]",Numerical analysis,Computer aspects of numerical algorithms
65Y05,65,65Yxx,Parallel numerical computation,Numerical analysis,Computer aspects of numerical algorithms
65Y10,65,65Yxx,Numerical algorithms for specific classes of architectures,Numerical analysis,Computer aspects of numerical algorithms
65Y15,65,65Yxx,Packaged methods for numerical algorithms,Numerical analysis,Computer aspects of numerical algorithms
65Y20,65,65Yxx,Complexity and performance of numerical algorithms [See also 68Q25],Numerical analysis,Computer aspects of numerical algorithms
65Y99,65,65Yxx,"None of the above, but in this section",Numerical analysis,Computer aspects of numerical algorithms
65Z05,65,65Zxx,Applications to the sciences,Numerical analysis,Applications to the sciences
65Z99,65,65Zxx,"None of the above, but in this section",Numerical analysis,Applications to the sciences
68M01,68,68Mxx,General theory of computer systems,"Computer science {For papers containing software, source code,",Computer system organization
68M07,68,68Mxx,Mathematical problems of computer architecture [See also 68W35],"Computer science {For papers containing software, source code,",Computer system organization
68M10,68,68Mxx,"Network design and communication in computer systems [See also 68R10, 90B18]","Computer science {For papers containing software, source code,",Computer system organization
68M11,68,68Mxx,Internet topics [See also 68U35],"Computer science {For papers containing software, source code,",Computer system organization
68M12,68,68Mxx,Network protocols,"Computer science {For papers containing software, source code,",Computer system organization
68M14,68,68Mxx,Distributed systems,"Computer science {For papers containing software, source code,",Computer system organization
68M15,68,68Mxx,"Reliability, testing and fault tolerance of networks and computer systems","Computer science {For papers containing software, source code,",Computer system organization
68M18,68,68Mxx,"Wireless sensor networks as related to computer science [See also 90B18, 90B80]","Computer science {For papers containing software, source code,",Computer system organization
68M20,68,68Mxx,"Performance evaluation, queueing, and scheduling in the context of computer systems [See also 60K20,","Computer science {For papers containing software, source code,",Computer system organization
68M25,68,68Mxx,Computer security,"Computer science {For papers containing software, source code,",Computer system organization
68M99,68,68Mxx,"None of the above, but in this section","Computer science {For papers containing software, source code,",Computer system organization
68N01,68,68Nxx,General topics in the theory of software,"Computer science {For papers containing software, source code,",Theory of software
68N15,68,68Nxx,Theory of programming languages,"Computer science {For papers containing software, source code,",Theory of software
68N17,68,68Nxx,Logic programming,"Computer science {For papers containing software, source code,",Theory of software
68N18,68,68Nxx,Functional programming and lambda calculus [See also 03B40],"Computer science {For papers containing software, source code,",Theory of software
68N19,68,68Nxx,"Other programming paradigms (object-oriented, sequential, concurrent, automatic, etc.)","Computer science {For papers containing software, source code,",Theory of software
68N20,68,68Nxx,Theory of compilers and interpreters,"Computer science {For papers containing software, source code,",Theory of software
68N25,68,68Nxx,Theory of operating systems,"Computer science {For papers containing software, source code,",Theory of software
68N30,68,68Nxx,"Mathematical aspects of software engineering (specification, verification, metrics, requirements, etc.)","Computer science {For papers containing software, source code,",Theory of software
68N99,68,68Nxx,"None of the above, but in this section","Computer science {For papers containing software, source code,",Theory of software
68P01,68,68Pxx,General topics in the theory of data,"Computer science {For papers containing software, source code,",Theory of data
68P05,68,68Pxx,Data structures,"Computer science {For papers containing software, source code,",Theory of data
68P10,68,68Pxx,Searching and sorting,"Computer science {For papers containing software, source code,",Theory of data
68P15,68,68Pxx,Database theory,"Computer science {For papers containing software, source code,",Theory of data
68P20,68,68Pxx,Information storage and retrieval of data,"Computer science {For papers containing software, source code,",Theory of data
68P25,68,68Pxx,"Data encryption (aspects in computer science) [See also 81P94, 94A60]","Computer science {For papers containing software, source code,",Theory of data
68P27,68,68Pxx,Privacy of data,"Computer science {For papers containing software, source code,",Theory of data
68P30,68,68Pxx,"Coding and information theory (compaction, compression, models of communication, encoding schemes, etc.)","Computer science {For papers containing software, source code,",Theory of data
68P99,68,68Pxx,"None of the above, but in this section","Computer science {For papers containing software, source code,",Theory of data
68Q01,68,68Qxx,General topics in the theory of computing,"Computer science {For papers containing software, source code,",Theory of computing
68Q04,68,68Qxx,"Classical models of computation (Turing machines, etc.) [See also 03D10]","Computer science {For papers containing software, source code,",Theory of computing
68Q06,68,68Qxx,Networks and circuits as models of computation; circuit complexity [See also 94C11],"Computer science {For papers containing software, source code,",Theory of computing
68Q07,68,68Qxx,"Biologically inspired models of computation (DNA computing, membrane computing, etc.)","Computer science {For papers containing software, source code,",Theory of computing
68Q09,68,68Qxx,"Other nonclassical models of computation {For quantum computing, see mainly 68Q12, 81P68}","Computer science {For papers containing software, source code,",Theory of computing
68Q10,68,68Qxx,"Modes of computation (nondeterministic, parallel, interactive, probabilistic, etc.) [See also 68Q85]","Computer science {For papers containing software, source code,",Theory of computing
68Q11,68,68Qxx,"Communication complexity, information complexity","Computer science {For papers containing software, source code,",Theory of computing
68Q12,68,68Qxx,"Quantum algorithms and complexity in the theory of computing [See also 68Q09, 81P68]","Computer science {For papers containing software, source code,",Theory of computing
68Q15,68,68Qxx,"Complexity classes (hierarchies, relations among complexity classes, etc.) [See also 03D15, 68Q17, 68Q19]","Computer science {For papers containing software, source code,",Theory of computing
68Q17,68,68Qxx,"Computational difficulty of problems (lower bounds, completeness, difficulty of approximation, etc.) [See","Computer science {For papers containing software, source code,",Theory of computing
68Q19,68,68Qxx,Descriptive complexity and finite models [See also 03C13],"Computer science {For papers containing software, source code,",Theory of computing
68Q25,68,68Qxx,Analysis of algorithms and problem complexity [See also 68W40],"Computer science {For papers containing software, source code,",Theory of computing
68Q27,68,68Qxx,"Parameterized complexity, tractability and kernelization","Computer science {For papers containing software, source code,",Theory of computing
68Q30,68,68Qxx,"Algorithmic information theory (Kolmogorov complexity, etc.) [See also 03D32]","Computer science {For papers containing software, source code,",Theory of computing
68Q32,68,68Qxx,Computational learning theory [See also 68T05],"Computer science {For papers containing software, source code,",Theory of computing
68Q42,68,68Qxx,Grammars and rewriting systems,"Computer science {For papers containing software, source code,",Theory of computing
68Q45,68,68Qxx,"Formal languages and automata [See also 03D05, 68Q70, 94A45]","Computer science {For papers containing software, source code,",Theory of computing
68Q55,68,68Qxx,"Semantics in the theory of computing [See also 03B70, 06B35, 18C50]","Computer science {For papers containing software, source code,",Theory of computing
68Q60,68,68Qxx,"Specification and verification (program logics, model checking, etc.) [See also 03B70]","Computer science {For papers containing software, source code,",Theory of computing
68Q65,68,68Qxx,Abstract data types; algebraic specification [See also 18C50],"Computer science {For papers containing software, source code,",Theory of computing
68Q70,68,68Qxx,"Algebraic theory of languages and automata [See also 18B20, 20M35]","Computer science {For papers containing software, source code,",Theory of computing
68Q80,68,68Qxx,"Cellular automata (computational aspects) {For cellular automata as dynamical systems, see 37B15}","Computer science {For papers containing software, source code,",Theory of computing
68Q85,68,68Qxx,"Models and methods for concurrent and distributed computing (process algebras, bisimulation, transition","Computer science {For papers containing software, source code,",Theory of computing
68Q87,68,68Qxx,"Probability in computer science (algorithm analysis, random structures, phase transitions, etc.) [See also","Computer science {For papers containing software, source code,",Theory of computing
68Q99,68,68Qxx,"None of the above, but in this section","Computer science {For papers containing software, source code,",Theory of computing
68R01,68,68Rxx,General topics of discrete mathematics in relation to computer science,"Computer science {For papers containing software, source code,",Discrete mathematics in relation to computer science
68R05,68,68Rxx,Combinatorics in computer science,"Computer science {For papers containing software, source code,",Discrete mathematics in relation to computer science
68R07,68,68Rxx,Computational aspects of satisfiability [See also 68T20],"Computer science {For papers containing software, source code,",Discrete mathematics in relation to computer science
68R10,68,68Rxx,"Graph theory (including graph drawing) in computer science [See also 05Cxx, 90B10, 90C35]","Computer science {For papers containing software, source code,",Discrete mathematics in relation to computer science
68R12,68,68Rxx,Metric embeddings as related to computational problems and algorithms,"Computer science {For papers containing software, source code,",Discrete mathematics in relation to computer science
68R15,68,68Rxx,Combinatorics on words,"Computer science {For papers containing software, source code,",Discrete mathematics in relation to computer science
68R99,68,68Rxx,"None of the above, but in this section","Computer science {For papers containing software, source code,",Discrete mathematics in relation to computer science
68T01,68,68Txx,General topics in artificial intelligence,"Computer science {For papers containing software, source code,",Artificial intelligence
68T05,68,68Txx,Learning and adaptive systems in artificial intelligence [See also 68Q32],"Computer science {For papers containing software, source code,",Artificial intelligence
68T07,68,68Txx,Artificial neural networks and deep learning,"Computer science {For papers containing software, source code,",Artificial intelligence
68T09,68,68Txx,"Computational aspects of data analysis and big data [See also 62R07] {For homological aspects, see 55N31}","Computer science {For papers containing software, source code,",Artificial intelligence
68T10,68,68Txx,"Pattern recognition, speech recognition {For cluster analysis, see 62H30}","Computer science {For papers containing software, source code,",Artificial intelligence
68T20,68,68Txx,"Problem solving in the context of artificial intelligence (heuristics, search strategies, etc.)","Computer science {For papers containing software, source code,",Artificial intelligence
68T27,68,68Txx,Logic in artificial intelligence,"Computer science {For papers containing software, source code,",Artificial intelligence
68T30,68,68Txx,Knowledge representation,"Computer science {For papers containing software, source code,",Artificial intelligence
68T35,68,68Txx,"Theory of languages and software systems (knowledge-based systems, expert systems, etc.) for artificial","Computer science {For papers containing software, source code,",Artificial intelligence
68T37,68,68Txx,Reasoning under uncertainty in the context of artificial intelligence,"Computer science {For papers containing software, source code,",Artificial intelligence
68T40,68,68Txx,Artificial intelligence for robotics [See also 93C85],"Computer science {For papers containing software, source code,",Artificial intelligence
68T42,68,68Txx,Agent technology and artificial intelligence,"Computer science {For papers containing software, source code,",Artificial intelligence
68T45,68,68Txx,Machine vision and scene understanding,"Computer science {For papers containing software, source code,",Artificial intelligence
68T50,68,68Txx,"Natural language processing [See also 03B65, 91F20]","Computer science {For papers containing software, source code,",Artificial intelligence
68T99,68,68Txx,"None of the above, but in this section","Computer science {For papers containing software, source code,",Artificial intelligence
68U01,68,68Uxx,General topics in computing methodologies,"Computer science {For papers containing software, source code,",Computing methodologies and applications
68U03,68,68Uxx,"Computational aspects of digital topology {For topological aspects, see 54H30; for homological aspects, see","Computer science {For papers containing software, source code,",Computing methodologies and applications
68U05,68,68Uxx,Computer graphics; computational geometry (digital and algorithmic aspects) {For methods of numerical,"Computer science {For papers containing software, source code,",Computing methodologies and applications
68U07,68,68Uxx,"Computer science aspects of computer-aided design {For methods of numerical mathematics, see 65D17}","Computer science {For papers containing software, source code,",Computing methodologies and applications
68U10,68,68Uxx,Computing methodologies for image processing,"Computer science {For papers containing software, source code,",Computing methodologies and applications
68U15,68,68Uxx,Computing methodologies for text processing; mathematical typography,"Computer science {For papers containing software, source code,",Computing methodologies and applications
68U35,68,68Uxx,"Computing methodologies for information systems (hypertext navigation, interfaces, decision support, etc.)","Computer science {For papers containing software, source code,",Computing methodologies and applications
68U99,68,68Uxx,"None of the above, but in this section","Computer science {For papers containing software, source code,",Computing methodologies and applications
68V05,68,68Vxx,"Computer assisted proofs of proofs-by-exhaustion type {For rigorous numerics, see 65Gxx; for proofs employing automated or interactive theorem provers, see 68V15}","Computer science {For papers containing software, source code,",Computer science support for mathematical research and practice
68V15,68,68Vxx,"Theorem proving (automated and interactive theorem provers, deduction, resolution, etc.) [See also 03B35]","Computer science {For papers containing software, source code,",Computer science support for mathematical research and practice
68V20,68,68Vxx,"Formalization of mathematics in connection with theorem provers [See also 03B35, 68V15]","Computer science {For papers containing software, source code,",Computer science support for mathematical research and practice
68V25,68,68Vxx,Presentation and content markup for mathematics,"Computer science {For papers containing software, source code,",Computer science support for mathematical research and practice
68V30,68,68Vxx,Mathematical knowledge management,"Computer science {For papers containing software, source code,",Computer science support for mathematical research and practice
68V35,68,68Vxx,Digital mathematics libraries and repositories,"Computer science {For papers containing software, source code,",Computer science support for mathematical research and practice
68V99,68,68Vxx,"None of the above, but in this section","Computer science {For papers containing software, source code,",Computer science support for mathematical research and practice
68W01,68,68Wxx,General topics in the theory of algorithms,"Computer science {For papers containing software, source code,","Algorithms in computer science {For numerical algorithms, see 65-XX; for"
68W05,68,68Wxx,Nonnumerical algorithms,"Computer science {For papers containing software, source code,","Algorithms in computer science {For numerical algorithms, see 65-XX; for"
68W10,68,68Wxx,Parallel algorithms in computer science,"Computer science {For papers containing software, source code,","Algorithms in computer science {For numerical algorithms, see 65-XX; for"
68W15,68,68Wxx,Distributed algorithms,"Computer science {For papers containing software, source code,","Algorithms in computer science {For numerical algorithms, see 65-XX; for"
68W20,68,68Wxx,Randomized algorithms,"Computer science {For papers containing software, source code,","Algorithms in computer science {For numerical algorithms, see 65-XX; for"
68W25,68,68Wxx,Approximation algorithms,"Computer science {For papers containing software, source code,","Algorithms in computer science {For numerical algorithms, see 65-XX; for"
68W27,68,68Wxx,Online algorithms; streaming algorithms,"Computer science {For papers containing software, source code,","Algorithms in computer science {For numerical algorithms, see 65-XX; for"
68W30,68,68Wxx,"Symbolic computation and algebraic computation [See also 11Yxx, 12-08, 13Pxx, 14Qxx, 16Z05, 17-08,","Computer science {For papers containing software, source code,","Algorithms in computer science {For numerical algorithms, see 65-XX; for"
68W32,68,68Wxx,Algorithms on strings,"Computer science {For papers containing software, source code,","Algorithms in computer science {For numerical algorithms, see 65-XX; for"
68W35,68,68Wxx,"Hardware implementations of nonnumerical algorithms (VLSI algorithms, etc.) [See also 68M07]","Computer science {For papers containing software, source code,","Algorithms in computer science {For numerical algorithms, see 65-XX; for"
68W40,68,68Wxx,Analysis of algorithms [See also 68Q25],"Computer science {For papers containing software, source code,","Algorithms in computer science {For numerical algorithms, see 65-XX; for"
68W50,68,68Wxx,"Evolutionary algorithms, genetic algorithms (computational aspects) [See also 68T05, 68T20, 90C59]","Computer science {For papers containing software, source code,","Algorithms in computer science {For numerical algorithms, see 65-XX; for"
68W99,68,68Wxx,"None of the above, but in this section","Computer science {For papers containing software, source code,","Algorithms in computer science {For numerical algorithms, see 65-XX; for"
70A05,70,70Axx,"Axiomatics, foundations","Mechanics of particles and systems {For relativistic mechanics,","Axiomatics, foundations"
70A99,70,70Axx,"None of the above, but in this section","Mechanics of particles and systems {For relativistic mechanics,","Axiomatics, foundations"
70B05,70,70Bxx,Kinematics of a particle,"Mechanics of particles and systems {For relativistic mechanics,",Kinematics [See also 53A17]
70B10,70,70Bxx,Kinematics of a rigid body,"Mechanics of particles and systems {For relativistic mechanics,",Kinematics [See also 53A17]
70B15,70,70Bxx,"Kinematics of mechanisms and robots [See also 68T40, 70Q05, 93C85]","Mechanics of particles and systems {For relativistic mechanics,",Kinematics [See also 53A17]
70B99,70,70Bxx,"None of the above, but in this section","Mechanics of particles and systems {For relativistic mechanics,",Kinematics [See also 53A17]
70C20,70,70Cxx,Statics,"Mechanics of particles and systems {For relativistic mechanics,",Statics
70C99,70,70Cxx,"None of the above, but in this section","Mechanics of particles and systems {For relativistic mechanics,",Statics
70E05,70,70Exx,Motion of the gyroscope,"Mechanics of particles and systems {For relativistic mechanics,",Dynamics of a rigid body and of multibody systems
70E15,70,70Exx,Free motion of a rigid body [See also 70M20],"Mechanics of particles and systems {For relativistic mechanics,",Dynamics of a rigid body and of multibody systems
70E17,70,70Exx,Motion of a rigid body with a fixed point,"Mechanics of particles and systems {For relativistic mechanics,",Dynamics of a rigid body and of multibody systems
70E18,70,70Exx,Motion of a rigid body in contact with a solid surface [See also 70F25],"Mechanics of particles and systems {For relativistic mechanics,",Dynamics of a rigid body and of multibody systems
70E20,70,70Exx,Perturbation methods for rigid body dynamics,"Mechanics of particles and systems {For relativistic mechanics,",Dynamics of a rigid body and of multibody systems
70E40,70,70Exx,Integrable cases of motion in rigid body dynamics,"Mechanics of particles and systems {For relativistic mechanics,",Dynamics of a rigid body and of multibody systems
70E45,70,70Exx,Higher-dimensional generalizations in rigid body dynamics,"Mechanics of particles and systems {For relativistic mechanics,",Dynamics of a rigid body and of multibody systems
70E50,70,70Exx,Stability problems in rigid body dynamics,"Mechanics of particles and systems {For relativistic mechanics,",Dynamics of a rigid body and of multibody systems
70E55,70,70Exx,Dynamics of multibody systems,"Mechanics of particles and systems {For relativistic mechanics,",Dynamics of a rigid body and of multibody systems
70E60,70,70Exx,"Robot dynamics and control of rigid bodies [See also 68T40, 70Q05, 93C85]","Mechanics of particles and systems {For relativistic mechanics,",Dynamics of a rigid body and of multibody systems
70E99,70,70Exx,"None of the above, but in this section","Mechanics of particles and systems {For relativistic mechanics,",Dynamics of a rigid body and of multibody systems
70F05,70,70Fxx,Two-body problems,"Mechanics of particles and systems {For relativistic mechanics,","Dynamics of a system of particles, including celestial mechanics"
70F07,70,70Fxx,Three-body problems,"Mechanics of particles and systems {For relativistic mechanics,","Dynamics of a system of particles, including celestial mechanics"
70F10,70,70Fxx,n-body problems,"Mechanics of particles and systems {For relativistic mechanics,","Dynamics of a system of particles, including celestial mechanics"
70F15,70,70Fxx,Celestial mechanics,"Mechanics of particles and systems {For relativistic mechanics,","Dynamics of a system of particles, including celestial mechanics"
70F16,70,70Fxx,"Collisions in celestial mechanics, regularization","Mechanics of particles and systems {For relativistic mechanics,","Dynamics of a system of particles, including celestial mechanics"
70F17,70,70Fxx,Inverse problems for systems of particles,"Mechanics of particles and systems {For relativistic mechanics,","Dynamics of a system of particles, including celestial mechanics"
70F20,70,70Fxx,Holonomic systems related to the dynamics of a system of particles,"Mechanics of particles and systems {For relativistic mechanics,","Dynamics of a system of particles, including celestial mechanics"
70F25,70,70Fxx,Nonholonomic systems related to the dynamics of a system of particles,"Mechanics of particles and systems {For relativistic mechanics,","Dynamics of a system of particles, including celestial mechanics"
70F35,70,70Fxx,Collision of rigid or pseudo-rigid bodies,"Mechanics of particles and systems {For relativistic mechanics,","Dynamics of a system of particles, including celestial mechanics"
70F40,70,70Fxx,Problems involving a system of particles with friction,"Mechanics of particles and systems {For relativistic mechanics,","Dynamics of a system of particles, including celestial mechanics"
70F45,70,70Fxx,The dynamics of infinite particle systems,"Mechanics of particles and systems {For relativistic mechanics,","Dynamics of a system of particles, including celestial mechanics"
70F99,70,70Fxx,"None of the above, but in this section","Mechanics of particles and systems {For relativistic mechanics,","Dynamics of a system of particles, including celestial mechanics"
70G10,70,70Gxx,"Generalized coordinates; event, impulse-energy, configuration, state, or phase space for problems in mechanics","Mechanics of particles and systems {For relativistic mechanics,","General models, approaches, and methods in mechanics of particles and systems"
70G40,70,70Gxx,Topological and differential topological methods for problems in mechanics,"Mechanics of particles and systems {For relativistic mechanics,","General models, approaches, and methods in mechanics of particles and systems"
70G45,70,70Gxx,"Differential geometric methods (tensors, connections, symplectic, Poisson, contact, Riemannian, nonholonomic, etc.) for problems in mechanics [See also 53Cxx, 53Dxx, 58Axx]","Mechanics of particles and systems {For relativistic mechanics,","General models, approaches, and methods in mechanics of particles and systems"
70G55,70,70Gxx,Algebraic geometry methods for problems in mechanics,"Mechanics of particles and systems {For relativistic mechanics,","General models, approaches, and methods in mechanics of particles and systems"
70G60,70,70Gxx,Dynamical systems methods for problems in mechanics,"Mechanics of particles and systems {For relativistic mechanics,","General models, approaches, and methods in mechanics of particles and systems"
70G65,70,70Gxx,"Symmetries, Lie group and Lie algebra methods for problems in mechanics","Mechanics of particles and systems {For relativistic mechanics,","General models, approaches, and methods in mechanics of particles and systems"
70G70,70,70Gxx,Functional analytic methods for problems in mechanics,"Mechanics of particles and systems {For relativistic mechanics,","General models, approaches, and methods in mechanics of particles and systems"
70G75,70,70Gxx,Variational methods for problems in mechanics,"Mechanics of particles and systems {For relativistic mechanics,","General models, approaches, and methods in mechanics of particles and systems"
70G99,70,70Gxx,"None of the above, but in this section","Mechanics of particles and systems {For relativistic mechanics,","General models, approaches, and methods in mechanics of particles and systems"
70H03,70,70Hxx,Lagrange’s equations,"Mechanics of particles and systems {For relativistic mechanics,",Hamiltonian and Lagrangian mechanics [See also 37Jxx]
70H05,70,70Hxx,Hamilton’s equations,"Mechanics of particles and systems {For relativistic mechanics,",Hamiltonian and Lagrangian mechanics [See also 37Jxx]
70H06,70,70Hxx,Completely integrable systems and methods of integration for problems in Hamiltonian and Lagrangian,"Mechanics of particles and systems {For relativistic mechanics,",Hamiltonian and Lagrangian mechanics [See also 37Jxx]
70H07,70,70Hxx,Nonintegrable systems for problems in Hamiltonian and Lagrangian mechanics,"Mechanics of particles and systems {For relativistic mechanics,",Hamiltonian and Lagrangian mechanics [See also 37Jxx]
70H08,70,70Hxx,"Nearly integrable Hamiltonian systems, KAM theory","Mechanics of particles and systems {For relativistic mechanics,",Hamiltonian and Lagrangian mechanics [See also 37Jxx]
70H09,70,70Hxx,Perturbation theories for problems in Hamiltonian and Lagrangian mechanics,"Mechanics of particles and systems {For relativistic mechanics,",Hamiltonian and Lagrangian mechanics [See also 37Jxx]
70H11,70,70Hxx,Adiabatic invariants for problems in Hamiltonian and Lagrangian mechanics,"Mechanics of particles and systems {For relativistic mechanics,",Hamiltonian and Lagrangian mechanics [See also 37Jxx]
70H12,70,70Hxx,Periodic and almost periodic solutions for problems in Hamiltonian and Lagrangian mechanics,"Mechanics of particles and systems {For relativistic mechanics,",Hamiltonian and Lagrangian mechanics [See also 37Jxx]
70H14,70,70Hxx,Stability problems for problems in Hamiltonian and Lagrangian mechanics,"Mechanics of particles and systems {For relativistic mechanics,",Hamiltonian and Lagrangian mechanics [See also 37Jxx]
70H15,70,70Hxx,Canonical and symplectic transformations for problems in Hamiltonian and Lagrangian mechanics,"Mechanics of particles and systems {For relativistic mechanics,",Hamiltonian and Lagrangian mechanics [See also 37Jxx]
70H20,70,70Hxx,Hamilton-Jacobi equations in mechanics,"Mechanics of particles and systems {For relativistic mechanics,",Hamiltonian and Lagrangian mechanics [See also 37Jxx]
70H25,70,70Hxx,Hamilton’s principle,"Mechanics of particles and systems {For relativistic mechanics,",Hamiltonian and Lagrangian mechanics [See also 37Jxx]
70H30,70,70Hxx,Other variational principles in mechanics,"Mechanics of particles and systems {For relativistic mechanics,",Hamiltonian and Lagrangian mechanics [See also 37Jxx]
70H33,70,70Hxx,"Symmetries and conservation laws, reverse symmetries, invariant manifolds and their bifurcations, reduction","Mechanics of particles and systems {For relativistic mechanics,",Hamiltonian and Lagrangian mechanics [See also 37Jxx]
70H40,70,70Hxx,Relativistic dynamics for problems in Hamiltonian and Lagrangian mechanics,"Mechanics of particles and systems {For relativistic mechanics,",Hamiltonian and Lagrangian mechanics [See also 37Jxx]
70H45,70,70Hxx,"Constrained dynamics, Dirac’s theory of constraints [See also 70F20, 70F25, 70Gxx]","Mechanics of particles and systems {For relativistic mechanics,",Hamiltonian and Lagrangian mechanics [See also 37Jxx]
70H50,70,70Hxx,Higher-order theories for problems in Hamiltonian and Lagrangian mechanics,"Mechanics of particles and systems {For relativistic mechanics,",Hamiltonian and Lagrangian mechanics [See also 37Jxx]
70H99,70,70Hxx,"None of the above, but in this section","Mechanics of particles and systems {For relativistic mechanics,",Hamiltonian and Lagrangian mechanics [See also 37Jxx]
70J10,70,70Jxx,Modal analysis in linear vibration theory,"Mechanics of particles and systems {For relativistic mechanics,",Linear vibration theory
70J25,70,70Jxx,Stability for problems in linear vibration theory,"Mechanics of particles and systems {For relativistic mechanics,",Linear vibration theory
70J30,70,70Jxx,Free motions in linear vibration theory,"Mechanics of particles and systems {For relativistic mechanics,",Linear vibration theory
70J35,70,70Jxx,Forced motions in linear vibration theory,"Mechanics of particles and systems {For relativistic mechanics,",Linear vibration theory
70J40,70,70Jxx,Parametric resonances in linear vibration theory,"Mechanics of particles and systems {For relativistic mechanics,",Linear vibration theory
70J50,70,70Jxx,Systems arising from the discretization of structural vibration problems,"Mechanics of particles and systems {For relativistic mechanics,",Linear vibration theory
70J99,70,70Jxx,"None of the above, but in this section","Mechanics of particles and systems {For relativistic mechanics,",Linear vibration theory
70K05,70,70Kxx,"Phase plane analysis, limit cycles for nonlinear problems in mechanics","Mechanics of particles and systems {For relativistic mechanics,","Nonlinear dynamics in mechanics [See also 34Cxx, 37-XX]"
70K20,70,70Kxx,Stability for nonlinear problems in mechanics,"Mechanics of particles and systems {For relativistic mechanics,","Nonlinear dynamics in mechanics [See also 34Cxx, 37-XX]"
70K25,70,70Kxx,Free motions for nonlinear problems in mechanics,"Mechanics of particles and systems {For relativistic mechanics,","Nonlinear dynamics in mechanics [See also 34Cxx, 37-XX]"
70K28,70,70Kxx,Parametric resonances for nonlinear problems in mechanics,"Mechanics of particles and systems {For relativistic mechanics,","Nonlinear dynamics in mechanics [See also 34Cxx, 37-XX]"
70K30,70,70Kxx,Nonlinear resonances for nonlinear problems in mechanics,"Mechanics of particles and systems {For relativistic mechanics,","Nonlinear dynamics in mechanics [See also 34Cxx, 37-XX]"
70K40,70,70Kxx,Forced motions for nonlinear problems in mechanics,"Mechanics of particles and systems {For relativistic mechanics,","Nonlinear dynamics in mechanics [See also 34Cxx, 37-XX]"
70K42,70,70Kxx,Equilibria and periodic trajectories for nonlinear problems in mechanics,"Mechanics of particles and systems {For relativistic mechanics,","Nonlinear dynamics in mechanics [See also 34Cxx, 37-XX]"
70K43,70,70Kxx,Quasi-periodic motions and invariant tori for nonlinear problems in mechanics,"Mechanics of particles and systems {For relativistic mechanics,","Nonlinear dynamics in mechanics [See also 34Cxx, 37-XX]"
70K44,70,70Kxx,Homoclinic and heteroclinic trajectories for nonlinear problems in mechanics,"Mechanics of particles and systems {For relativistic mechanics,","Nonlinear dynamics in mechanics [See also 34Cxx, 37-XX]"
70K45,70,70Kxx,Normal forms for nonlinear problems in mechanics,"Mechanics of particles and systems {For relativistic mechanics,","Nonlinear dynamics in mechanics [See also 34Cxx, 37-XX]"
70K50,70,70Kxx,Bifurcations and instability for nonlinear problems in mechanics,"Mechanics of particles and systems {For relativistic mechanics,","Nonlinear dynamics in mechanics [See also 34Cxx, 37-XX]"
70K55,70,70Kxx,Transition to stochasticity (chaotic behavior) for nonlinear problems in mechanics [See also 37D45],"Mechanics of particles and systems {For relativistic mechanics,","Nonlinear dynamics in mechanics [See also 34Cxx, 37-XX]"
70K60,70,70Kxx,General perturbation schemes for nonlinear problems in mechanics,"Mechanics of particles and systems {For relativistic mechanics,","Nonlinear dynamics in mechanics [See also 34Cxx, 37-XX]"
70K65,70,70Kxx,Averaging of perturbations for nonlinear problems in mechanics,"Mechanics of particles and systems {For relativistic mechanics,","Nonlinear dynamics in mechanics [See also 34Cxx, 37-XX]"
70K70,70,70Kxx,Systems with slow and fast motions for nonlinear problems in mechanics,"Mechanics of particles and systems {For relativistic mechanics,","Nonlinear dynamics in mechanics [See also 34Cxx, 37-XX]"
70K75,70,70Kxx,Nonlinear modes,"Mechanics of particles and systems {For relativistic mechanics,","Nonlinear dynamics in mechanics [See also 34Cxx, 37-XX]"
70K99,70,70Kxx,"None of the above, but in this section","Mechanics of particles and systems {For relativistic mechanics,","Nonlinear dynamics in mechanics [See also 34Cxx, 37-XX]"
70L05,70,70Lxx,Random vibrations in mechanics of particles and systems [See also 74H50],"Mechanics of particles and systems {For relativistic mechanics,",Random and stochastic aspects of the mechanics of particles and systems
70L10,70,70Lxx,Stochastic geometric mechanics,"Mechanics of particles and systems {For relativistic mechanics,",Random and stochastic aspects of the mechanics of particles and systems
70L99,70,70Lxx,"None of the above, but in this section","Mechanics of particles and systems {For relativistic mechanics,",Random and stochastic aspects of the mechanics of particles and systems
70M20,70,70Mxx,Orbital mechanics,"Mechanics of particles and systems {For relativistic mechanics,",Orbital mechanics
70M99,70,70Mxx,"None of the above, but in this section","Mechanics of particles and systems {For relativistic mechanics,",Orbital mechanics
70P05,70,70Pxx,"Variable mass, rockets","Mechanics of particles and systems {For relativistic mechanics,","Variable mass, rockets"
70P99,70,70Pxx,"None of the above, but in this section","Mechanics of particles and systems {For relativistic mechanics,","Variable mass, rockets"
70Q05,70,70Qxx,Control of mechanical systems,"Mechanics of particles and systems {For relativistic mechanics,","Control of mechanical systems [See also 60Gxx, 60Jxx]"
70Q99,70,70Qxx,"None of the above, but in this section","Mechanics of particles and systems {For relativistic mechanics,","Control of mechanical systems [See also 60Gxx, 60Jxx]"
70S05,70,70Sxx,Lagrangian formalism and Hamiltonian formalism in mechanics of particles and systems,"Mechanics of particles and systems {For relativistic mechanics,","Classical field theories [See also 37Kxx, 37Lxx, 78-XX, 81Txx, 83-XX]"
70S10,70,70Sxx,Symmetries and conservation laws in mechanics of particles and systems,"Mechanics of particles and systems {For relativistic mechanics,","Classical field theories [See also 37Kxx, 37Lxx, 78-XX, 81Txx, 83-XX]"
70S15,70,70Sxx,Yang-Mills and other gauge theories in mechanics of particles and systems,"Mechanics of particles and systems {For relativistic mechanics,","Classical field theories [See also 37Kxx, 37Lxx, 78-XX, 81Txx, 83-XX]"
70S20,70,70Sxx,More general nonquantum field theories in mechanics of particles and systems,"Mechanics of particles and systems {For relativistic mechanics,","Classical field theories [See also 37Kxx, 37Lxx, 78-XX, 81Txx, 83-XX]"
70S99,70,70Sxx,"None of the above, but in this section","Mechanics of particles and systems {For relativistic mechanics,","Classical field theories [See also 37Kxx, 37Lxx, 78-XX, 81Txx, 83-XX]"
74A05,74,74Axx,Kinematics of deformation,Mechanics of deformable solids,"Generalities, axiomatics, foundations of continuum mechanics of solids"
74A10,74,74Axx,Stress,Mechanics of deformable solids,"Generalities, axiomatics, foundations of continuum mechanics of solids"
74A15,74,74Axx,Thermodynamics in solid mechanics,Mechanics of deformable solids,"Generalities, axiomatics, foundations of continuum mechanics of solids"
74A20,74,74Axx,Theory of constitutive functions in solid mechanics,Mechanics of deformable solids,"Generalities, axiomatics, foundations of continuum mechanics of solids"
74A25,74,74Axx,"Molecular, statistical, and kinetic theories in solid mechanics",Mechanics of deformable solids,"Generalities, axiomatics, foundations of continuum mechanics of solids"
74A30,74,74Axx,Nonsimple materials,Mechanics of deformable solids,"Generalities, axiomatics, foundations of continuum mechanics of solids"
74A35,74,74Axx,Polar materials,Mechanics of deformable solids,"Generalities, axiomatics, foundations of continuum mechanics of solids"
74A40,74,74Axx,Random materials and composite materials,Mechanics of deformable solids,"Generalities, axiomatics, foundations of continuum mechanics of solids"
74A45,74,74Axx,Theories of fracture and damage,Mechanics of deformable solids,"Generalities, axiomatics, foundations of continuum mechanics of solids"
74A50,74,74Axx,"Structured surfaces and interfaces, coexistent phases",Mechanics of deformable solids,"Generalities, axiomatics, foundations of continuum mechanics of solids"
74A55,74,74Axx,Theories of friction (tribology),Mechanics of deformable solids,"Generalities, axiomatics, foundations of continuum mechanics of solids"
74A60,74,74Axx,Micromechanical theories,Mechanics of deformable solids,"Generalities, axiomatics, foundations of continuum mechanics of solids"
74A65,74,74Axx,Reactive materials,Mechanics of deformable solids,"Generalities, axiomatics, foundations of continuum mechanics of solids"
74A70,74,74Axx,Peridynamics,Mechanics of deformable solids,"Generalities, axiomatics, foundations of continuum mechanics of solids"
74A99,74,74Axx,"None of the above, but in this section",Mechanics of deformable solids,"Generalities, axiomatics, foundations of continuum mechanics of solids"
74B05,74,74Bxx,Classical linear elasticity,Mechanics of deformable solids,Elastic materials
74B10,74,74Bxx,Linear elasticity with initial stresses,Mechanics of deformable solids,Elastic materials
74B15,74,74Bxx,Equations linearized about a deformed state (small deformations superposed on large),Mechanics of deformable solids,Elastic materials
74B20,74,74Bxx,Nonlinear elasticity,Mechanics of deformable solids,Elastic materials
74B99,74,74Bxx,"None of the above, but in this section",Mechanics of deformable solids,Elastic materials
74C05,74,74Cxx,"Small-strain, rate-independent theories of plasticity (including rigid-plastic and elasto-plastic materials)",Mechanics of deformable solids,"Plastic materials, materials of stress-rate and internal-variable type"
74C10,74,74Cxx,"Small-strain, rate-dependent theories of plasticity (including theories of viscoplasticity)",Mechanics of deformable solids,"Plastic materials, materials of stress-rate and internal-variable type"
74C15,74,74Cxx,"Large-strain, rate-independent theories of plasticity (including nonlinear plasticity)",Mechanics of deformable solids,"Plastic materials, materials of stress-rate and internal-variable type"
74C20,74,74Cxx,"Large-strain, rate-dependent theories of plasticity",Mechanics of deformable solids,"Plastic materials, materials of stress-rate and internal-variable type"
74C99,74,74Cxx,"None of the above, but in this section",Mechanics of deformable solids,"Plastic materials, materials of stress-rate and internal-variable type"
74D05,74,74Dxx,Linear constitutive equations for materials with memory,Mechanics of deformable solids,"Materials of strain-rate type and history type, other materials with memory"
74D10,74,74Dxx,Nonlinear constitutive equations for materials with memory,Mechanics of deformable solids,"Materials of strain-rate type and history type, other materials with memory"
74D99,74,74Dxx,"None of the above, but in this section",Mechanics of deformable solids,"Materials of strain-rate type and history type, other materials with memory"
74E05,74,74Exx,Inhomogeneity in solid mechanics,Mechanics of deformable solids,Material properties given special treatment
74E10,74,74Exx,Anisotropy in solid mechanics,Mechanics of deformable solids,Material properties given special treatment
74E15,74,74Exx,Crystalline structure,Mechanics of deformable solids,Material properties given special treatment
74E20,74,74Exx,Granularity,Mechanics of deformable solids,Material properties given special treatment
74E25,74,74Exx,Texture in solid mechanics,Mechanics of deformable solids,Material properties given special treatment
74E30,74,74Exx,Composite and mixture properties,Mechanics of deformable solids,Material properties given special treatment
74E35,74,74Exx,Random structure in solid mechanics,Mechanics of deformable solids,Material properties given special treatment
74E40,74,74Exx,Chemical structure in solid mechanics,Mechanics of deformable solids,Material properties given special treatment
74E99,74,74Exx,"None of the above, but in this section",Mechanics of deformable solids,Material properties given special treatment
74F05,74,74Fxx,Thermal effects in solid mechanics,Mechanics of deformable solids,Coupling of solid mechanics with other effects
74F10,74,74Fxx,"Fluid-solid interactions (including aero- and hydro-elasticity, porosity, etc.)",Mechanics of deformable solids,Coupling of solid mechanics with other effects
74F15,74,74Fxx,Electromagnetic effects in solid mechanics,Mechanics of deformable solids,Coupling of solid mechanics with other effects
74F20,74,74Fxx,Mixture effects in solid mechanics,Mechanics of deformable solids,Coupling of solid mechanics with other effects
74F25,74,74Fxx,Chemical and reactive effects in solid mechanics,Mechanics of deformable solids,Coupling of solid mechanics with other effects
74F99,74,74Fxx,"None of the above, but in this section",Mechanics of deformable solids,Coupling of solid mechanics with other effects
74G05,74,74Gxx,Explicit solutions of equilibrium problems in solid mechanics,Mechanics of deformable solids,Equilibrium (steady-state) problems in solid mechanics
74G10,74,74Gxx,"Analytic approximation of solutions (perturbation methods, asymptotic methods, series, etc.) of equilibrium",Mechanics of deformable solids,Equilibrium (steady-state) problems in solid mechanics
74G15,74,74Gxx,Numerical approximation of solutions of equilibrium problems in solid mechanics,Mechanics of deformable solids,Equilibrium (steady-state) problems in solid mechanics
74G22,74,74Gxx,Existence of solutions of equilibrium problems in solid mechanics,Mechanics of deformable solids,Equilibrium (steady-state) problems in solid mechanics
74G30,74,74Gxx,Uniqueness of solutions of equilibrium problems in solid mechanics,Mechanics of deformable solids,Equilibrium (steady-state) problems in solid mechanics
74G35,74,74Gxx,Multiplicity of solutions of equilibrium problems in solid mechanics,Mechanics of deformable solids,Equilibrium (steady-state) problems in solid mechanics
74G40,74,74Gxx,Regularity of solutions of equilibrium problems in solid mechanics,Mechanics of deformable solids,Equilibrium (steady-state) problems in solid mechanics
74G45,74,74Gxx,Bounds for solutions of equilibrium problems in solid mechanics,Mechanics of deformable solids,Equilibrium (steady-state) problems in solid mechanics
74G50,74,74Gxx,Saint-Venant’s principle,Mechanics of deformable solids,Equilibrium (steady-state) problems in solid mechanics
74G55,74,74Gxx,Qualitative behavior of solutions of equilibrium problems in solid mechanics,Mechanics of deformable solids,Equilibrium (steady-state) problems in solid mechanics
74G60,74,74Gxx,Bifurcation and buckling,Mechanics of deformable solids,Equilibrium (steady-state) problems in solid mechanics
74G65,74,74Gxx,Energy minimization in equilibrium problems in solid mechanics,Mechanics of deformable solids,Equilibrium (steady-state) problems in solid mechanics
74G70,74,74Gxx,"Stress concentrations, singularities in solid mechanics",Mechanics of deformable solids,Equilibrium (steady-state) problems in solid mechanics
74G75,74,74Gxx,Inverse problems in equilibrium solid mechanics,Mechanics of deformable solids,Equilibrium (steady-state) problems in solid mechanics
74G99,74,74Gxx,"None of the above, but in this section",Mechanics of deformable solids,Equilibrium (steady-state) problems in solid mechanics
74H05,74,74Hxx,Explicit solutions of dynamical problems in solid mechanics,Mechanics of deformable solids,Dynamical problems in solid mechanics
74H10,74,74Hxx,"Analytic approximation of solutions (perturbation methods, asymptotic methods, series, etc.) of dynamical",Mechanics of deformable solids,Dynamical problems in solid mechanics
74H15,74,74Hxx,Numerical approximation of solutions of dynamical problems in solid mechanics,Mechanics of deformable solids,Dynamical problems in solid mechanics
74H20,74,74Hxx,Existence of solutions of dynamical problems in solid mechanics,Mechanics of deformable solids,Dynamical problems in solid mechanics
74H25,74,74Hxx,Uniqueness of solutions of dynamical problems in solid mechanics,Mechanics of deformable solids,Dynamical problems in solid mechanics
74H30,74,74Hxx,Regularity of solutions of dynamical problems in solid mechanics,Mechanics of deformable solids,Dynamical problems in solid mechanics
74H35,74,74Hxx,"Singularities, blow-up, stress concentrations for dynamical problems in solid mechanics",Mechanics of deformable solids,Dynamical problems in solid mechanics
74H40,74,74Hxx,Long-time behavior of solutions for dynamical problems in solid mechanics,Mechanics of deformable solids,Dynamical problems in solid mechanics
74H45,74,74Hxx,Vibrations in dynamical problems in solid mechanics,Mechanics of deformable solids,Dynamical problems in solid mechanics
74H50,74,74Hxx,Random vibrations in dynamical problems in solid mechanics,Mechanics of deformable solids,Dynamical problems in solid mechanics
74H55,74,74Hxx,Stability of dynamical problems in solid mechanics,Mechanics of deformable solids,Dynamical problems in solid mechanics
74H60,74,74Hxx,Dynamical bifurcation of solutions to dynamical problems in solid mechanics,Mechanics of deformable solids,Dynamical problems in solid mechanics
74H65,74,74Hxx,Chaotic behavior of solutions to dynamical problems in solid mechanics,Mechanics of deformable solids,Dynamical problems in solid mechanics
74H75,74,74Hxx,Inverse problems in dynamical solid mechanics,Mechanics of deformable solids,Dynamical problems in solid mechanics
74H80,74,74Hxx,Energy minimization in dynamical problems in solid mechanics,Mechanics of deformable solids,Dynamical problems in solid mechanics
74H99,74,74Hxx,"None of the above, but in this section",Mechanics of deformable solids,Dynamical problems in solid mechanics
74J05,74,74Jxx,Linear waves in solid mechanics,Mechanics of deformable solids,Waves in solid mechanics
74J10,74,74Jxx,Bulk waves in solid mechanics,Mechanics of deformable solids,Waves in solid mechanics
74J15,74,74Jxx,Surface waves in solid mechanics,Mechanics of deformable solids,Waves in solid mechanics
74J20,74,74Jxx,Wave scattering in solid mechanics,Mechanics of deformable solids,Waves in solid mechanics
74J25,74,74Jxx,Inverse problems for waves in solid mechanics,Mechanics of deformable solids,Waves in solid mechanics
74J30,74,74Jxx,Nonlinear waves in solid mechanics,Mechanics of deformable solids,Waves in solid mechanics
74J35,74,74Jxx,Solitary waves in solid mechanics,Mechanics of deformable solids,Waves in solid mechanics
74J40,74,74Jxx,Shocks and related discontinuities in solid mechanics,Mechanics of deformable solids,Waves in solid mechanics
74J99,74,74Jxx,"None of the above, but in this section",Mechanics of deformable solids,Waves in solid mechanics
74K05,74,74Kxx,Strings,Mechanics of deformable solids,"Thin bodies, structures"
74K10,74,74Kxx,"Rods (beams, columns, shafts, arches, rings, etc.)",Mechanics of deformable solids,"Thin bodies, structures"
74K15,74,74Kxx,Membranes,Mechanics of deformable solids,"Thin bodies, structures"
74K20,74,74Kxx,Plates,Mechanics of deformable solids,"Thin bodies, structures"
74K25,74,74Kxx,Shells,Mechanics of deformable solids,"Thin bodies, structures"
74K30,74,74Kxx,Junctions,Mechanics of deformable solids,"Thin bodies, structures"
74K35,74,74Kxx,Thin films,Mechanics of deformable solids,"Thin bodies, structures"
74K99,74,74Kxx,"None of the above, but in this section",Mechanics of deformable solids,"Thin bodies, structures"
74L05,74,74Lxx,Geophysical solid mechanics [See also 86-XX],Mechanics of deformable solids,Special subfields of solid mechanics
74L10,74,74Lxx,Soil and rock mechanics,Mechanics of deformable solids,Special subfields of solid mechanics
74L15,74,74Lxx,Biomechanical solid mechanics [See also 92C10],Mechanics of deformable solids,Special subfields of solid mechanics
74L99,74,74Lxx,"None of the above, but in this section",Mechanics of deformable solids,Special subfields of solid mechanics
74M05,74,74Mxx,"Control, switches and devices (“smart materials”) in solid mechanics [See also 93Cxx]",Mechanics of deformable solids,Special kinds of problems in solid mechanics
74M10,74,74Mxx,Friction in solid mechanics,Mechanics of deformable solids,Special kinds of problems in solid mechanics
74M15,74,74Mxx,Contact in solid mechanics,Mechanics of deformable solids,Special kinds of problems in solid mechanics
74M20,74,74Mxx,Impact in solid mechanics,Mechanics of deformable solids,Special kinds of problems in solid mechanics
74M25,74,74Mxx,Micromechanics of solids,Mechanics of deformable solids,Special kinds of problems in solid mechanics
74M99,74,74Mxx,"None of the above, but in this section",Mechanics of deformable solids,Special kinds of problems in solid mechanics
74N05,74,74Nxx,Crystals in solids,Mechanics of deformable solids,"Phase transformations in solids [See also 74A50, 80A22, 82B26, 82C26]"
74N10,74,74Nxx,Displacive transformations in solids,Mechanics of deformable solids,"Phase transformations in solids [See also 74A50, 80A22, 82B26, 82C26]"
74N15,74,74Nxx,Analysis of microstructure in solids,Mechanics of deformable solids,"Phase transformations in solids [See also 74A50, 80A22, 82B26, 82C26]"
74N20,74,74Nxx,Dynamics of phase boundaries in solids,Mechanics of deformable solids,"Phase transformations in solids [See also 74A50, 80A22, 82B26, 82C26]"
74N25,74,74Nxx,Transformations involving diffusion in solids,Mechanics of deformable solids,"Phase transformations in solids [See also 74A50, 80A22, 82B26, 82C26]"
74N30,74,74Nxx,Problems involving hysteresis in solids,Mechanics of deformable solids,"Phase transformations in solids [See also 74A50, 80A22, 82B26, 82C26]"
74N99,74,74Nxx,"None of the above, but in this section",Mechanics of deformable solids,"Phase transformations in solids [See also 74A50, 80A22, 82B26, 82C26]"
74P05,74,74Pxx,Compliance or weight optimization in solid mechanics,Mechanics of deformable solids,Optimization problems in solid mechanics [See also 49Qxx]
74P10,74,74Pxx,Optimization of other properties in solid mechanics,Mechanics of deformable solids,Optimization problems in solid mechanics [See also 49Qxx]
74P15,74,74Pxx,Topological methods for optimization problems in solid mechanics,Mechanics of deformable solids,Optimization problems in solid mechanics [See also 49Qxx]
74P20,74,74Pxx,Geometrical methods for optimization problems in solid mechanics,Mechanics of deformable solids,Optimization problems in solid mechanics [See also 49Qxx]
74P99,74,74Pxx,"None of the above, but in this section",Mechanics of deformable solids,Optimization problems in solid mechanics [See also 49Qxx]
74Q05,74,74Qxx,Homogenization in equilibrium problems of solid mechanics,Mechanics of deformable solids,"Homogenization, determination of effective properties in solid mechanics"
74Q10,74,74Qxx,Homogenization and oscillations in dynamical problems of solid mechanics,Mechanics of deformable solids,"Homogenization, determination of effective properties in solid mechanics"
74Q15,74,74Qxx,Effective constitutive equations in solid mechanics,Mechanics of deformable solids,"Homogenization, determination of effective properties in solid mechanics"
74Q20,74,74Qxx,Bounds on effective properties in solid mechanics,Mechanics of deformable solids,"Homogenization, determination of effective properties in solid mechanics"
74Q99,74,74Qxx,"None of the above, but in this section",Mechanics of deformable solids,"Homogenization, determination of effective properties in solid mechanics"
74R05,74,74Rxx,Brittle damage,Mechanics of deformable solids,Fracture and damage
74R10,74,74Rxx,Brittle fracture,Mechanics of deformable solids,Fracture and damage
74R15,74,74Rxx,High-velocity fracture,Mechanics of deformable solids,Fracture and damage
74R20,74,74Rxx,Anelastic fracture and damage,Mechanics of deformable solids,Fracture and damage
74R99,74,74Rxx,"None of the above, but in this section",Mechanics of deformable solids,Fracture and damage
74S05,74,74Sxx,Finite element methods applied to problems in solid mechanics,Mechanics of deformable solids,"Numerical and other methods in solid mechanics [See also 65-XX, 74G15, 74H15]"
74S10,74,74Sxx,Finite volume methods applied to problems in solid mechanics,Mechanics of deformable solids,"Numerical and other methods in solid mechanics [See also 65-XX, 74G15, 74H15]"
74S15,74,74Sxx,Boundary element methods applied to problems in solid mechanics,Mechanics of deformable solids,"Numerical and other methods in solid mechanics [See also 65-XX, 74G15, 74H15]"
74S20,74,74Sxx,Finite difference methods applied to problems in solid mechanics,Mechanics of deformable solids,"Numerical and other methods in solid mechanics [See also 65-XX, 74G15, 74H15]"
74S22,74,74Sxx,Isogeometric methods applied to problems in solid mechanics,Mechanics of deformable solids,"Numerical and other methods in solid mechanics [See also 65-XX, 74G15, 74H15]"
74S25,74,74Sxx,Spectral and related methods applied to problems in solid mechanics,Mechanics of deformable solids,"Numerical and other methods in solid mechanics [See also 65-XX, 74G15, 74H15]"
74S40,74,74Sxx,Applications of fractional calculus in solid mechanics,Mechanics of deformable solids,"Numerical and other methods in solid mechanics [See also 65-XX, 74G15, 74H15]"
74S50,74,74Sxx,Applications of graph theory in solid mechanics,Mechanics of deformable solids,"Numerical and other methods in solid mechanics [See also 65-XX, 74G15, 74H15]"
74S60,74,74Sxx,Stochastic and other probabilistic methods applied to problems in solid mechanics,Mechanics of deformable solids,"Numerical and other methods in solid mechanics [See also 65-XX, 74G15, 74H15]"
74S70,74,74Sxx,Complex-variable methods applied to problems in solid mechanics,Mechanics of deformable solids,"Numerical and other methods in solid mechanics [See also 65-XX, 74G15, 74H15]"
74S99,74,74Sxx,"None of the above, but in this section",Mechanics of deformable solids,"Numerical and other methods in solid mechanics [See also 65-XX, 74G15, 74H15]"
76A02,76,76Axx,Foundations of fluid mechanics,"Fluid mechanics {For general continuum mechanics, see 74Axx,","Foundations, constitutive equations, rheology, hydrodynamical models of nonfluid phenomena"
76A05,76,76Axx,Non-Newtonian fluids,"Fluid mechanics {For general continuum mechanics, see 74Axx,","Foundations, constitutive equations, rheology, hydrodynamical models of nonfluid phenomena"
76A10,76,76Axx,Viscoelastic fluids,"Fluid mechanics {For general continuum mechanics, see 74Axx,","Foundations, constitutive equations, rheology, hydrodynamical models of nonfluid phenomena"
76A15,76,76Axx,Liquid crystals [See also 82D30],"Fluid mechanics {For general continuum mechanics, see 74Axx,","Foundations, constitutive equations, rheology, hydrodynamical models of nonfluid phenomena"
76A20,76,76Axx,Thin fluid films,"Fluid mechanics {For general continuum mechanics, see 74Axx,","Foundations, constitutive equations, rheology, hydrodynamical models of nonfluid phenomena"
76A25,76,76Axx,Superfluids (classical aspects),"Fluid mechanics {For general continuum mechanics, see 74Axx,","Foundations, constitutive equations, rheology, hydrodynamical models of nonfluid phenomena"
76A30,76,76Axx,Traffic and pedestrian flow models,"Fluid mechanics {For general continuum mechanics, see 74Axx,","Foundations, constitutive equations, rheology, hydrodynamical models of nonfluid phenomena"
76A99,76,76Axx,"None of the above, but in this section","Fluid mechanics {For general continuum mechanics, see 74Axx,","Foundations, constitutive equations, rheology, hydrodynamical models of nonfluid phenomena"
76B03,76,76Bxx,"Existence, uniqueness, and regularity theory for incompressible inviscid fluids [See also 35Q35]","Fluid mechanics {For general continuum mechanics, see 74Axx,",Incompressible inviscid fluids
76B07,76,76Bxx,Free-surface potential flows for incompressible inviscid fluids,"Fluid mechanics {For general continuum mechanics, see 74Axx,",Incompressible inviscid fluids
76B10,76,76Bxx,"Jets and cavities, cavitation, free-streamline theory, water-entry problems, airfoil and hydrofoil theory, sloshing","Fluid mechanics {For general continuum mechanics, see 74Axx,",Incompressible inviscid fluids
76B15,76,76Bxx,"Water waves, gravity waves; dispersion and scattering, nonlinear interaction [See also 35Q30]","Fluid mechanics {For general continuum mechanics, see 74Axx,",Incompressible inviscid fluids
76B20,76,76Bxx,Ship waves,"Fluid mechanics {For general continuum mechanics, see 74Axx,",Incompressible inviscid fluids
76B25,76,76Bxx,Solitary waves for incompressible inviscid fluids [See also 35C11],"Fluid mechanics {For general continuum mechanics, see 74Axx,",Incompressible inviscid fluids
76B45,76,76Bxx,Capillarity (surface tension) for incompressible inviscid fluids [See also 76D45],"Fluid mechanics {For general continuum mechanics, see 74Axx,",Incompressible inviscid fluids
76B47,76,76Bxx,Vortex flows for incompressible inviscid fluids,"Fluid mechanics {For general continuum mechanics, see 74Axx,",Incompressible inviscid fluids
76B55,76,76Bxx,Internal waves for incompressible inviscid fluids,"Fluid mechanics {For general continuum mechanics, see 74Axx,",Incompressible inviscid fluids
76B70,76,76Bxx,Stratification effects in inviscid fluids,"Fluid mechanics {For general continuum mechanics, see 74Axx,",Incompressible inviscid fluids
76B75,76,76Bxx,"Flow control and optimization for incompressible inviscid fluids [See also 49Q10, 93C20, 93C95]","Fluid mechanics {For general continuum mechanics, see 74Axx,",Incompressible inviscid fluids
76B99,76,76Bxx,"None of the above, but in this section","Fluid mechanics {For general continuum mechanics, see 74Axx,",Incompressible inviscid fluids
76D03,76,76Dxx,"Existence, uniqueness, and regularity theory for incompressible viscous fluids [See also 35Q30]","Fluid mechanics {For general continuum mechanics, see 74Axx,",Incompressible viscous fluids
76D05,76,76Dxx,Navier-Stokes equations for incompressible viscous fluids [See also 35Q30],"Fluid mechanics {For general continuum mechanics, see 74Axx,",Incompressible viscous fluids
76D06,76,76Dxx,"Statistical solutions of Navier-Stokes and related equations [See also 60H30, 76M35]","Fluid mechanics {For general continuum mechanics, see 74Axx,",Incompressible viscous fluids
76D07,76,76Dxx,"Stokes and related (Oseen, etc.) flows","Fluid mechanics {For general continuum mechanics, see 74Axx,",Incompressible viscous fluids
76D08,76,76Dxx,Lubrication theory,"Fluid mechanics {For general continuum mechanics, see 74Axx,",Incompressible viscous fluids
76D09,76,76Dxx,Viscous-inviscid interaction,"Fluid mechanics {For general continuum mechanics, see 74Axx,",Incompressible viscous fluids
76D10,76,76Dxx,"Boundary-layer theory, separation and reattachment, higher-order effects","Fluid mechanics {For general continuum mechanics, see 74Axx,",Incompressible viscous fluids
76D17,76,76Dxx,Viscous vortex flows,"Fluid mechanics {For general continuum mechanics, see 74Axx,",Incompressible viscous fluids
76D25,76,76Dxx,Wakes and jets,"Fluid mechanics {For general continuum mechanics, see 74Axx,",Incompressible viscous fluids
76D27,76,76Dxx,Other free boundary flows; Hele-Shaw flows,"Fluid mechanics {For general continuum mechanics, see 74Axx,",Incompressible viscous fluids
76D33,76,76Dxx,Waves for incompressible viscous fluids,"Fluid mechanics {For general continuum mechanics, see 74Axx,",Incompressible viscous fluids
76D45,76,76Dxx,Capillarity (surface tension) for incompressible viscous fluids [See also 76B45],"Fluid mechanics {For general continuum mechanics, see 74Axx,",Incompressible viscous fluids
76D50,76,76Dxx,Stratification effects in viscous fluids,"Fluid mechanics {For general continuum mechanics, see 74Axx,",Incompressible viscous fluids
76D55,76,76Dxx,"Flow control and optimization for incompressible viscous fluids [See also 49Q10, 93C20, 93C95]","Fluid mechanics {For general continuum mechanics, see 74Axx,",Incompressible viscous fluids
76D99,76,76Dxx,"None of the above, but in this section","Fluid mechanics {For general continuum mechanics, see 74Axx,",Incompressible viscous fluids
76E05,76,76Exx,Parallel shear flows in hydrodynamic stability,"Fluid mechanics {For general continuum mechanics, see 74Axx,",Hydrodynamic stability
76E06,76,76Exx,Convection in hydrodynamic stability,"Fluid mechanics {For general continuum mechanics, see 74Axx,",Hydrodynamic stability
76E07,76,76Exx,Rotation in hydrodynamic stability,"Fluid mechanics {For general continuum mechanics, see 74Axx,",Hydrodynamic stability
76E09,76,76Exx,Stability and instability of nonparallel flows in hydrodynamic stability,"Fluid mechanics {For general continuum mechanics, see 74Axx,",Hydrodynamic stability
76E15,76,76Exx,Absolute and convective instability and stability in hydrodynamic stability,"Fluid mechanics {For general continuum mechanics, see 74Axx,",Hydrodynamic stability
76E17,76,76Exx,Interfacial stability and instability in hydrodynamic stability,"Fluid mechanics {For general continuum mechanics, see 74Axx,",Hydrodynamic stability
76E19,76,76Exx,Compressibility effects in hydrodynamic stability,"Fluid mechanics {For general continuum mechanics, see 74Axx,",Hydrodynamic stability
76E20,76,76Exx,Stability and instability of geophysical and astrophysical flows,"Fluid mechanics {For general continuum mechanics, see 74Axx,",Hydrodynamic stability
76E25,76,76Exx,Stability and instability of magnetohydrodynamic and electrohydrodynamic flows,"Fluid mechanics {For general continuum mechanics, see 74Axx,",Hydrodynamic stability
76E30,76,76Exx,Nonlinear effects in hydrodynamic stability,"Fluid mechanics {For general continuum mechanics, see 74Axx,",Hydrodynamic stability
76E99,76,76Exx,"None of the above, but in this section","Fluid mechanics {For general continuum mechanics, see 74Axx,",Hydrodynamic stability
76F02,76,76Fxx,Fundamentals of turbulence,"Fluid mechanics {For general continuum mechanics, see 74Axx,","Turbulence [See also 37-XX, 60Gxx, 60Jxx]"
76F05,76,76Fxx,Isotropic turbulence; homogeneous turbulence,"Fluid mechanics {For general continuum mechanics, see 74Axx,","Turbulence [See also 37-XX, 60Gxx, 60Jxx]"
76F06,76,76Fxx,Transition to turbulence,"Fluid mechanics {For general continuum mechanics, see 74Axx,","Turbulence [See also 37-XX, 60Gxx, 60Jxx]"
76F10,76,76Fxx,Shear flows and turbulence,"Fluid mechanics {For general continuum mechanics, see 74Axx,","Turbulence [See also 37-XX, 60Gxx, 60Jxx]"
76F20,76,76Fxx,Dynamical systems approach to turbulence [See also 37-XX],"Fluid mechanics {For general continuum mechanics, see 74Axx,","Turbulence [See also 37-XX, 60Gxx, 60Jxx]"
76F25,76,76Fxx,"Turbulent transport, mixing","Fluid mechanics {For general continuum mechanics, see 74Axx,","Turbulence [See also 37-XX, 60Gxx, 60Jxx]"
76F30,76,76Fxx,Renormalization and other field-theoretical methods for turbulence [See also 81T99],"Fluid mechanics {For general continuum mechanics, see 74Axx,","Turbulence [See also 37-XX, 60Gxx, 60Jxx]"
76F35,76,76Fxx,"Convective turbulence [See also 76E15, 76Rxx]","Fluid mechanics {For general continuum mechanics, see 74Axx,","Turbulence [See also 37-XX, 60Gxx, 60Jxx]"
76F40,76,76Fxx,Turbulent boundary layers,"Fluid mechanics {For general continuum mechanics, see 74Axx,","Turbulence [See also 37-XX, 60Gxx, 60Jxx]"
76F45,76,76Fxx,Stratification effects in turbulence,"Fluid mechanics {For general continuum mechanics, see 74Axx,","Turbulence [See also 37-XX, 60Gxx, 60Jxx]"
76F50,76,76Fxx,Compressibility effects in turbulence,"Fluid mechanics {For general continuum mechanics, see 74Axx,","Turbulence [See also 37-XX, 60Gxx, 60Jxx]"
76F55,76,76Fxx,Statistical turbulence modeling [See also 76M35],"Fluid mechanics {For general continuum mechanics, see 74Axx,","Turbulence [See also 37-XX, 60Gxx, 60Jxx]"
76F60,76,76Fxx,k-ε modeling in turbulence,"Fluid mechanics {For general continuum mechanics, see 74Axx,","Turbulence [See also 37-XX, 60Gxx, 60Jxx]"
76F65,76,76Fxx,Direct numerical and large eddy simulation of turbulence,"Fluid mechanics {For general continuum mechanics, see 74Axx,","Turbulence [See also 37-XX, 60Gxx, 60Jxx]"
76F70,76,76Fxx,Control of turbulent flows,"Fluid mechanics {For general continuum mechanics, see 74Axx,","Turbulence [See also 37-XX, 60Gxx, 60Jxx]"
76F80,76,76Fxx,Turbulent combustion; reactive turbulence,"Fluid mechanics {For general continuum mechanics, see 74Axx,","Turbulence [See also 37-XX, 60Gxx, 60Jxx]"
76F99,76,76Fxx,"None of the above, but in this section","Fluid mechanics {For general continuum mechanics, see 74Axx,","Turbulence [See also 37-XX, 60Gxx, 60Jxx]"
76G25,76,76Gxx,General aerodynamics and subsonic flows,"Fluid mechanics {For general continuum mechanics, see 74Axx,",General aerodynamics and subsonic flows
76G99,76,76Gxx,"None of the above, but in this section","Fluid mechanics {For general continuum mechanics, see 74Axx,",General aerodynamics and subsonic flows
76H05,76,76Hxx,Transonic flows,"Fluid mechanics {For general continuum mechanics, see 74Axx,",Transonic flows
76H99,76,76Hxx,"None of the above, but in this section","Fluid mechanics {For general continuum mechanics, see 74Axx,",Transonic flows
76J20,76,76Jxx,Supersonic flows,"Fluid mechanics {For general continuum mechanics, see 74Axx,",Supersonic flows
76J99,76,76Jxx,"None of the above, but in this section","Fluid mechanics {For general continuum mechanics, see 74Axx,",Supersonic flows
76K05,76,76Kxx,Hypersonic flows,"Fluid mechanics {For general continuum mechanics, see 74Axx,",Hypersonic flows
76K99,76,76Kxx,"None of the above, but in this section","Fluid mechanics {For general continuum mechanics, see 74Axx,",Hypersonic flows
76L05,76,76Lxx,Shock waves and blast waves in fluid mechanics [See also 35L67],"Fluid mechanics {For general continuum mechanics, see 74Axx,",Shock waves and blast waves in fluid mechanics [See also 35L67]
76L99,76,76Lxx,"None of the above, but in this section","Fluid mechanics {For general continuum mechanics, see 74Axx,",Shock waves and blast waves in fluid mechanics [See also 35L67]
76M10,76,76Mxx,Finite element methods applied to problems in fluid mechanics,"Fluid mechanics {For general continuum mechanics, see 74Axx,",Basic methods in fluid mechanics [See also 65-XX]
76M12,76,76Mxx,Finite volume methods applied to problems in fluid mechanics,"Fluid mechanics {For general continuum mechanics, see 74Axx,",Basic methods in fluid mechanics [See also 65-XX]
76M15,76,76Mxx,Boundary element methods applied to problems in fluid mechanics,"Fluid mechanics {For general continuum mechanics, see 74Axx,",Basic methods in fluid mechanics [See also 65-XX]
76M20,76,76Mxx,Finite difference methods applied to problems in fluid mechanics,"Fluid mechanics {For general continuum mechanics, see 74Axx,",Basic methods in fluid mechanics [See also 65-XX]
76M21,76,76Mxx,Inverse problems in fluid mechanics,"Fluid mechanics {For general continuum mechanics, see 74Axx,",Basic methods in fluid mechanics [See also 65-XX]
76M22,76,76Mxx,Spectral methods applied to problems in fluid mechanics,"Fluid mechanics {For general continuum mechanics, see 74Axx,",Basic methods in fluid mechanics [See also 65-XX]
76M23,76,76Mxx,Vortex methods applied to problems in fluid mechanics,"Fluid mechanics {For general continuum mechanics, see 74Axx,",Basic methods in fluid mechanics [See also 65-XX]
76M27,76,76Mxx,Visualization algorithms applied to problems in fluid mechanics,"Fluid mechanics {For general continuum mechanics, see 74Axx,",Basic methods in fluid mechanics [See also 65-XX]
76M28,76,76Mxx,Particle methods and lattice-gas methods,"Fluid mechanics {For general continuum mechanics, see 74Axx,",Basic methods in fluid mechanics [See also 65-XX]
76M30,76,76Mxx,Variational methods applied to problems in fluid mechanics,"Fluid mechanics {For general continuum mechanics, see 74Axx,",Basic methods in fluid mechanics [See also 65-XX]
76M35,76,76Mxx,Stochastic analysis applied to problems in fluid mechanics,"Fluid mechanics {For general continuum mechanics, see 74Axx,",Basic methods in fluid mechanics [See also 65-XX]
76M40,76,76Mxx,Complex variables methods applied to problems in fluid mechanics,"Fluid mechanics {For general continuum mechanics, see 74Axx,",Basic methods in fluid mechanics [See also 65-XX]
76M45,76,76Mxx,"Asymptotic methods, singular perturbations applied to problems in fluid mechanics","Fluid mechanics {For general continuum mechanics, see 74Axx,",Basic methods in fluid mechanics [See also 65-XX]
76M50,76,76Mxx,Homogenization applied to problems in fluid mechanics,"Fluid mechanics {For general continuum mechanics, see 74Axx,",Basic methods in fluid mechanics [See also 65-XX]
76M55,76,76Mxx,Dimensional analysis and similarity applied to problems in fluid mechanics,"Fluid mechanics {For general continuum mechanics, see 74Axx,",Basic methods in fluid mechanics [See also 65-XX]
76M60,76,76Mxx,"Symmetry analysis, Lie group and Lie algebra methods applied to problems in fluid mechanics","Fluid mechanics {For general continuum mechanics, see 74Axx,",Basic methods in fluid mechanics [See also 65-XX]
76M99,76,76Mxx,"None of the above, but in this section","Fluid mechanics {For general continuum mechanics, see 74Axx,",Basic methods in fluid mechanics [See also 65-XX]
76N06,76,76Nxx,Compressible Navier-Stokes equations,"Fluid mechanics {For general continuum mechanics, see 74Axx,",Compressible fluids and gas dynamics
76N10,76,76Nxx,"Existence, uniqueness, and regularity theory for compressible fluids and gas dynamics [See also 35L60, 35L65,","Fluid mechanics {For general continuum mechanics, see 74Axx,",Compressible fluids and gas dynamics
76N15,76,76Nxx,Gas dynamics (general theory),"Fluid mechanics {For general continuum mechanics, see 74Axx,",Compressible fluids and gas dynamics
76N17,76,76Nxx,Viscous-inviscid interaction for compressible fluids and gas dynamics,"Fluid mechanics {For general continuum mechanics, see 74Axx,",Compressible fluids and gas dynamics
76N20,76,76Nxx,Boundary-layer theory for compressible fluids and gas dynamics,"Fluid mechanics {For general continuum mechanics, see 74Axx,",Compressible fluids and gas dynamics
76N25,76,76Nxx,Flow control and optimization for compressible fluids and gas dynamics,"Fluid mechanics {For general continuum mechanics, see 74Axx,",Compressible fluids and gas dynamics
76N30,76,76Nxx,Waves in compressible fluids,"Fluid mechanics {For general continuum mechanics, see 74Axx,",Compressible fluids and gas dynamics
76N99,76,76Nxx,"None of the above, but in this section","Fluid mechanics {For general continuum mechanics, see 74Axx,",Compressible fluids and gas dynamics
76P05,76,76Pxx,"Rarefied gas flows, Boltzmann equation in fluid mechanics [See also 82B40, 82C40, 82D05]","Fluid mechanics {For general continuum mechanics, see 74Axx,","Rarefied gas flows, Boltzmann equation in fluid mechanics [See also 82B40,"
76P99,76,76Pxx,"None of the above, but in this section","Fluid mechanics {For general continuum mechanics, see 74Axx,","Rarefied gas flows, Boltzmann equation in fluid mechanics [See also 82B40,"
76Q05,76,76Qxx,Hydro- and aero-acoustics,"Fluid mechanics {For general continuum mechanics, see 74Axx,",Hydro- and aero-acoustics
76Q99,76,76Qxx,"None of the above, but in this section","Fluid mechanics {For general continuum mechanics, see 74Axx,",Hydro- and aero-acoustics
76R05,76,76Rxx,Forced convection,"Fluid mechanics {For general continuum mechanics, see 74Axx,",Diffusion and convection
76R10,76,76Rxx,Free convection,"Fluid mechanics {For general continuum mechanics, see 74Axx,",Diffusion and convection
76R50,76,76Rxx,Diffusion [See also 60J60],"Fluid mechanics {For general continuum mechanics, see 74Axx,",Diffusion and convection
76R99,76,76Rxx,"None of the above, but in this section","Fluid mechanics {For general continuum mechanics, see 74Axx,",Diffusion and convection
76S05,76,76Sxx,Flows in porous media; filtration; seepage,"Fluid mechanics {For general continuum mechanics, see 74Axx,",Flows in porous media; filtration; seepage
76S99,76,76Sxx,"None of the above, but in this section","Fluid mechanics {For general continuum mechanics, see 74Axx,",Flows in porous media; filtration; seepage
76T06,76,76Txx,Liquid-liquid two component flows,"Fluid mechanics {For general continuum mechanics, see 74Axx,",Multiphase and multicomponent flows
76T10,76,76Txx,"Liquid-gas two-phase flows, bubbly flows","Fluid mechanics {For general continuum mechanics, see 74Axx,",Multiphase and multicomponent flows
76T15,76,76Txx,Dusty-gas two-phase flows,"Fluid mechanics {For general continuum mechanics, see 74Axx,",Multiphase and multicomponent flows
76T17,76,76Txx,Two gas multicomponent flows,"Fluid mechanics {For general continuum mechanics, see 74Axx,",Multiphase and multicomponent flows
76T20,76,76Txx,Suspensions,"Fluid mechanics {For general continuum mechanics, see 74Axx,",Multiphase and multicomponent flows
76T25,76,76Txx,"Granular flows [See also 74C99, 74E20]","Fluid mechanics {For general continuum mechanics, see 74Axx,",Multiphase and multicomponent flows
76T30,76,76Txx,Three or more component flows,"Fluid mechanics {For general continuum mechanics, see 74Axx,",Multiphase and multicomponent flows
76T99,76,76Txx,"None of the above, but in this section","Fluid mechanics {For general continuum mechanics, see 74Axx,",Multiphase and multicomponent flows
76U05,76,76Uxx,General theory of rotating fluids,"Fluid mechanics {For general continuum mechanics, see 74Axx,",Rotating fluids
76U60,76,76Uxx,"Geophysical flows [See also 86A05, 86A10]","Fluid mechanics {For general continuum mechanics, see 74Axx,",Rotating fluids
76U65,76,76Uxx,"Rossby waves [See also 86A05, 86A10]","Fluid mechanics {For general continuum mechanics, see 74Axx,",Rotating fluids
76U99,76,76Uxx,"None of the above, but in this section","Fluid mechanics {For general continuum mechanics, see 74Axx,",Rotating fluids
76V05,76,76Vxx,Reaction effects in flows [See also 80A32],"Fluid mechanics {For general continuum mechanics, see 74Axx,",Reaction effects in flows [See also 80A32]
76V99,76,76Vxx,"None of the above, but in this section","Fluid mechanics {For general continuum mechanics, see 74Axx,",Reaction effects in flows [See also 80A32]
76W05,76,76Wxx,Magnetohydrodynamics and electrohydrodynamics,"Fluid mechanics {For general continuum mechanics, see 74Axx,",Magnetohydrodynamics and electrohydrodynamics
76W99,76,76Wxx,"None of the above, but in this section","Fluid mechanics {For general continuum mechanics, see 74Axx,",Magnetohydrodynamics and electrohydrodynamics
76X05,76,76Xxx,Ionized gas flow in electromagnetic fields; plasmic flow [See also 82D10],"Fluid mechanics {For general continuum mechanics, see 74Axx,",Ionized gas flow in electromagnetic fields; plasmic flow [See also 82D10]
76X99,76,76Xxx,"None of the above, but in this section","Fluid mechanics {For general continuum mechanics, see 74Axx,",Ionized gas flow in electromagnetic fields; plasmic flow [See also 82D10]
76Y05,76,76Yxx,"Quantum hydrodynamics and relativistic hydrodynamics [See also 82D50, 83C55, 85A30]","Fluid mechanics {For general continuum mechanics, see 74Axx,","Quantum hydrodynamics and relativistic hydrodynamics [See also 82D50,"
76Y99,76,76Yxx,"None of the above, but in this section","Fluid mechanics {For general continuum mechanics, see 74Axx,","Quantum hydrodynamics and relativistic hydrodynamics [See also 82D50,"
76Z05,76,76Zxx,Physiological flows [See also 92C35],"Fluid mechanics {For general continuum mechanics, see 74Axx,","Biological fluid mechanics [See also 74F10, 74L15, 92Cxx]"
76Z10,76,76Zxx,Biopropulsion in water and in air,"Fluid mechanics {For general continuum mechanics, see 74Axx,","Biological fluid mechanics [See also 74F10, 74L15, 92Cxx]"
76Z99,76,76Zxx,"None of the above, but in this section","Fluid mechanics {For general continuum mechanics, see 74Axx,","Biological fluid mechanics [See also 74F10, 74L15, 92Cxx]"
78A02,78,78Axx,Foundations in optics and electromagnetic theory,"Optics, electromagnetic theory {For quantum optics, see 81V80}",General topics in optics and electromagnetic theory
78A05,78,78Axx,Geometric optics,"Optics, electromagnetic theory {For quantum optics, see 81V80}",General topics in optics and electromagnetic theory
78A10,78,78Axx,Physical optics,"Optics, electromagnetic theory {For quantum optics, see 81V80}",General topics in optics and electromagnetic theory
78A15,78,78Axx,Electron optics,"Optics, electromagnetic theory {For quantum optics, see 81V80}",General topics in optics and electromagnetic theory
78A20,78,78Axx,Space charge waves,"Optics, electromagnetic theory {For quantum optics, see 81V80}",General topics in optics and electromagnetic theory
78A25,78,78Axx,Electromagnetic theory (general),"Optics, electromagnetic theory {For quantum optics, see 81V80}",General topics in optics and electromagnetic theory
78A30,78,78Axx,Electro- and magnetostatics,"Optics, electromagnetic theory {For quantum optics, see 81V80}",General topics in optics and electromagnetic theory
78A35,78,78Axx,Motion of charged particles,"Optics, electromagnetic theory {For quantum optics, see 81V80}",General topics in optics and electromagnetic theory
78A37,78,78Axx,Ion traps,"Optics, electromagnetic theory {For quantum optics, see 81V80}",General topics in optics and electromagnetic theory
78A40,78,78Axx,Waves and radiation in optics and electromagnetic theory,"Optics, electromagnetic theory {For quantum optics, see 81V80}",General topics in optics and electromagnetic theory
78A45,78,78Axx,"Diffraction, scattering {For WKB methods, see also 34E20}","Optics, electromagnetic theory {For quantum optics, see 81V80}",General topics in optics and electromagnetic theory
78A46,78,78Axx,Inverse problems (including inverse scattering) in optics and electromagnetic theory,"Optics, electromagnetic theory {For quantum optics, see 81V80}",General topics in optics and electromagnetic theory
78A48,78,78Axx,Composite media; random media in optics and electromagnetic theory,"Optics, electromagnetic theory {For quantum optics, see 81V80}",General topics in optics and electromagnetic theory
78A50,78,78Axx,"Antennas, waveguides in optics and electromagnetic theory","Optics, electromagnetic theory {For quantum optics, see 81V80}",General topics in optics and electromagnetic theory
78A55,78,78Axx,Technical applications of optics and electromagnetic theory,"Optics, electromagnetic theory {For quantum optics, see 81V80}",General topics in optics and electromagnetic theory
78A57,78,78Axx,Electrochemistry,"Optics, electromagnetic theory {For quantum optics, see 81V80}",General topics in optics and electromagnetic theory
78A60,78,78Axx,"Lasers, masers, optical bistability, nonlinear optics [See also 81V80]","Optics, electromagnetic theory {For quantum optics, see 81V80}",General topics in optics and electromagnetic theory
78A70,78,78Axx,Biological applications of optics and electromagnetic theory [See also 92-XX],"Optics, electromagnetic theory {For quantum optics, see 81V80}",General topics in optics and electromagnetic theory
78A97,78,78Axx,Mathematically heuristic optics and electromagnetic theory (must also be assigned at least one other classification number in Section 78),"Optics, electromagnetic theory {For quantum optics, see 81V80}",General topics in optics and electromagnetic theory
78A99,78,78Axx,"None of the above, but in this section","Optics, electromagnetic theory {For quantum optics, see 81V80}",General topics in optics and electromagnetic theory
78M05,78,78Mxx,Method of moments applied to problems in optics and electromagnetic theory,"Optics, electromagnetic theory {For quantum optics, see 81V80}",Basic methods for problems in optics and electromagnetic theory [See also
78M10,78,78Mxx,"Finite element, Galerkin and related methods applied to problems in optics and electromagnetic theory","Optics, electromagnetic theory {For quantum optics, see 81V80}",Basic methods for problems in optics and electromagnetic theory [See also
78M12,78,78Mxx,"Finite volume methods, finite integration techniques applied to problems in optics and electromagnetic","Optics, electromagnetic theory {For quantum optics, see 81V80}",Basic methods for problems in optics and electromagnetic theory [See also
78M15,78,78Mxx,Boundary element methods applied to problems in optics and electromagnetic theory,"Optics, electromagnetic theory {For quantum optics, see 81V80}",Basic methods for problems in optics and electromagnetic theory [See also
78M16,78,78Mxx,Multipole methods applied to problems in optics and electromagnetic theory,"Optics, electromagnetic theory {For quantum optics, see 81V80}",Basic methods for problems in optics and electromagnetic theory [See also
78M20,78,78Mxx,Finite difference methods applied to problems in optics and electromagnetic theory,"Optics, electromagnetic theory {For quantum optics, see 81V80}",Basic methods for problems in optics and electromagnetic theory [See also
78M22,78,78Mxx,"Spectral, collocation and related methods applied to problems in optics and electromagnetic theory","Optics, electromagnetic theory {For quantum optics, see 81V80}",Basic methods for problems in optics and electromagnetic theory [See also
78M30,78,78Mxx,Variational methods applied to problems in optics and electromagnetic theory,"Optics, electromagnetic theory {For quantum optics, see 81V80}",Basic methods for problems in optics and electromagnetic theory [See also
78M31,78,78Mxx,Monte Carlo methods applied to problems in optics and electromagnetic theory,"Optics, electromagnetic theory {For quantum optics, see 81V80}",Basic methods for problems in optics and electromagnetic theory [See also
78M32,78,78Mxx,Neural and heuristic methods applied to problems in optics and electromagnetic theory,"Optics, electromagnetic theory {For quantum optics, see 81V80}",Basic methods for problems in optics and electromagnetic theory [See also
78M34,78,78Mxx,Model reduction in optics and electromagnetic theory,"Optics, electromagnetic theory {For quantum optics, see 81V80}",Basic methods for problems in optics and electromagnetic theory [See also
78M35,78,78Mxx,Asymptotic analysis in optics and electromagnetic theory,"Optics, electromagnetic theory {For quantum optics, see 81V80}",Basic methods for problems in optics and electromagnetic theory [See also
78M40,78,78Mxx,Homogenization in optics and electromagnetic theory,"Optics, electromagnetic theory {For quantum optics, see 81V80}",Basic methods for problems in optics and electromagnetic theory [See also
78M50,78,78Mxx,Optimization problems in optics and electromagnetic theory,"Optics, electromagnetic theory {For quantum optics, see 81V80}",Basic methods for problems in optics and electromagnetic theory [See also
78M99,78,78Mxx,"None of the above, but in this section","Optics, electromagnetic theory {For quantum optics, see 81V80}",Basic methods for problems in optics and electromagnetic theory [See also
80A05,80,80Axx,Foundations of thermodynamics and heat transfer,"Classical thermodynamics, heat transfer {For thermodynamics",Thermodynamics and heat transfer
80A10,80,80Axx,Classical and relativistic thermodynamics,"Classical thermodynamics, heat transfer {For thermodynamics",Thermodynamics and heat transfer
80A17,80,80Axx,Thermodynamics of continua [See also 74A15],"Classical thermodynamics, heat transfer {For thermodynamics",Thermodynamics and heat transfer
80A19,80,80Axx,"Diffusive and convective heat and mass transfer, heat flow","Classical thermodynamics, heat transfer {For thermodynamics",Thermodynamics and heat transfer
80A21,80,80Axx,Radiative heat transfer,"Classical thermodynamics, heat transfer {For thermodynamics",Thermodynamics and heat transfer
80A22,80,80Axx,"Stefan problems, phase changes, etc. [See also 74Nxx]","Classical thermodynamics, heat transfer {For thermodynamics",Thermodynamics and heat transfer
80A23,80,80Axx,Inverse problems in thermodynamics and heat transfer,"Classical thermodynamics, heat transfer {For thermodynamics",Thermodynamics and heat transfer
80A25,80,80Axx,Combustion,"Classical thermodynamics, heat transfer {For thermodynamics",Thermodynamics and heat transfer
80A30,80,80Axx,"Chemical kinetics in thermodynamics and heat transfer [See also 76V05, 92C45, 92E20]","Classical thermodynamics, heat transfer {For thermodynamics",Thermodynamics and heat transfer
80A32,80,80Axx,"Chemically reacting flows [See also 92C45, 92E20]","Classical thermodynamics, heat transfer {For thermodynamics",Thermodynamics and heat transfer
80A50,80,80Axx,Chemistry (general) in thermodynamics and heat transfer [See mainly 92Exx],"Classical thermodynamics, heat transfer {For thermodynamics",Thermodynamics and heat transfer
80A99,80,80Axx,"None of the above, but in this section","Classical thermodynamics, heat transfer {For thermodynamics",Thermodynamics and heat transfer
80M10,80,80Mxx,"Finite element, Galerkin and related methods applied to problems in thermodynamics and heat transfer","Classical thermodynamics, heat transfer {For thermodynamics",Basic methods in thermodynamics and heat transfer [See also 65-XX]
80M12,80,80Mxx,Finite volume methods applied to problems in thermodynamics and heat transfer,"Classical thermodynamics, heat transfer {For thermodynamics",Basic methods in thermodynamics and heat transfer [See also 65-XX]
80M15,80,80Mxx,Boundary element methods applied to problems in thermodynamics and heat transfer,"Classical thermodynamics, heat transfer {For thermodynamics",Basic methods in thermodynamics and heat transfer [See also 65-XX]
80M20,80,80Mxx,Finite difference methods applied to problems in thermodynamics and heat transfer,"Classical thermodynamics, heat transfer {For thermodynamics",Basic methods in thermodynamics and heat transfer [See also 65-XX]
80M22,80,80Mxx,"Spectral, collocation and related (meshless) methods applied to problems in thermodynamics and heat","Classical thermodynamics, heat transfer {For thermodynamics",Basic methods in thermodynamics and heat transfer [See also 65-XX]
80M30,80,80Mxx,Variational methods applied to problems in thermodynamics and heat transfer,"Classical thermodynamics, heat transfer {For thermodynamics",Basic methods in thermodynamics and heat transfer [See also 65-XX]
80M31,80,80Mxx,Monte Carlo methods applied to problems in thermodynamics and heat transfer,"Classical thermodynamics, heat transfer {For thermodynamics",Basic methods in thermodynamics and heat transfer [See also 65-XX]
80M35,80,80Mxx,Asymptotic analysis for problems in thermodynamics and heat transfer,"Classical thermodynamics, heat transfer {For thermodynamics",Basic methods in thermodynamics and heat transfer [See also 65-XX]
80M40,80,80Mxx,Homogenization for problems in thermodynamics and heat transfer,"Classical thermodynamics, heat transfer {For thermodynamics",Basic methods in thermodynamics and heat transfer [See also 65-XX]
80M50,80,80Mxx,Optimization problems in thermodynamics and heat transfer,"Classical thermodynamics, heat transfer {For thermodynamics",Basic methods in thermodynamics and heat transfer [See also 65-XX]
80M60,80,80Mxx,Stochastic analysis in thermodynamics and heat transfer,"Classical thermodynamics, heat transfer {For thermodynamics",Basic methods in thermodynamics and heat transfer [See also 65-XX]
80M99,80,80Mxx,"None of the above, but in this section","Classical thermodynamics, heat transfer {For thermodynamics",Basic methods in thermodynamics and heat transfer [See also 65-XX]
81P05,81,81Pxx,General and philosophical questions in quantum theory,Quantum theory,"Foundations, quantum information and its processing, quantum axioms, and"
81P10,81,81Pxx,"Logical foundations of quantum mechanics; quantum logic (quantum-theoretic aspects) [See also 03G12,",Quantum theory,"Foundations, quantum information and its processing, quantum axioms, and"
81P13,81,81Pxx,Contextuality in quantum theory,Quantum theory,"Foundations, quantum information and its processing, quantum axioms, and"
81P15,81,81Pxx,"Quantum measurement theory, state operations, state preparations",Quantum theory,"Foundations, quantum information and its processing, quantum axioms, and"
81P16,81,81Pxx,"Quantum state spaces, operational and probabilistic concepts",Quantum theory,"Foundations, quantum information and its processing, quantum axioms, and"
81P17,81,81Pxx,Quantum entropies,Quantum theory,"Foundations, quantum information and its processing, quantum axioms, and"
81P18,81,81Pxx,"Quantum state tomography, quantum state discrimination",Quantum theory,"Foundations, quantum information and its processing, quantum axioms, and"
81P20,81,81Pxx,Stochastic mechanics (including stochastic electrodynamics),Quantum theory,"Foundations, quantum information and its processing, quantum axioms, and"
81P40,81,81Pxx,"Quantum coherence, entanglement, quantum correlations",Quantum theory,"Foundations, quantum information and its processing, quantum axioms, and"
81P42,81,81Pxx,"Entanglement measures, concurrencies, separability criteria",Quantum theory,"Foundations, quantum information and its processing, quantum axioms, and"
81P43,81,81Pxx,Quantum discord,Quantum theory,"Foundations, quantum information and its processing, quantum axioms, and"
81P45,81,81Pxx,"Quantum information, communication, networks (quantum-theoretic aspects) [See also 94A15, 94A17]",Quantum theory,"Foundations, quantum information and its processing, quantum axioms, and"
81P47,81,81Pxx,"Quantum channels, fidelity [See also 94A40]",Quantum theory,"Foundations, quantum information and its processing, quantum axioms, and"
81P48,81,81Pxx,"LOCC, teleportation, dense coding, remote state operations, distillation",Quantum theory,"Foundations, quantum information and its processing, quantum axioms, and"
81P50,81,81Pxx,"Quantum state estimation, approximate cloning",Quantum theory,"Foundations, quantum information and its processing, quantum axioms, and"
81P55,81,81Pxx,"Special bases (entangled, mutual unbiased, etc.)",Quantum theory,"Foundations, quantum information and its processing, quantum axioms, and"
81P65,81,81Pxx,Quantum gates,Quantum theory,"Foundations, quantum information and its processing, quantum axioms, and"
81P68,81,81Pxx,"Quantum computation [See also 68Q09] {For algorithmic aspects, see 68Q12}",Quantum theory,"Foundations, quantum information and its processing, quantum axioms, and"
81P70,81,81Pxx,Quantum coding (general),Quantum theory,"Foundations, quantum information and its processing, quantum axioms, and"
81P73,81,81Pxx,Computational stability and error-correcting codes for quantum computation and communication processing,Quantum theory,"Foundations, quantum information and its processing, quantum axioms, and"
81P94,81,81Pxx,Quantum cryptography (quantum-theoretic aspects) [See also 94A60],Quantum theory,"Foundations, quantum information and its processing, quantum axioms, and"
81P99,81,81Pxx,"None of the above, but in this section",Quantum theory,"Foundations, quantum information and its processing, quantum axioms, and"
81Q05,81,81Qxx,"Closed and approximate solutions to the Schrödinger, Dirac, Klein-Gordon and other equations of quantum",Quantum theory,General mathematical topics and methods in quantum theory
81Q10,81,81Qxx,"Selfadjoint operator theory in quantum theory, including spectral analysis",Quantum theory,General mathematical topics and methods in quantum theory
81Q12,81,81Qxx,Nonselfadjoint operator theory in quantum theory including creation and destruction operators,Quantum theory,General mathematical topics and methods in quantum theory
81Q15,81,81Qxx,Perturbation theories for operators and differential equations in quantum theory,Quantum theory,General mathematical topics and methods in quantum theory
81Q20,81,81Qxx,"Semiclassical techniques, including WKB and Maslov methods applied to problems in quantum theory",Quantum theory,General mathematical topics and methods in quantum theory
81Q30,81,81Qxx,"Feynman integrals and graphs; applications of algebraic topology and algebraic geometry [See also 05Cxx,",Quantum theory,General mathematical topics and methods in quantum theory
81Q35,81,81Qxx,"Quantum mechanics on special spaces: manifolds, fractals, graphs, lattices [See also 81R20]",Quantum theory,General mathematical topics and methods in quantum theory
81Q37,81,81Qxx,"Quantum dots, waveguides, ratchets, etc. [See also 82D20, 82D77]",Quantum theory,General mathematical topics and methods in quantum theory
81Q40,81,81Qxx,Bethe-Salpeter and other integral equations arising in quantum theory,Quantum theory,General mathematical topics and methods in quantum theory
81Q50,81,81Qxx,Quantum chaos [See also 37D45],Quantum theory,General mathematical topics and methods in quantum theory
81Q60,81,81Qxx,Supersymmetry and quantum mechanics,Quantum theory,General mathematical topics and methods in quantum theory
81Q65,81,81Qxx,"Alternative quantum mechanics (including hidden variables, etc.)",Quantum theory,General mathematical topics and methods in quantum theory
81Q70,81,81Qxx,"Differential geometric methods, including holonomy, Berry and Hannay phases, Aharonov-Bohm effect, etc.",Quantum theory,General mathematical topics and methods in quantum theory
81Q80,81,81Qxx,"Special quantum systems, such as solvable systems",Quantum theory,General mathematical topics and methods in quantum theory
81Q93,81,81Qxx,Quantum control,Quantum theory,General mathematical topics and methods in quantum theory
81Q99,81,81Qxx,"None of the above, but in this section",Quantum theory,General mathematical topics and methods in quantum theory
81R05,81,81Rxx,"Finite-dimensional groups and algebras motivated by physics and their representations [See also 20C35,",Quantum theory,Groups and algebras in quantum theory
81R10,81,81Rxx,"Infinite-dimensional groups and algebras motivated by physics, including Virasoro, Kac-Moody, W -algebras",Quantum theory,Groups and algebras in quantum theory
81R12,81,81Rxx,"Groups and algebras in quantum theory and relations with integrable systems [See also 17Bxx, 37J35]",Quantum theory,Groups and algebras in quantum theory
81R15,81,81Rxx,"Operator algebra methods applied to problems in quantum theory [See also 46Lxx, 81T05]",Quantum theory,Groups and algebras in quantum theory
81R20,81,81Rxx,"Covariant wave equations in quantum theory, relativistic quantum mechanics [See also 81Q35]",Quantum theory,Groups and algebras in quantum theory
81R25,81,81Rxx,Spinor and twistor methods applied to problems in quantum theory [See also 32L25],Quantum theory,Groups and algebras in quantum theory
81R30,81,81Rxx,Coherent states [See also 22E45]; squeezed states in quantum theory [See also 81V80],Quantum theory,Groups and algebras in quantum theory
81R40,81,81Rxx,Symmetry breaking in quantum theory,Quantum theory,Groups and algebras in quantum theory
81R50,81,81Rxx,"Quantum groups and related algebraic methods applied to problems in quantum theory [See also 16T20,",Quantum theory,Groups and algebras in quantum theory
81R60,81,81Rxx,Noncommutative geometry in quantum theory,Quantum theory,Groups and algebras in quantum theory
81R99,81,81Rxx,"None of the above, but in this section",Quantum theory,Groups and algebras in quantum theory
81S05,81,81Sxx,Commutation relations and statistics as related to quantum mechanics (general),Quantum theory,General quantum mechanics and problems of quantization
81S07,81,81Sxx,"Uncertainty relations, also entropic",Quantum theory,General quantum mechanics and problems of quantization
81S08,81,81Sxx,Canonical quantization,Quantum theory,General quantum mechanics and problems of quantization
81S10,81,81Sxx,"Geometry and quantization, symplectic methods [See also 53D50]",Quantum theory,General quantum mechanics and problems of quantization
81S20,81,81Sxx,Stochastic quantization,Quantum theory,General quantum mechanics and problems of quantization
81S22,81,81Sxx,"Open systems, reduced dynamics, master equations, decoherence [See also 82C31]",Quantum theory,General quantum mechanics and problems of quantization
81S25,81,81Sxx,Quantum stochastic calculus,Quantum theory,General quantum mechanics and problems of quantization
81S30,81,81Sxx,"Phase-space methods including Wigner distributions, etc. applied to problems in quantum mechanics",Quantum theory,General quantum mechanics and problems of quantization
81S40,81,81Sxx,"Path integrals in quantum mechanics [See also 58D30, 81Q30, 81T18]",Quantum theory,General quantum mechanics and problems of quantization
81S99,81,81Sxx,"None of the above, but in this section",Quantum theory,General quantum mechanics and problems of quantization
81T05,81,81Txx,Axiomatic quantum field theory; operator algebras,Quantum theory,Quantum field theory; related classical field theories [See also 70Sxx]
81T08,81,81Txx,Constructive quantum field theory,Quantum theory,Quantum field theory; related classical field theories [See also 70Sxx]
81T10,81,81Txx,Model quantum field theories,Quantum theory,Quantum field theory; related classical field theories [See also 70Sxx]
81T11,81,81Txx,Higher spin theories,Quantum theory,Quantum field theory; related classical field theories [See also 70Sxx]
81T12,81,81Txx,Effective quantum field theories,Quantum theory,Quantum field theory; related classical field theories [See also 70Sxx]
81T13,81,81Txx,"Yang-Mills and other gauge theories in quantum field theory [See also 53C07, 58E15]",Quantum theory,Quantum field theory; related classical field theories [See also 70Sxx]
81T15,81,81Txx,Perturbative methods of renormalization applied to problems in quantum field theory,Quantum theory,Quantum field theory; related classical field theories [See also 70Sxx]
81T16,81,81Txx,Nonperturbative methods of renormalization applied to problems in quantum field theory,Quantum theory,Quantum field theory; related classical field theories [See also 70Sxx]
81T17,81,81Txx,Renormalization group methods applied to problems in quantum field theory,Quantum theory,Quantum field theory; related classical field theories [See also 70Sxx]
81T18,81,81Txx,Feynman diagrams,Quantum theory,Quantum field theory; related classical field theories [See also 70Sxx]
81T20,81,81Txx,Quantum field theory on curved space or space-time backgrounds,Quantum theory,Quantum field theory; related classical field theories [See also 70Sxx]
81T25,81,81Txx,Quantum field theory on lattices,Quantum theory,Quantum field theory; related classical field theories [See also 70Sxx]
81T27,81,81Txx,Continuum limits in quantum field theory,Quantum theory,Quantum field theory; related classical field theories [See also 70Sxx]
81T28,81,81Txx,Thermal quantum field theory [See also 82B30],Quantum theory,Quantum field theory; related classical field theories [See also 70Sxx]
81T30,81,81Txx,"String and superstring theories; other extended objects (e.g., branes) in quantum field theory [See also 83E30]",Quantum theory,Quantum field theory; related classical field theories [See also 70Sxx]
81T32,81,81Txx,Matrix models and tensor models for quantum field theory,Quantum theory,Quantum field theory; related classical field theories [See also 70Sxx]
81T33,81,81Txx,Dimensional compactification in quantum field theory,Quantum theory,Quantum field theory; related classical field theories [See also 70Sxx]
81T35,81,81Txx,"Correspondence, duality, holography (AdS/CFT, gauge/gravity, etc.) [See also 83E05]",Quantum theory,Quantum field theory; related classical field theories [See also 70Sxx]
81T40,81,81Txx,"Two-dimensional field theories, conformal field theories, etc. in quantum mechanics",Quantum theory,Quantum field theory; related classical field theories [See also 70Sxx]
81T45,81,81Txx,"Topological field theories in quantum mechanics [See also 57R56, 58Dxx]",Quantum theory,Quantum field theory; related classical field theories [See also 70Sxx]
81T50,81,81Txx,Anomalies in quantum field theory,Quantum theory,Quantum field theory; related classical field theories [See also 70Sxx]
81T55,81,81Txx,Casimir effect in quantum field theory,Quantum theory,Quantum field theory; related classical field theories [See also 70Sxx]
81T60,81,81Txx,Supersymmetric field theories in quantum mechanics,Quantum theory,Quantum field theory; related classical field theories [See also 70Sxx]
81T70,81,81Txx,Quantization in field theory; cohomological methods [See also 58D29],Quantum theory,Quantum field theory; related classical field theories [See also 70Sxx]
81T75,81,81Txx,"Noncommutative geometry methods in quantum field theory [See also 46L85, 46L87, 58B34]",Quantum theory,Quantum field theory; related classical field theories [See also 70Sxx]
81T99,81,81Txx,"None of the above, but in this section",Quantum theory,Quantum field theory; related classical field theories [See also 70Sxx]
81U05,81,81Uxx,"2-body potential quantum scattering theory {For WKB methods, see also 34E20}",Quantum theory,"Quantum scattering theory [See also 34A55, 34L25, 34L40, 35P25, 47A40]"
81U10,81,81Uxx,n-body potential quantum scattering theory,Quantum theory,"Quantum scattering theory [See also 34A55, 34L25, 34L40, 35P25, 47A40]"
81U15,81,81Uxx,Exactly and quasi-solvable systems arising in quantum theory,Quantum theory,"Quantum scattering theory [See also 34A55, 34L25, 34L40, 35P25, 47A40]"
81U20,81,81Uxx,"S-matrix theory, etc. in quantum theory",Quantum theory,"Quantum scattering theory [See also 34A55, 34L25, 34L40, 35P25, 47A40]"
81U24,81,81Uxx,Resonances in quantum scattering theory,Quantum theory,"Quantum scattering theory [See also 34A55, 34L25, 34L40, 35P25, 47A40]"
81U26,81,81Uxx,Tunneling in quantum theory,Quantum theory,"Quantum scattering theory [See also 34A55, 34L25, 34L40, 35P25, 47A40]"
81U30,81,81Uxx,"Dispersion theory, dispersion relations arising in quantum theory",Quantum theory,"Quantum scattering theory [See also 34A55, 34L25, 34L40, 35P25, 47A40]"
81U35,81,81Uxx,Inelastic and multichannel quantum scattering,Quantum theory,"Quantum scattering theory [See also 34A55, 34L25, 34L40, 35P25, 47A40]"
81U40,81,81Uxx,Inverse scattering problems in quantum theory,Quantum theory,"Quantum scattering theory [See also 34A55, 34L25, 34L40, 35P25, 47A40]"
81U90,81,81Uxx,Particle decays,Quantum theory,"Quantum scattering theory [See also 34A55, 34L25, 34L40, 35P25, 47A40]"
81U99,81,81Uxx,"None of the above, but in this section",Quantum theory,"Quantum scattering theory [See also 34A55, 34L25, 34L40, 35P25, 47A40]"
81V05,81,81Vxx,"Strong interaction, including quantum chromodynamics",Quantum theory,Applications of quantum theory to specific physical systems
81V10,81,81Vxx,Electromagnetic interaction; quantum electrodynamics,Quantum theory,Applications of quantum theory to specific physical systems
81V15,81,81Vxx,Weak interaction in quantum theory,Quantum theory,Applications of quantum theory to specific physical systems
81V17,81,81Vxx,"Gravitational interaction in quantum theory [See also 83Cxx, 83Exx]",Quantum theory,Applications of quantum theory to specific physical systems
81V19,81,81Vxx,Other fundamental interactions in quantum theory,Quantum theory,Applications of quantum theory to specific physical systems
81V22,81,81Vxx,Unified quantum theories,Quantum theory,Applications of quantum theory to specific physical systems
81V25,81,81Vxx,Other elementary particle theory in quantum theory,Quantum theory,Applications of quantum theory to specific physical systems
81V27,81,81Vxx,Anyons,Quantum theory,Applications of quantum theory to specific physical systems
81V35,81,81Vxx,Nuclear physics,Quantum theory,Applications of quantum theory to specific physical systems
81V45,81,81Vxx,Atomic physics,Quantum theory,Applications of quantum theory to specific physical systems
81V55,81,81Vxx,Molecular physics [See also 92E10],Quantum theory,Applications of quantum theory to specific physical systems
81V60,81,81Vxx,"Mono-, di- and multipole moments (EM and other), gyromagnetic relations",Quantum theory,Applications of quantum theory to specific physical systems
81V65,81,81Vxx,Quantum dots as quasi particles [See also 82D20],Quantum theory,Applications of quantum theory to specific physical systems
81V70,81,81Vxx,Many-body theory; quantum Hall effect,Quantum theory,Applications of quantum theory to specific physical systems
81V72,81,81Vxx,Particle exchange symmetries in quantum theory (general),Quantum theory,Applications of quantum theory to specific physical systems
81V73,81,81Vxx,Bosonic systems in quantum theory,Quantum theory,Applications of quantum theory to specific physical systems
81V74,81,81Vxx,Fermionic systems in quantum theory,Quantum theory,Applications of quantum theory to specific physical systems
81V80,81,81Vxx,Quantum optics,Quantum theory,Applications of quantum theory to specific physical systems
81V99,81,81Vxx,"None of the above, but in this section",Quantum theory,Applications of quantum theory to specific physical systems
82B03,82,82Bxx,Foundations of equilibrium statistical mechanics,"Statistical mechanics, structure of matter",Equilibrium statistical mechanics
82B05,82,82Bxx,Classical equilibrium statistical mechanics (general),"Statistical mechanics, structure of matter",Equilibrium statistical mechanics
82B10,82,82Bxx,Quantum equilibrium statistical mechanics (general),"Statistical mechanics, structure of matter",Equilibrium statistical mechanics
82B20,82,82Bxx,"Lattice systems (Ising, dimer, Potts, etc.) and systems on graphs arising in equilibrium statistical mechanics","Statistical mechanics, structure of matter",Equilibrium statistical mechanics
82B21,82,82Bxx,"Continuum models (systems of particles, etc.) arising in equilibrium statistical mechanics","Statistical mechanics, structure of matter",Equilibrium statistical mechanics
82B23,82,82Bxx,Exactly solvable models; Bethe ansatz,"Statistical mechanics, structure of matter",Equilibrium statistical mechanics
82B24,82,82Bxx,Interface problems; diffusion-limited aggregation arising in equilibrium statistical mechanics,"Statistical mechanics, structure of matter",Equilibrium statistical mechanics
82B26,82,82Bxx,Phase transitions (general) in equilibrium statistical mechanics,"Statistical mechanics, structure of matter",Equilibrium statistical mechanics
82B27,82,82Bxx,Critical phenomena in equilibrium statistical mechanics,"Statistical mechanics, structure of matter",Equilibrium statistical mechanics
82B28,82,82Bxx,Renormalization group methods in equilibrium statistical mechanics [See also 81T17],"Statistical mechanics, structure of matter",Equilibrium statistical mechanics
82B30,82,82Bxx,Statistical thermodynamics [See also 80-XX],"Statistical mechanics, structure of matter",Equilibrium statistical mechanics
82B31,82,82Bxx,Stochastic methods applied to problems in equilibrium statistical mechanics,"Statistical mechanics, structure of matter",Equilibrium statistical mechanics
82B35,82,82Bxx,"Irreversible thermodynamics, including Onsager-Machlup theory [See also 92E20]","Statistical mechanics, structure of matter",Equilibrium statistical mechanics
82B40,82,82Bxx,Kinetic theory of gases in equilibrium statistical mechanics,"Statistical mechanics, structure of matter",Equilibrium statistical mechanics
82B41,82,82Bxx,"Random walks, random surfaces, lattice animals, etc. in equilibrium statistical mechanics [See also 60G50,","Statistical mechanics, structure of matter",Equilibrium statistical mechanics
82B43,82,82Bxx,Percolation [See also 60K35],"Statistical mechanics, structure of matter",Equilibrium statistical mechanics
82B44,82,82Bxx,"Disordered systems (random Ising models, random Schrödinger operators, etc.) in equilibrium statistical","Statistical mechanics, structure of matter",Equilibrium statistical mechanics
82B99,82,82Bxx,"None of the above, but in this section","Statistical mechanics, structure of matter",Equilibrium statistical mechanics
82C03,82,82Cxx,Foundations of time-dependent statistical mechanics,"Statistical mechanics, structure of matter",Time-dependent statistical mechanics (dynamic and nonequilibrium)
82C05,82,82Cxx,Classical dynamic and nonequilibrium statistical mechanics (general),"Statistical mechanics, structure of matter",Time-dependent statistical mechanics (dynamic and nonequilibrium)
82C10,82,82Cxx,Quantum dynamics and nonequilibrium statistical mechanics (general),"Statistical mechanics, structure of matter",Time-dependent statistical mechanics (dynamic and nonequilibrium)
82C20,82,82Cxx,"Dynamic lattice systems (kinetic Ising, etc.) and systems on graphs in time-dependent statistical mechanics","Statistical mechanics, structure of matter",Time-dependent statistical mechanics (dynamic and nonequilibrium)
82C21,82,82Cxx,"Dynamic continuum models (systems of particles, etc.) in time-dependent statistical mechanics","Statistical mechanics, structure of matter",Time-dependent statistical mechanics (dynamic and nonequilibrium)
82C22,82,82Cxx,Interacting particle systems in time-dependent statistical mechanics [See also 60K35],"Statistical mechanics, structure of matter",Time-dependent statistical mechanics (dynamic and nonequilibrium)
82C23,82,82Cxx,Exactly solvable dynamic models in time-dependent statistical mechanics [See also 37K60],"Statistical mechanics, structure of matter",Time-dependent statistical mechanics (dynamic and nonequilibrium)
82C24,82,82Cxx,Interface problems; diffusion-limited aggregation in time-dependent statistical mechanics,"Statistical mechanics, structure of matter",Time-dependent statistical mechanics (dynamic and nonequilibrium)
82C26,82,82Cxx,Dynamic and nonequilibrium phase transitions (general) in statistical mechanics,"Statistical mechanics, structure of matter",Time-dependent statistical mechanics (dynamic and nonequilibrium)
82C27,82,82Cxx,Dynamic critical phenomena in statistical mechanics,"Statistical mechanics, structure of matter",Time-dependent statistical mechanics (dynamic and nonequilibrium)
82C28,82,82Cxx,Dynamic renormalization group methods applied to problems in time-dependent statistical mechanics [See,"Statistical mechanics, structure of matter",Time-dependent statistical mechanics (dynamic and nonequilibrium)
82C31,82,82Cxx,"Stochastic methods (Fokker-Planck, Langevin, etc.) applied to problems in time-dependent statistical mechanics [See also 60H10]","Statistical mechanics, structure of matter",Time-dependent statistical mechanics (dynamic and nonequilibrium)
82C32,82,82Cxx,"Neural nets applied to problems in time-dependent statistical mechanics [See also 68T05, 91E40, 92B20]","Statistical mechanics, structure of matter",Time-dependent statistical mechanics (dynamic and nonequilibrium)
82C35,82,82Cxx,"Irreversible thermodynamics, including Onsager-Machlup theory","Statistical mechanics, structure of matter",Time-dependent statistical mechanics (dynamic and nonequilibrium)
82C40,82,82Cxx,Kinetic theory of gases in time-dependent statistical mechanics,"Statistical mechanics, structure of matter",Time-dependent statistical mechanics (dynamic and nonequilibrium)
82C41,82,82Cxx,"Dynamics of random walks, random surfaces, lattice animals, etc. in time-dependent statistical mechanics","Statistical mechanics, structure of matter",Time-dependent statistical mechanics (dynamic and nonequilibrium)
82C43,82,82Cxx,Time-dependent percolation in statistical mechanics [See also 60K35],"Statistical mechanics, structure of matter",Time-dependent statistical mechanics (dynamic and nonequilibrium)
82C44,82,82Cxx,"Dynamics of disordered systems (random Ising systems, etc.) in time-dependent statistical mechanics","Statistical mechanics, structure of matter",Time-dependent statistical mechanics (dynamic and nonequilibrium)
82C70,82,82Cxx,Transport processes in time-dependent statistical mechanics,"Statistical mechanics, structure of matter",Time-dependent statistical mechanics (dynamic and nonequilibrium)
82C99,82,82Cxx,"None of the above, but in this section","Statistical mechanics, structure of matter",Time-dependent statistical mechanics (dynamic and nonequilibrium)
82D03,82,82Dxx,Statistical mechanics in condensed matter (general),"Statistical mechanics, structure of matter",Applications of statistical mechanics to specific types of physical systems
82D05,82,82Dxx,Statistical mechanics of gases,"Statistical mechanics, structure of matter",Applications of statistical mechanics to specific types of physical systems
82D10,82,82Dxx,Statistical mechanics of plasmas,"Statistical mechanics, structure of matter",Applications of statistical mechanics to specific types of physical systems
82D15,82,82Dxx,Statistical mechanics of liquids,"Statistical mechanics, structure of matter",Applications of statistical mechanics to specific types of physical systems
82D20,82,82Dxx,Statistical mechanics of solids,"Statistical mechanics, structure of matter",Applications of statistical mechanics to specific types of physical systems
82D25,82,82Dxx,"Statistical mechanics of crystals {For crystallographic group theory, see 20H15}","Statistical mechanics, structure of matter",Applications of statistical mechanics to specific types of physical systems
82D30,82,82Dxx,"Statistical mechanics of random media, disordered materials (including liquid crystals and spin glasses)","Statistical mechanics, structure of matter",Applications of statistical mechanics to specific types of physical systems
82D35,82,82Dxx,Statistical mechanics of metals,"Statistical mechanics, structure of matter",Applications of statistical mechanics to specific types of physical systems
82D37,82,82Dxx,Statistical mechanics of semiconductors,"Statistical mechanics, structure of matter",Applications of statistical mechanics to specific types of physical systems
82D40,82,82Dxx,Statistical mechanics of magnetic materials,"Statistical mechanics, structure of matter",Applications of statistical mechanics to specific types of physical systems
82D45,82,82Dxx,Statistical mechanics of ferroelectrics,"Statistical mechanics, structure of matter",Applications of statistical mechanics to specific types of physical systems
82D50,82,82Dxx,Statistical mechanics of superfluids,"Statistical mechanics, structure of matter",Applications of statistical mechanics to specific types of physical systems
82D55,82,82Dxx,Statistical mechanics of superconductors,"Statistical mechanics, structure of matter",Applications of statistical mechanics to specific types of physical systems
82D60,82,82Dxx,Statistical mechanics of polymers,"Statistical mechanics, structure of matter",Applications of statistical mechanics to specific types of physical systems
82D75,82,82Dxx,Nuclear reactor theory; neutron transport,"Statistical mechanics, structure of matter",Applications of statistical mechanics to specific types of physical systems
82D77,82,82Dxx,"Quantum waveguides, quantum wires [See also 78A50]","Statistical mechanics, structure of matter",Applications of statistical mechanics to specific types of physical systems
82D80,82,82Dxx,Statistical mechanics of nanostructures and nanoparticles,"Statistical mechanics, structure of matter",Applications of statistical mechanics to specific types of physical systems
82D99,82,82Dxx,"None of the above, but in this section","Statistical mechanics, structure of matter",Applications of statistical mechanics to specific types of physical systems
82M10,82,82Mxx,"Finite element, Galerkin and related methods applied to problems in statistical mechanics","Statistical mechanics, structure of matter",Basic methods in statistical mechanics [See also 65-XX]
82M12,82,82Mxx,Finite volume methods applied to problems in statistical mechanics,"Statistical mechanics, structure of matter",Basic methods in statistical mechanics [See also 65-XX]
82M15,82,82Mxx,Boundary element methods applied to problems in statistical mechanics,"Statistical mechanics, structure of matter",Basic methods in statistical mechanics [See also 65-XX]
82M20,82,82Mxx,Finite difference methods applied to problems in statistical mechanics,"Statistical mechanics, structure of matter",Basic methods in statistical mechanics [See also 65-XX]
82M22,82,82Mxx,"Spectral, collocation and related (meshless) methods applied to problems in statistical mechanics","Statistical mechanics, structure of matter",Basic methods in statistical mechanics [See also 65-XX]
82M30,82,82Mxx,Variational methods applied to problems in statistical mechanics,"Statistical mechanics, structure of matter",Basic methods in statistical mechanics [See also 65-XX]
82M31,82,82Mxx,Monte Carlo methods applied to problems in statistical mechanics [See also 65C05],"Statistical mechanics, structure of matter",Basic methods in statistical mechanics [See also 65-XX]
82M36,82,82Mxx,Computational density functional analysis in statistical mechanics,"Statistical mechanics, structure of matter",Basic methods in statistical mechanics [See also 65-XX]
82M37,82,82Mxx,Computational molecular dynamics in statistical mechanics,"Statistical mechanics, structure of matter",Basic methods in statistical mechanics [See also 65-XX]
82M60,82,82Mxx,Stochastic analysis in statistical mechanics [See also 65C35],"Statistical mechanics, structure of matter",Basic methods in statistical mechanics [See also 65-XX]
82M99,82,82Mxx,"None of the above, but in this section","Statistical mechanics, structure of matter",Basic methods in statistical mechanics [See also 65-XX]
83A05,83,83Axx,Special relativity,Relativity and gravitational theory,Special relativity
83A99,83,83Axx,"None of the above, but in this section",Relativity and gravitational theory,Special relativity
83B05,83,83Bxx,Observational and experimental questions in relativity and gravitational theory,Relativity and gravitational theory,Observational and experimental questions in relativity and gravitational theory
83B99,83,83Bxx,"None of the above, but in this section",Relativity and gravitational theory,Observational and experimental questions in relativity and gravitational theory
83C05,83,83Cxx,"Einstein’s equations (general structure, canonical formalism, Cauchy problems)",Relativity and gravitational theory,General relativity
83C10,83,83Cxx,Equations of motion in general relativity and gravitational theory,Relativity and gravitational theory,General relativity
83C15,83,83Cxx,Exact solutions to problems in general relativity and gravitational theory,Relativity and gravitational theory,General relativity
83C20,83,83Cxx,"Classes of solutions; algebraically special solutions, metrics with symmetries for problems in general relativity",Relativity and gravitational theory,General relativity
83C22,83,83Cxx,Einstein-Maxwell equations,Relativity and gravitational theory,General relativity
83C25,83,83Cxx,"Approximation procedures, weak fields in general relativity and gravitational theory",Relativity and gravitational theory,General relativity
83C27,83,83Cxx,"Lattice gravity, Regge calculus and other discrete methods in general relativity and gravitational theory",Relativity and gravitational theory,General relativity
83C30,83,83Cxx,"Asymptotic procedures (radiation, news functions, H-spaces, etc.) in general relativity and gravitational",Relativity and gravitational theory,General relativity
83C35,83,83Cxx,Gravitational waves,Relativity and gravitational theory,General relativity
83C40,83,83Cxx,Gravitational energy and conservation laws; groups of motions,Relativity and gravitational theory,General relativity
83C45,83,83Cxx,Quantization of the gravitational field,Relativity and gravitational theory,General relativity
83C47,83,83Cxx,Methods of quantum field theory in general relativity and gravitational theory [See also 81T20],Relativity and gravitational theory,General relativity
83C50,83,83Cxx,Electromagnetic fields in general relativity and gravitational theory,Relativity and gravitational theory,General relativity
83C55,83,83Cxx,"Macroscopic interaction of the gravitational field with matter (hydrodynamics, etc.)",Relativity and gravitational theory,General relativity
83C56,83,83Cxx,Dark matter and dark energy,Relativity and gravitational theory,General relativity
83C57,83,83Cxx,Black holes,Relativity and gravitational theory,General relativity
83C60,83,83Cxx,Spinor and twistor methods in general relativity and gravitational theory; Newman-Penrose formalism,Relativity and gravitational theory,General relativity
83C65,83,83Cxx,Methods of noncommutative geometry in general relativity [See also 58B34],Relativity and gravitational theory,General relativity
83C75,83,83Cxx,"Space-time singularities, cosmic censorship, etc.",Relativity and gravitational theory,General relativity
83C80,83,83Cxx,Analogues of general relativity in lower dimensions,Relativity and gravitational theory,General relativity
83C99,83,83Cxx,"None of the above, but in this section",Relativity and gravitational theory,General relativity
83D05,83,83Dxx,"Relativistic gravitational theories other than Einstein’s, including asymmetric field theories",Relativity and gravitational theory,"Relativistic gravitational theories other than Einstein’s, including asymmetric"
83D99,83,83Dxx,"None of the above, but in this section",Relativity and gravitational theory,"Relativistic gravitational theories other than Einstein’s, including asymmetric"
83E05,83,83Exx,Geometrodynamics and the holographic principle [See also 81T35],Relativity and gravitational theory,"Unified, higher-dimensional and super field theories"
83E15,83,83Exx,Kaluza-Klein and other higher-dimensional theories,Relativity and gravitational theory,"Unified, higher-dimensional and super field theories"
83E30,83,83Exx,String and superstring theories in gravitational theory [See also 81T30],Relativity and gravitational theory,"Unified, higher-dimensional and super field theories"
83E50,83,83Exx,Supergravity,Relativity and gravitational theory,"Unified, higher-dimensional and super field theories"
83E99,83,83Exx,"None of the above, but in this section",Relativity and gravitational theory,"Unified, higher-dimensional and super field theories"
83F05,83,83Fxx,"Relativistic cosmology {For astrophysical cosmology, see 85A40}",Relativity and gravitational theory,"Relativistic cosmology {For astrophysical cosmology, see 85A40}"
83F99,83,83Fxx,"None of the above, but in this section",Relativity and gravitational theory,"Relativistic cosmology {For astrophysical cosmology, see 85A40}"
85A04,85,85Axx,General questions in astronomy and astrophysics,"Astronomy and astrophysics {For celestial mechanics, see 70F15}","Astronomy and astrophysics {For celestial mechanics, see 70F15}"
85A05,85,85Axx,Galactic and stellar dynamics,"Astronomy and astrophysics {For celestial mechanics, see 70F15}","Astronomy and astrophysics {For celestial mechanics, see 70F15}"
85A15,85,85Axx,Galactic and stellar structure,"Astronomy and astrophysics {For celestial mechanics, see 70F15}","Astronomy and astrophysics {For celestial mechanics, see 70F15}"
85A20,85,85Axx,Planetary atmospheres,"Astronomy and astrophysics {For celestial mechanics, see 70F15}","Astronomy and astrophysics {For celestial mechanics, see 70F15}"
85A25,85,85Axx,Radiative transfer in astronomy and astrophysics,"Astronomy and astrophysics {For celestial mechanics, see 70F15}","Astronomy and astrophysics {For celestial mechanics, see 70F15}"
85A30,85,85Axx,Hydrodynamic and hydromagnetic problems in astronomy and astrophysics [See also 76Y05],"Astronomy and astrophysics {For celestial mechanics, see 70F15}","Astronomy and astrophysics {For celestial mechanics, see 70F15}"
85A35,85,85Axx,Statistical astronomy,"Astronomy and astrophysics {For celestial mechanics, see 70F15}","Astronomy and astrophysics {For celestial mechanics, see 70F15}"
85A40,85,85Axx,"Astrophysical cosmology {For relativistic cosmology, see 83F05}","Astronomy and astrophysics {For celestial mechanics, see 70F15}","Astronomy and astrophysics {For celestial mechanics, see 70F15}"
85A99,85,85Axx,"None of the above, but in this section","Astronomy and astrophysics {For celestial mechanics, see 70F15}","Astronomy and astrophysics {For celestial mechanics, see 70F15}"
86A04,86,86Axx,General questions in geophysics,"Geophysics [See also 76U05, 76V05]","Geophysics [See also 76U05, 76V05]"
86A05,86,86Axx,"Hydrology, hydrography, oceanography [See also 76Bxx, 76E20, 76Q05, 76Rxx, 76Uxx]","Geophysics [See also 76U05, 76V05]","Geophysics [See also 76U05, 76V05]"
86A08,86,86Axx,Climate science and climate modeling,"Geophysics [See also 76U05, 76V05]","Geophysics [See also 76U05, 76V05]"
86A10,86,86Axx,"Meteorology and atmospheric physics [See also 76Bxx, 76E20, 76N15, 76Q05, 76Rxx, 76Uxx]","Geophysics [See also 76U05, 76V05]","Geophysics [See also 76U05, 76V05]"
86A15,86,86Axx,"Seismology (including tsunami modeling), earthquakes","Geophysics [See also 76U05, 76V05]","Geophysics [See also 76U05, 76V05]"
86A20,86,86Axx,"Potentials, prospecting","Geophysics [See also 76U05, 76V05]","Geophysics [See also 76U05, 76V05]"
86A22,86,86Axx,Inverse problems in geophysics [See also 35R30],"Geophysics [See also 76U05, 76V05]","Geophysics [See also 76U05, 76V05]"
86A25,86,86Axx,"Geo-electricity and geomagnetism [See also 76W05, 78A25]","Geophysics [See also 76U05, 76V05]","Geophysics [See also 76U05, 76V05]"
86A30,86,86Axx,"Geodesy, mapping problems","Geophysics [See also 76U05, 76V05]","Geophysics [See also 76U05, 76V05]"
86A32,86,86Axx,Geostatistics,"Geophysics [See also 76U05, 76V05]","Geophysics [See also 76U05, 76V05]"
86A40,86,86Axx,Glaciology,"Geophysics [See also 76U05, 76V05]","Geophysics [See also 76U05, 76V05]"
86A60,86,86Axx,Geological problems,"Geophysics [See also 76U05, 76V05]","Geophysics [See also 76U05, 76V05]"
86A70,86,86Axx,Vulcanology; magma and lava flow,"Geophysics [See also 76U05, 76V05]","Geophysics [See also 76U05, 76V05]"
86A99,86,86Axx,"None of the above, but in this section","Geophysics [See also 76U05, 76V05]","Geophysics [See also 76U05, 76V05]"
90B05,90,90Bxx,"Inventory, storage, reservoirs","Operations research, mathematical programming",Operations research and management science
90B06,90,90Bxx,"Transportation, logistics and supply chain management","Operations research, mathematical programming",Operations research and management science
90B10,90,90Bxx,"Deterministic network models in operations research {For network control, see 93B70}","Operations research, mathematical programming",Operations research and management science
90B15,90,90Bxx,"Stochastic network models in operations research {For network control, see 93B70}","Operations research, mathematical programming",Operations research and management science
90B18,90,90Bxx,"Communication networks in operations research [See also 68M10, 68M12, 68M18, 94A05] {For networks as","Operations research, mathematical programming",Operations research and management science
90B20,90,90Bxx,Traffic problems in operations research,"Operations research, mathematical programming",Operations research and management science
90B22,90,90Bxx,"Queues and service in operations research [See also 60K25, 68M20]","Operations research, mathematical programming",Operations research and management science
90B25,90,90Bxx,"Reliability, availability, maintenance, inspection in operations research [See also 60K10, 62N05]","Operations research, mathematical programming",Operations research and management science
90B30,90,90Bxx,Production models,"Operations research, mathematical programming",Operations research and management science
90B35,90,90Bxx,Deterministic scheduling theory in operations research [See also 68M20],"Operations research, mathematical programming",Operations research and management science
90B36,90,90Bxx,Stochastic scheduling theory in operations research [See also 68M20],"Operations research, mathematical programming",Operations research and management science
90B40,90,90Bxx,Search theory,"Operations research, mathematical programming",Operations research and management science
90B50,90,90Bxx,"Management decision making, including multiple objectives [See also 90C29, 90C31, 91A35, 91B06]","Operations research, mathematical programming",Operations research and management science
90B60,90,90Bxx,"Marketing, advertising [See also 91B60]","Operations research, mathematical programming",Operations research and management science
90B70,90,90Bxx,"Theory of organizations, manpower planning in operations research [See also 91D35]","Operations research, mathematical programming",Operations research and management science
90B80,90,90Bxx,Discrete location and assignment [See also 90C10],"Operations research, mathematical programming",Operations research and management science
90B85,90,90Bxx,Continuous location,"Operations research, mathematical programming",Operations research and management science
90B90,90,90Bxx,Case-oriented studies in operations research,"Operations research, mathematical programming",Operations research and management science
90B99,90,90Bxx,"None of the above, but in this section","Operations research, mathematical programming",Operations research and management science
90C05,90,90Cxx,Linear programming,"Operations research, mathematical programming","Mathematical programming {For numerical methods, see also 49Mxx, 65Kxx}"
90C06,90,90Cxx,Large-scale problems in mathematical programming,"Operations research, mathematical programming","Mathematical programming {For numerical methods, see also 49Mxx, 65Kxx}"
90C08,90,90Cxx,"Special problems of linear programming (transportation, multi-index, data envelopment analysis, etc.)","Operations research, mathematical programming","Mathematical programming {For numerical methods, see also 49Mxx, 65Kxx}"
90C09,90,90Cxx,Boolean programming,"Operations research, mathematical programming","Mathematical programming {For numerical methods, see also 49Mxx, 65Kxx}"
90C10,90,90Cxx,Integer programming,"Operations research, mathematical programming","Mathematical programming {For numerical methods, see also 49Mxx, 65Kxx}"
90C11,90,90Cxx,Mixed integer programming,"Operations research, mathematical programming","Mathematical programming {For numerical methods, see also 49Mxx, 65Kxx}"
90C15,90,90Cxx,Stochastic programming,"Operations research, mathematical programming","Mathematical programming {For numerical methods, see also 49Mxx, 65Kxx}"
90C17,90,90Cxx,Robustness in mathematical programming,"Operations research, mathematical programming","Mathematical programming {For numerical methods, see also 49Mxx, 65Kxx}"
90C20,90,90Cxx,Quadratic programming,"Operations research, mathematical programming","Mathematical programming {For numerical methods, see also 49Mxx, 65Kxx}"
90C22,90,90Cxx,Semidefinite programming,"Operations research, mathematical programming","Mathematical programming {For numerical methods, see also 49Mxx, 65Kxx}"
90C23,90,90Cxx,Polynomial optimization,"Operations research, mathematical programming","Mathematical programming {For numerical methods, see also 49Mxx, 65Kxx}"
90C24,90,90Cxx,"Tropical optimization (e.g., max-plus optimization)","Operations research, mathematical programming","Mathematical programming {For numerical methods, see also 49Mxx, 65Kxx}"
90C25,90,90Cxx,Convex programming,"Operations research, mathematical programming","Mathematical programming {For numerical methods, see also 49Mxx, 65Kxx}"
90C26,90,90Cxx,"Nonconvex programming, global optimization","Operations research, mathematical programming","Mathematical programming {For numerical methods, see also 49Mxx, 65Kxx}"
90C27,90,90Cxx,Combinatorial optimization,"Operations research, mathematical programming","Mathematical programming {For numerical methods, see also 49Mxx, 65Kxx}"
90C29,90,90Cxx,Multi-objective and goal programming,"Operations research, mathematical programming","Mathematical programming {For numerical methods, see also 49Mxx, 65Kxx}"
90C30,90,90Cxx,Nonlinear programming,"Operations research, mathematical programming","Mathematical programming {For numerical methods, see also 49Mxx, 65Kxx}"
90C31,90,90Cxx,"Sensitivity, stability, parametric optimization","Operations research, mathematical programming","Mathematical programming {For numerical methods, see also 49Mxx, 65Kxx}"
90C32,90,90Cxx,Fractional programming,"Operations research, mathematical programming","Mathematical programming {For numerical methods, see also 49Mxx, 65Kxx}"
90C33,90,90Cxx,Complementarity and equilibrium problems and variational inequalities (finite dimensions) (aspects of mathematical programming),"Operations research, mathematical programming","Mathematical programming {For numerical methods, see also 49Mxx, 65Kxx}"
90C34,90,90Cxx,Semi-infinite programming,"Operations research, mathematical programming","Mathematical programming {For numerical methods, see also 49Mxx, 65Kxx}"
90C35,90,90Cxx,"Programming involving graphs or networks [See also 05C90, 90C27]","Operations research, mathematical programming","Mathematical programming {For numerical methods, see also 49Mxx, 65Kxx}"
90C39,90,90Cxx,Dynamic programming [See also 49L20],"Operations research, mathematical programming","Mathematical programming {For numerical methods, see also 49Mxx, 65Kxx}"
90C40,90,90Cxx,Markov and semi-Markov decision processes,"Operations research, mathematical programming","Mathematical programming {For numerical methods, see also 49Mxx, 65Kxx}"
90C46,90,90Cxx,Optimality conditions and duality in mathematical programming [See also 49N15],"Operations research, mathematical programming","Mathematical programming {For numerical methods, see also 49Mxx, 65Kxx}"
90C47,90,90Cxx,Minimax problems in mathematical programming [See also 49K35],"Operations research, mathematical programming","Mathematical programming {For numerical methods, see also 49Mxx, 65Kxx}"
90C48,90,90Cxx,Programming in abstract spaces,"Operations research, mathematical programming","Mathematical programming {For numerical methods, see also 49Mxx, 65Kxx}"
90C49,90,90Cxx,Extreme-point and pivoting methods,"Operations research, mathematical programming","Mathematical programming {For numerical methods, see also 49Mxx, 65Kxx}"
90C51,90,90Cxx,Interior-point methods,"Operations research, mathematical programming","Mathematical programming {For numerical methods, see also 49Mxx, 65Kxx}"
90C52,90,90Cxx,Methods of reduced gradient type,"Operations research, mathematical programming","Mathematical programming {For numerical methods, see also 49Mxx, 65Kxx}"
90C53,90,90Cxx,Methods of quasi-Newton type,"Operations research, mathematical programming","Mathematical programming {For numerical methods, see also 49Mxx, 65Kxx}"
90C55,90,90Cxx,Methods of successive quadratic programming type,"Operations research, mathematical programming","Mathematical programming {For numerical methods, see also 49Mxx, 65Kxx}"
90C56,90,90Cxx,Derivative-free methods and methods using generalized derivatives [See also 49J52],"Operations research, mathematical programming","Mathematical programming {For numerical methods, see also 49Mxx, 65Kxx}"
90C57,90,90Cxx,"Polyhedral combinatorics, branch-and-bound, branch-and-cut","Operations research, mathematical programming","Mathematical programming {For numerical methods, see also 49Mxx, 65Kxx}"
90C59,90,90Cxx,Approximation methods and heuristics in mathematical programming,"Operations research, mathematical programming","Mathematical programming {For numerical methods, see also 49Mxx, 65Kxx}"
90C60,90,90Cxx,Abstract computational complexity for mathematical programming problems [See also 68Q25],"Operations research, mathematical programming","Mathematical programming {For numerical methods, see also 49Mxx, 65Kxx}"
90C70,90,90Cxx,Fuzzy and other nonstochastic uncertainty mathematical programming,"Operations research, mathematical programming","Mathematical programming {For numerical methods, see also 49Mxx, 65Kxx}"
90C90,90,90Cxx,Applications of mathematical programming,"Operations research, mathematical programming","Mathematical programming {For numerical methods, see also 49Mxx, 65Kxx}"
90C99,90,90Cxx,"None of the above, but in this section","Operations research, mathematical programming","Mathematical programming {For numerical methods, see also 49Mxx, 65Kxx}"
91A05,91,91Axx,2-person games,"Game theory, economics, finance, and other social and behavioral",Game theory
91A06,91,91Axx,"n-person games, n > 2","Game theory, economics, finance, and other social and behavioral",Game theory
91A07,91,91Axx,Games with infinitely many players,"Game theory, economics, finance, and other social and behavioral",Game theory
91A10,91,91Axx,Noncooperative games,"Game theory, economics, finance, and other social and behavioral",Game theory
91A11,91,91Axx,Equilibrium refinements,"Game theory, economics, finance, and other social and behavioral",Game theory
91A12,91,91Axx,Cooperative games,"Game theory, economics, finance, and other social and behavioral",Game theory
91A14,91,91Axx,Potential and congestion games,"Game theory, economics, finance, and other social and behavioral",Game theory
91A15,91,91Axx,"Stochastic games, stochastic differential games","Game theory, economics, finance, and other social and behavioral",Game theory
91A16,91,91Axx,"Mean field games (aspects of game theory) {For partial differential equations, see 35Q89; for calculus of","Game theory, economics, finance, and other social and behavioral",Game theory
91A18,91,91Axx,Games in extensive form,"Game theory, economics, finance, and other social and behavioral",Game theory
91A20,91,91Axx,Multistage and repeated games,"Game theory, economics, finance, and other social and behavioral",Game theory
91A22,91,91Axx,Evolutionary games,"Game theory, economics, finance, and other social and behavioral",Game theory
91A23,91,91Axx,Differential games (aspects of game theory) [See also 49N70],"Game theory, economics, finance, and other social and behavioral",Game theory
91A24,91,91Axx,"Positional games (pursuit and evasion, etc.) [See also 49N75]","Game theory, economics, finance, and other social and behavioral",Game theory
91A25,91,91Axx,Dynamic games,"Game theory, economics, finance, and other social and behavioral",Game theory
91A26,91,91Axx,Rationality and learning in game theory,"Game theory, economics, finance, and other social and behavioral",Game theory
91A27,91,91Axx,"Games with incomplete information, Bayesian games","Game theory, economics, finance, and other social and behavioral",Game theory
91A28,91,91Axx,Signaling and communication in game theory,"Game theory, economics, finance, and other social and behavioral",Game theory
91A30,91,91Axx,Utility theory for games [See also 91B16],"Game theory, economics, finance, and other social and behavioral",Game theory
91A35,91,91Axx,"Decision theory for games [See also 62Cxx, 90B50, 91B06]","Game theory, economics, finance, and other social and behavioral",Game theory
91A40,91,91Axx,Other game-theoretic models,"Game theory, economics, finance, and other social and behavioral",Game theory
91A43,91,91Axx,"Games involving graphs {For games on graphs, see also 05C57}","Game theory, economics, finance, and other social and behavioral",Game theory
91A44,91,91Axx,"Games involving topology, set theory, or logic","Game theory, economics, finance, and other social and behavioral",Game theory
91A46,91,91Axx,Combinatorial games,"Game theory, economics, finance, and other social and behavioral",Game theory
91A50,91,91Axx,Discrete-time games,"Game theory, economics, finance, and other social and behavioral",Game theory
91A55,91,91Axx,Games of timing,"Game theory, economics, finance, and other social and behavioral",Game theory
91A60,91,91Axx,Probabilistic games; gambling [See also 60G40],"Game theory, economics, finance, and other social and behavioral",Game theory
91A65,91,91Axx,Hierarchical games (including Stackelberg games),"Game theory, economics, finance, and other social and behavioral",Game theory
91A68,91,91Axx,"Algorithmic game theory and complexity [See also 68Qxx, 68Wxx]","Game theory, economics, finance, and other social and behavioral",Game theory
91A70,91,91Axx,Spaces of games,"Game theory, economics, finance, and other social and behavioral",Game theory
91A80,91,91Axx,Applications of game theory,"Game theory, economics, finance, and other social and behavioral",Game theory
91A81,91,91Axx,Quantum games,"Game theory, economics, finance, and other social and behavioral",Game theory
91A86,91,91Axx,Game theory and fuzziness,"Game theory, economics, finance, and other social and behavioral",Game theory
91A90,91,91Axx,Experimental studies,"Game theory, economics, finance, and other social and behavioral",Game theory
91A99,91,91Axx,"None of the above, but in this section","Game theory, economics, finance, and other social and behavioral",Game theory
91B02,91,91Bxx,"Fundamental topics (basic mathematics, methodology; applicable to economics in general)","Game theory, economics, finance, and other social and behavioral","Mathematical economics {For econometrics, see 62P20}"
91B03,91,91Bxx,Mechanism design theory,"Game theory, economics, finance, and other social and behavioral","Mathematical economics {For econometrics, see 62P20}"
91B05,91,91Bxx,"Risk models (general) {For actuarial and financial risk, see 91Gxx}","Game theory, economics, finance, and other social and behavioral","Mathematical economics {For econometrics, see 62P20}"
91B06,91,91Bxx,"Decision theory [See also 62Cxx, 90B50, 91A35]","Game theory, economics, finance, and other social and behavioral","Mathematical economics {For econometrics, see 62P20}"
91B08,91,91Bxx,Individual preferences,"Game theory, economics, finance, and other social and behavioral","Mathematical economics {For econometrics, see 62P20}"
91B10,91,91Bxx,Group preferences,"Game theory, economics, finance, and other social and behavioral","Mathematical economics {For econometrics, see 62P20}"
91B12,91,91Bxx,Voting theory,"Game theory, economics, finance, and other social and behavioral","Mathematical economics {For econometrics, see 62P20}"
91B14,91,91Bxx,Social choice,"Game theory, economics, finance, and other social and behavioral","Mathematical economics {For econometrics, see 62P20}"
91B15,91,91Bxx,Welfare economics,"Game theory, economics, finance, and other social and behavioral","Mathematical economics {For econometrics, see 62P20}"
91B16,91,91Bxx,Utility theory [See also 91A30],"Game theory, economics, finance, and other social and behavioral","Mathematical economics {For econometrics, see 62P20}"
91B18,91,91Bxx,Public goods,"Game theory, economics, finance, and other social and behavioral","Mathematical economics {For econometrics, see 62P20}"
91B24,91,91Bxx,Microeconomic theory (price theory and economic markets),"Game theory, economics, finance, and other social and behavioral","Mathematical economics {For econometrics, see 62P20}"
91B26,91,91Bxx,"Auctions, bargaining, bidding and selling, and other market models","Game theory, economics, finance, and other social and behavioral","Mathematical economics {For econometrics, see 62P20}"
91B32,91,91Bxx,"Resource and cost allocation (including fair division, apportionment, etc.)","Game theory, economics, finance, and other social and behavioral","Mathematical economics {For econometrics, see 62P20}"
91B38,91,91Bxx,"Production theory, theory of the firm","Game theory, economics, finance, and other social and behavioral","Mathematical economics {For econometrics, see 62P20}"
91B39,91,91Bxx,Labor markets,"Game theory, economics, finance, and other social and behavioral","Mathematical economics {For econometrics, see 62P20}"
91B41,91,91Bxx,"Contract theory (moral hazard, adverse selection)","Game theory, economics, finance, and other social and behavioral","Mathematical economics {For econometrics, see 62P20}"
91B42,91,91Bxx,"Consumer behavior, demand theory","Game theory, economics, finance, and other social and behavioral","Mathematical economics {For econometrics, see 62P20}"
91B43,91,91Bxx,Principal-agent models,"Game theory, economics, finance, and other social and behavioral","Mathematical economics {For econometrics, see 62P20}"
91B44,91,91Bxx,Economics of information,"Game theory, economics, finance, and other social and behavioral","Mathematical economics {For econometrics, see 62P20}"
91B50,91,91Bxx,General equilibrium theory,"Game theory, economics, finance, and other social and behavioral","Mathematical economics {For econometrics, see 62P20}"
91B51,91,91Bxx,Dynamic stochastic general equilibrium theory,"Game theory, economics, finance, and other social and behavioral","Mathematical economics {For econometrics, see 62P20}"
91B52,91,91Bxx,Special types of economic equilibria,"Game theory, economics, finance, and other social and behavioral","Mathematical economics {For econometrics, see 62P20}"
91B54,91,91Bxx,"Special types of economic markets (including Cournot, Bertrand)","Game theory, economics, finance, and other social and behavioral","Mathematical economics {For econometrics, see 62P20}"
91B55,91,91Bxx,Economic dynamics,"Game theory, economics, finance, and other social and behavioral","Mathematical economics {For econometrics, see 62P20}"
91B60,91,91Bxx,Trade models,"Game theory, economics, finance, and other social and behavioral","Mathematical economics {For econometrics, see 62P20}"
91B62,91,91Bxx,Economic growth models,"Game theory, economics, finance, and other social and behavioral","Mathematical economics {For econometrics, see 62P20}"
91B64,91,91Bxx,"Macroeconomic theory (monetary models, models of taxation)","Game theory, economics, finance, and other social and behavioral","Mathematical economics {For econometrics, see 62P20}"
91B66,91,91Bxx,Multisectoral models in economics,"Game theory, economics, finance, and other social and behavioral","Mathematical economics {For econometrics, see 62P20}"
91B68,91,91Bxx,Matching models,"Game theory, economics, finance, and other social and behavioral","Mathematical economics {For econometrics, see 62P20}"
91B69,91,91Bxx,Heterogeneous agent models,"Game theory, economics, finance, and other social and behavioral","Mathematical economics {For econometrics, see 62P20}"
91B70,91,91Bxx,Stochastic models in economics,"Game theory, economics, finance, and other social and behavioral","Mathematical economics {For econometrics, see 62P20}"
91B72,91,91Bxx,Spatial models in economics [See also 91D25],"Game theory, economics, finance, and other social and behavioral","Mathematical economics {For econometrics, see 62P20}"
91B74,91,91Bxx,"Economic models of real-world systems (e.g., electricity markets, etc.)","Game theory, economics, finance, and other social and behavioral","Mathematical economics {For econometrics, see 62P20}"
91B76,91,91Bxx,"Environmental economics (natural resource models, harvesting, pollution, etc.)","Game theory, economics, finance, and other social and behavioral","Mathematical economics {For econometrics, see 62P20}"
91B80,91,91Bxx,Applications of statistical and quantum mechanics to economics (econophysics),"Game theory, economics, finance, and other social and behavioral","Mathematical economics {For econometrics, see 62P20}"
91B82,91,91Bxx,Statistical methods; economic indices and measures [See also 62P20],"Game theory, economics, finance, and other social and behavioral","Mathematical economics {For econometrics, see 62P20}"
91B84,91,91Bxx,"Economic time series analysis {For statistical theory of time series, see 62M10}","Game theory, economics, finance, and other social and behavioral","Mathematical economics {For econometrics, see 62P20}"
91B86,91,91Bxx,Mathematical economics and fuzziness,"Game theory, economics, finance, and other social and behavioral","Mathematical economics {For econometrics, see 62P20}"
91B99,91,91Bxx,"None of the above, but in this section","Game theory, economics, finance, and other social and behavioral","Mathematical economics {For econometrics, see 62P20}"
91C05,91,91Cxx,Measurement theory in the social and behavioral sciences,"Game theory, economics, finance, and other social and behavioral","Social and behavioral sciences: general topics {For statistics, see 62P25}"
91C15,91,91Cxx,One- and multidimensional scaling in the social and behavioral sciences,"Game theory, economics, finance, and other social and behavioral","Social and behavioral sciences: general topics {For statistics, see 62P25}"
91C20,91,91Cxx,Clustering in the social and behavioral sciences [See also 62H30],"Game theory, economics, finance, and other social and behavioral","Social and behavioral sciences: general topics {For statistics, see 62P25}"
91C99,91,91Cxx,"None of the above, but in this section","Game theory, economics, finance, and other social and behavioral","Social and behavioral sciences: general topics {For statistics, see 62P25}"
91D10,91,91Dxx,"Models of societies, social and urban evolution","Game theory, economics, finance, and other social and behavioral",Mathematical sociology (including anthropology)
91D15,91,91Dxx,Social learning,"Game theory, economics, finance, and other social and behavioral",Mathematical sociology (including anthropology)
91D20,91,91Dxx,Mathematical geography and demography,"Game theory, economics, finance, and other social and behavioral",Mathematical sociology (including anthropology)
91D25,91,91Dxx,Spatial models in sociology [See also 91B72],"Game theory, economics, finance, and other social and behavioral",Mathematical sociology (including anthropology)
91D30,91,91Dxx,Social networks; opinion dynamics,"Game theory, economics, finance, and other social and behavioral",Mathematical sociology (including anthropology)
91D35,91,91Dxx,"Manpower systems in sociology [See also 90B70, 91B39]","Game theory, economics, finance, and other social and behavioral",Mathematical sociology (including anthropology)
91D99,91,91Dxx,"None of the above, but in this section","Game theory, economics, finance, and other social and behavioral",Mathematical sociology (including anthropology)
91E10,91,91Exx,Cognitive psychology,"Game theory, economics, finance, and other social and behavioral","Mathematical psychology {For psychometrics, see 62P15}"
91E30,91,91Exx,Psychophysics and psychophysiology; perception,"Game theory, economics, finance, and other social and behavioral","Mathematical psychology {For psychometrics, see 62P15}"
91E40,91,91Exx,Memory and learning in psychology [See also 68T05],"Game theory, economics, finance, and other social and behavioral","Mathematical psychology {For psychometrics, see 62P15}"
91E45,91,91Exx,Measurement and performance in psychology,"Game theory, economics, finance, and other social and behavioral","Mathematical psychology {For psychometrics, see 62P15}"
91E99,91,91Exx,"None of the above, but in this section","Game theory, economics, finance, and other social and behavioral","Mathematical psychology {For psychometrics, see 62P15}"
91F10,91,91Fxx,"History, political science","Game theory, economics, finance, and other social and behavioral",Other social and behavioral sciences (mathematical treatment)
91F20,91,91Fxx,"Linguistics [See also 03B65, 68T50]","Game theory, economics, finance, and other social and behavioral",Other social and behavioral sciences (mathematical treatment)
91F99,91,91Fxx,"None of the above, but in this section","Game theory, economics, finance, and other social and behavioral",Other social and behavioral sciences (mathematical treatment)
91G05,91,91Gxx,Actuarial mathematics,"Game theory, economics, finance, and other social and behavioral","Actuarial science and mathematical finance {For statistics, see 62P05}"
91G10,91,91Gxx,Portfolio theory,"Game theory, economics, finance, and other social and behavioral","Actuarial science and mathematical finance {For statistics, see 62P05}"
91G15,91,91Gxx,Financial markets,"Game theory, economics, finance, and other social and behavioral","Actuarial science and mathematical finance {For statistics, see 62P05}"
91G20,91,91Gxx,"Derivative securities (option pricing, hedging, etc.)","Game theory, economics, finance, and other social and behavioral","Actuarial science and mathematical finance {For statistics, see 62P05}"
91G30,91,91Gxx,"Interest rates, asset pricing, etc. (stochastic models)","Game theory, economics, finance, and other social and behavioral","Actuarial science and mathematical finance {For statistics, see 62P05}"
91G40,91,91Gxx,Credit risk,"Game theory, economics, finance, and other social and behavioral","Actuarial science and mathematical finance {For statistics, see 62P05}"
91G45,91,91Gxx,"Financial networks (including contagion, systemic risk, regulation)","Game theory, economics, finance, and other social and behavioral","Actuarial science and mathematical finance {For statistics, see 62P05}"
91G50,91,91Gxx,"Corporate finance (dividends, real options, etc.)","Game theory, economics, finance, and other social and behavioral","Actuarial science and mathematical finance {For statistics, see 62P05}"
91G60,91,91Gxx,Numerical methods (including Monte Carlo methods),"Game theory, economics, finance, and other social and behavioral","Actuarial science and mathematical finance {For statistics, see 62P05}"
91G70,91,91Gxx,"Statistical methods; risk measures [See also 62P05, 62P20]","Game theory, economics, finance, and other social and behavioral","Actuarial science and mathematical finance {For statistics, see 62P05}"
91G80,91,91Gxx,"Financial applications of other theories [See also 35Q91, 37N40, 49N90, 60J70, 60K10, 60H30, 93E20]","Game theory, economics, finance, and other social and behavioral","Actuarial science and mathematical finance {For statistics, see 62P05}"
91G99,91,91Gxx,"None of the above, but in this section","Game theory, economics, finance, and other social and behavioral","Actuarial science and mathematical finance {For statistics, see 62P05}"
92B05,92,92Bxx,General biology and biomathematics,Biology and other natural sciences,Mathematical biology in general
92B10,92,92Bxx,"Taxonomy, cladistics, statistics in mathematical biology",Biology and other natural sciences,Mathematical biology in general
92B15,92,92Bxx,General biostatistics [See also 62P10],Biology and other natural sciences,Mathematical biology in general
92B20,92,92Bxx,"Neural networks for/in biological studies, artificial life and related topics [See also 68T05, 82C32, 94Cxx]",Biology and other natural sciences,Mathematical biology in general
92B25,92,92Bxx,Biological rhythms and synchronization,Biology and other natural sciences,Mathematical biology in general
92B99,92,92Bxx,"None of the above, but in this section",Biology and other natural sciences,Mathematical biology in general
92C05,92,92Cxx,Biophysics,Biology and other natural sciences,"Physiological, cellular and medical topics"
92C10,92,92Cxx,Biomechanics [See also 74L15],Biology and other natural sciences,"Physiological, cellular and medical topics"
92C15,92,92Cxx,"Developmental biology, pattern formation",Biology and other natural sciences,"Physiological, cellular and medical topics"
92C17,92,92Cxx,"Cell movement (chemotaxis, etc.)",Biology and other natural sciences,"Physiological, cellular and medical topics"
92C20,92,92Cxx,Neural biology,Biology and other natural sciences,"Physiological, cellular and medical topics"
92C30,92,92Cxx,Physiology (general),Biology and other natural sciences,"Physiological, cellular and medical topics"
92C32,92,92Cxx,"Pathology, pathophysiology",Biology and other natural sciences,"Physiological, cellular and medical topics"
92C35,92,92Cxx,Physiological flow [See also 76Z05],Biology and other natural sciences,"Physiological, cellular and medical topics"
92C37,92,92Cxx,Cell biology,Biology and other natural sciences,"Physiological, cellular and medical topics"
92C40,92,92Cxx,"Biochemistry, molecular biology",Biology and other natural sciences,"Physiological, cellular and medical topics"
92C42,92,92Cxx,"Systems biology, networks",Biology and other natural sciences,"Physiological, cellular and medical topics"
92C45,92,92Cxx,"Kinetics in biochemical problems (pharmacokinetics, enzyme kinetics, etc.) [See also 80A30]",Biology and other natural sciences,"Physiological, cellular and medical topics"
92C47,92,92Cxx,Biosensors (not for medical applications),Biology and other natural sciences,"Physiological, cellular and medical topics"
92C50,92,92Cxx,Medical applications (general),Biology and other natural sciences,"Physiological, cellular and medical topics"
92C55,92,92Cxx,"Biomedical imaging and signal processing [See also 44A12, 65R10, 94A08, 94A12]",Biology and other natural sciences,"Physiological, cellular and medical topics"
92C60,92,92Cxx,"Medical epidemiology {For theoretical aspects, see 92D30}",Biology and other natural sciences,"Physiological, cellular and medical topics"
92C70,92,92Cxx,Microbiology,Biology and other natural sciences,"Physiological, cellular and medical topics"
92C75,92,92Cxx,Biotechnology,Biology and other natural sciences,"Physiological, cellular and medical topics"
92C80,92,92Cxx,Plant biology,Biology and other natural sciences,"Physiological, cellular and medical topics"
92C99,92,92Cxx,"None of the above, but in this section",Biology and other natural sciences,"Physiological, cellular and medical topics"
92D10,92,92Dxx,"Genetics and epigenetics {For genetic algebras, see 17D92}",Biology and other natural sciences,Genetics and population dynamics
92D15,92,92Dxx,Problems related to evolution,Biology and other natural sciences,Genetics and population dynamics
92D20,92,92Dxx,"Protein sequences, DNA sequences",Biology and other natural sciences,Genetics and population dynamics
92D25,92,92Dxx,Population dynamics (general),Biology and other natural sciences,Genetics and population dynamics
92D30,92,92Dxx,"Epidemiology {For medical applications, see 92C60}",Biology and other natural sciences,Genetics and population dynamics
92D40,92,92Dxx,Ecology,Biology and other natural sciences,Genetics and population dynamics
92D45,92,92Dxx,Pest management,Biology and other natural sciences,Genetics and population dynamics
92D50,92,92Dxx,Animal behavior,Biology and other natural sciences,Genetics and population dynamics
92D99,92,92Dxx,"None of the above, but in this section",Biology and other natural sciences,Genetics and population dynamics
92E10,92,92Exx,"Molecular structure (graph-theoretic methods, methods of differential topology, etc.) [See also 05C92]",Biology and other natural sciences,"Chemistry {For biochemistry, see 92C40}"
92E20,92,92Exx,"Classical flows, reactions, etc. in chemistry [See also 80A30, 80A32]",Biology and other natural sciences,"Chemistry {For biochemistry, see 92C40}"
92E99,92,92Exx,"None of the above, but in this section",Biology and other natural sciences,"Chemistry {For biochemistry, see 92C40}"
92F05,92,92Fxx,Other natural sciences (mathematical treatment),Biology and other natural sciences,Other natural sciences (mathematical treatment)
92F99,92,92Fxx,"None of the above, but in this section",Biology and other natural sciences,Other natural sciences (mathematical treatment)
93A05,93,93Axx,Axiomatic systems theory,"Systems theory; control {For optimal control, see 49-XX}",General systems theory
93A10,93,93Axx,General systems,"Systems theory; control {For optimal control, see 49-XX}",General systems theory
93A13,93,93Axx,Hierarchical systems,"Systems theory; control {For optimal control, see 49-XX}",General systems theory
93A14,93,93Axx,Decentralized systems,"Systems theory; control {For optimal control, see 49-XX}",General systems theory
93A15,93,93Axx,Large-scale systems,"Systems theory; control {For optimal control, see 49-XX}",General systems theory
93A16,93,93Axx,Multi-agent systems,"Systems theory; control {For optimal control, see 49-XX}",General systems theory
93A99,93,93Axx,"None of the above, but in this section","Systems theory; control {For optimal control, see 49-XX}",General systems theory
93B03,93,93Bxx,"Attainable sets, reachability","Systems theory; control {For optimal control, see 49-XX}","Controllability, observability, and system structure"
93B05,93,93Bxx,Controllability,"Systems theory; control {For optimal control, see 49-XX}","Controllability, observability, and system structure"
93B07,93,93Bxx,Observability,"Systems theory; control {For optimal control, see 49-XX}","Controllability, observability, and system structure"
93B10,93,93Bxx,Canonical structure,"Systems theory; control {For optimal control, see 49-XX}","Controllability, observability, and system structure"
93B11,93,93Bxx,System structure simplification,"Systems theory; control {For optimal control, see 49-XX}","Controllability, observability, and system structure"
93B12,93,93Bxx,Variable structure systems,"Systems theory; control {For optimal control, see 49-XX}","Controllability, observability, and system structure"
93B15,93,93Bxx,Realizations from input-output data,"Systems theory; control {For optimal control, see 49-XX}","Controllability, observability, and system structure"
93B17,93,93Bxx,Transformations,"Systems theory; control {For optimal control, see 49-XX}","Controllability, observability, and system structure"
93B18,93,93Bxx,Linearizations,"Systems theory; control {For optimal control, see 49-XX}","Controllability, observability, and system structure"
93B20,93,93Bxx,Minimal systems representations,"Systems theory; control {For optimal control, see 49-XX}","Controllability, observability, and system structure"
93B24,93,93Bxx,Topological methods,"Systems theory; control {For optimal control, see 49-XX}","Controllability, observability, and system structure"
93B25,93,93Bxx,Algebraic methods,"Systems theory; control {For optimal control, see 49-XX}","Controllability, observability, and system structure"
93B27,93,93Bxx,Geometric methods,"Systems theory; control {For optimal control, see 49-XX}","Controllability, observability, and system structure"
93B28,93,93Bxx,"Operator-theoretic methods [See also 47A48, 47A57, 47B35, 47N70]","Systems theory; control {For optimal control, see 49-XX}","Controllability, observability, and system structure"
93B30,93,93Bxx,System identification,"Systems theory; control {For optimal control, see 49-XX}","Controllability, observability, and system structure"
93B35,93,93Bxx,Sensitivity (robustness),"Systems theory; control {For optimal control, see 49-XX}","Controllability, observability, and system structure"
93B36,93,93Bxx,H ∞ -control,"Systems theory; control {For optimal control, see 49-XX}","Controllability, observability, and system structure"
93B45,93,93Bxx,Model predictive control,"Systems theory; control {For optimal control, see 49-XX}","Controllability, observability, and system structure"
93B47,93,93Bxx,Iterative learning control,"Systems theory; control {For optimal control, see 49-XX}","Controllability, observability, and system structure"
93B50,93,93Bxx,Synthesis problems,"Systems theory; control {For optimal control, see 49-XX}","Controllability, observability, and system structure"
93B51,93,93Bxx,"Design techniques (robust design, computer-aided design, etc.)","Systems theory; control {For optimal control, see 49-XX}","Controllability, observability, and system structure"
93B52,93,93Bxx,Feedback control,"Systems theory; control {For optimal control, see 49-XX}","Controllability, observability, and system structure"
93B53,93,93Bxx,Observers,"Systems theory; control {For optimal control, see 49-XX}","Controllability, observability, and system structure"
93B55,93,93Bxx,Pole and zero placement problems,"Systems theory; control {For optimal control, see 49-XX}","Controllability, observability, and system structure"
93B60,93,93Bxx,Eigenvalue problems,"Systems theory; control {For optimal control, see 49-XX}","Controllability, observability, and system structure"
93B70,93,93Bxx,Networked control,"Systems theory; control {For optimal control, see 49-XX}","Controllability, observability, and system structure"
93B99,93,93Bxx,"None of the above, but in this section","Systems theory; control {For optimal control, see 49-XX}","Controllability, observability, and system structure"
93C05,93,93Cxx,Linear systems in control theory,"Systems theory; control {For optimal control, see 49-XX}",Model systems in control theory
93C10,93,93Cxx,Nonlinear systems in control theory,"Systems theory; control {For optimal control, see 49-XX}",Model systems in control theory
93C15,93,93Cxx,Control/observation systems governed by ordinary differential equations [See also 34Hxx],"Systems theory; control {For optimal control, see 49-XX}",Model systems in control theory
93C20,93,93Cxx,Control/observation systems governed by partial differential equations,"Systems theory; control {For optimal control, see 49-XX}",Model systems in control theory
93C23,93,93Cxx,Control/observation systems governed by functional-differential equations [See also 34K35],"Systems theory; control {For optimal control, see 49-XX}",Model systems in control theory
93C25,93,93Cxx,Control/observation systems in abstract spaces,"Systems theory; control {For optimal control, see 49-XX}",Model systems in control theory
93C27,93,93Cxx,Impulsive control/observation systems,"Systems theory; control {For optimal control, see 49-XX}",Model systems in control theory
93C28,93,93Cxx,Positive control/observation systems,"Systems theory; control {For optimal control, see 49-XX}",Model systems in control theory
93C29,93,93Cxx,Boolean control/observation systems,"Systems theory; control {For optimal control, see 49-XX}",Model systems in control theory
93C30,93,93Cxx,Control/observation systems governed by functional relations other than differential equations (such as,"Systems theory; control {For optimal control, see 49-XX}",Model systems in control theory
93C35,93,93Cxx,"Multivariable systems, multidimensional control systems","Systems theory; control {For optimal control, see 49-XX}",Model systems in control theory
93C40,93,93Cxx,Adaptive control/observation systems,"Systems theory; control {For optimal control, see 49-XX}",Model systems in control theory
93C41,93,93Cxx,Control/observation systems with incomplete information,"Systems theory; control {For optimal control, see 49-XX}",Model systems in control theory
93C42,93,93Cxx,Fuzzy control/observation systems,"Systems theory; control {For optimal control, see 49-XX}",Model systems in control theory
93C43,93,93Cxx,Delay control/observation systems,"Systems theory; control {For optimal control, see 49-XX}",Model systems in control theory
93C55,93,93Cxx,Discrete-time control/observation systems,"Systems theory; control {For optimal control, see 49-XX}",Model systems in control theory
93C57,93,93Cxx,Sampled-data control/observation systems,"Systems theory; control {For optimal control, see 49-XX}",Model systems in control theory
93C62,93,93Cxx,Digital control/observation systems,"Systems theory; control {For optimal control, see 49-XX}",Model systems in control theory
93C65,93,93Cxx,Discrete event control/observation systems,"Systems theory; control {For optimal control, see 49-XX}",Model systems in control theory
93C70,93,93Cxx,Time-scale analysis and singular perturbations in control/observation systems,"Systems theory; control {For optimal control, see 49-XX}",Model systems in control theory
93C73,93,93Cxx,Perturbations in control/observation systems,"Systems theory; control {For optimal control, see 49-XX}",Model systems in control theory
93C80,93,93Cxx,Frequency-response methods in control theory,"Systems theory; control {For optimal control, see 49-XX}",Model systems in control theory
93C83,93,93Cxx,"Control/observation systems involving computers (process control, etc.)","Systems theory; control {For optimal control, see 49-XX}",Model systems in control theory
93C85,93,93Cxx,"Automated systems (robots, etc.) in control theory [See also 68T40, 70B15, 70Q05]","Systems theory; control {For optimal control, see 49-XX}",Model systems in control theory
93C95,93,93Cxx,Application models in control theory,"Systems theory; control {For optimal control, see 49-XX}",Model systems in control theory
93C99,93,93Cxx,"None of the above, but in this section","Systems theory; control {For optimal control, see 49-XX}",Model systems in control theory
93D05,93,93Dxx,"Lyapunov and other classical stabilities (Lagrange, Poisson, Lp , lp , etc.) in control theory","Systems theory; control {For optimal control, see 49-XX}",Stability of control systems
93D09,93,93Dxx,Robust stability,"Systems theory; control {For optimal control, see 49-XX}",Stability of control systems
93D10,93,93Dxx,Popov-type stability of feedback systems,"Systems theory; control {For optimal control, see 49-XX}",Stability of control systems
93D15,93,93Dxx,Stabilization of systems by feedback,"Systems theory; control {For optimal control, see 49-XX}",Stability of control systems
93D20,93,93Dxx,Asymptotic stability in control theory,"Systems theory; control {For optimal control, see 49-XX}",Stability of control systems
93D21,93,93Dxx,Adaptive or robust stabilization,"Systems theory; control {For optimal control, see 49-XX}",Stability of control systems
93D23,93,93Dxx,Exponential stability,"Systems theory; control {For optimal control, see 49-XX}",Stability of control systems
93D25,93,93Dxx,Input-output approaches in control theory,"Systems theory; control {For optimal control, see 49-XX}",Stability of control systems
93D30,93,93Dxx,Lyapunov and storage functions,"Systems theory; control {For optimal control, see 49-XX}",Stability of control systems
93D40,93,93Dxx,Finite-time stability,"Systems theory; control {For optimal control, see 49-XX}",Stability of control systems
93D50,93,93Dxx,Consensus,"Systems theory; control {For optimal control, see 49-XX}",Stability of control systems
93D99,93,93Dxx,"None of the above, but in this section","Systems theory; control {For optimal control, see 49-XX}",Stability of control systems
93E03,93,93Exx,Stochastic systems in control theory (general),"Systems theory; control {For optimal control, see 49-XX}",Stochastic systems and control
93E10,93,93Exx,Estimation and detection in stochastic control theory [See also 60G35],"Systems theory; control {For optimal control, see 49-XX}",Stochastic systems and control
93E11,93,93Exx,Filtering in stochastic control theory [See also 60G35],"Systems theory; control {For optimal control, see 49-XX}",Stochastic systems and control
93E12,93,93Exx,Identification in stochastic control theory,"Systems theory; control {For optimal control, see 49-XX}",Stochastic systems and control
93E14,93,93Exx,Data smoothing in stochastic control theory,"Systems theory; control {For optimal control, see 49-XX}",Stochastic systems and control
93E15,93,93Exx,Stochastic stability in control theory,"Systems theory; control {For optimal control, see 49-XX}",Stochastic systems and control
93E20,93,93Exx,"Optimal stochastic control [See also 49J55, 49K45]","Systems theory; control {For optimal control, see 49-XX}",Stochastic systems and control
93E24,93,93Exx,Least squares and related methods for stochastic control systems,"Systems theory; control {For optimal control, see 49-XX}",Stochastic systems and control
93E35,93,93Exx,Stochastic learning and adaptive control,"Systems theory; control {For optimal control, see 49-XX}",Stochastic systems and control
93E99,93,93Exx,"None of the above, but in this section","Systems theory; control {For optimal control, see 49-XX}",Stochastic systems and control
94A05,94,94Axx,"Communication theory [See also 60G35, 90B18]","Information and communication theory, circuits","Communication, information"
94A08,94,94Axx,"Image processing (compression, reconstruction, etc.) in information and communication theory [See also","Information and communication theory, circuits","Communication, information"
94A11,94,94Axx,Application of orthogonal and other special functions,"Information and communication theory, circuits","Communication, information"
94A12,94,94Axx,"Signal theory (characterization, reconstruction, filtering, etc.)","Information and communication theory, circuits","Communication, information"
94A13,94,94Axx,Detection theory in information and communication theory,"Information and communication theory, circuits","Communication, information"
94A14,94,94Axx,Modulation and demodulation in information and communication theory,"Information and communication theory, circuits","Communication, information"
94A15,94,94Axx,"Information theory (general) [See also 62B10] {For quantum-theoretic aspects, see also 81P45}","Information and communication theory, circuits","Communication, information"
94A16,94,94Axx,"Informational aspects of data analysis and big data [See also 62R07, 68T09] {For homological aspects, see","Information and communication theory, circuits","Communication, information"
94A17,94,94Axx,"Measures of information, entropy [See also 62B10]","Information and communication theory, circuits","Communication, information"
94A20,94,94Axx,Sampling theory in information and communication theory,"Information and communication theory, circuits","Communication, information"
94A24,94,94Axx,Coding theorems (Shannon theory),"Information and communication theory, circuits","Communication, information"
94A29,94,94Axx,Source coding [See also 68P30],"Information and communication theory, circuits","Communication, information"
94A34,94,94Axx,Rate-distortion theory in information and communication theory,"Information and communication theory, circuits","Communication, information"
94A40,94,94Axx,Channel models (including quantum) in information and communication theory [See also 81P47],"Information and communication theory, circuits","Communication, information"
94A45,94,94Axx,"Prefix, length-variable, comma-free codes [See also 20M35, 68Q45]","Information and communication theory, circuits","Communication, information"
94A50,94,94Axx,Theory of questionnaires,"Information and communication theory, circuits","Communication, information"
94A55,94,94Axx,Shift register sequences and sequences over finite alphabets in information and communication theory,"Information and communication theory, circuits","Communication, information"
94A60,94,94Axx,"Cryptography [See also 11T71, 14G50, 68P25, 81P94]","Information and communication theory, circuits","Communication, information"
94A62,94,94Axx,"Authentication, digital signatures and secret sharing","Information and communication theory, circuits","Communication, information"
94A99,94,94Axx,"None of the above, but in this section","Information and communication theory, circuits","Communication, information"
94B05,94,94Bxx,Linear codes (general theory),"Information and communication theory, circuits",Theory of error-correcting codes and error-detecting codes
94B10,94,94Bxx,Convolutional codes,"Information and communication theory, circuits",Theory of error-correcting codes and error-detecting codes
94B12,94,94Bxx,Combined modulation schemes (including trellis codes) in coding theory,"Information and communication theory, circuits",Theory of error-correcting codes and error-detecting codes
94B15,94,94Bxx,Cyclic codes,"Information and communication theory, circuits",Theory of error-correcting codes and error-detecting codes
94B20,94,94Bxx,Burst-correcting codes,"Information and communication theory, circuits",Theory of error-correcting codes and error-detecting codes
94B25,94,94Bxx,Combinatorial codes,"Information and communication theory, circuits",Theory of error-correcting codes and error-detecting codes
94B27,94,94Bxx,"Geometric methods (including applications of algebraic geometry) applied to coding theory [See also 11T71,","Information and communication theory, circuits",Theory of error-correcting codes and error-detecting codes
94B30,94,94Bxx,Majority codes,"Information and communication theory, circuits",Theory of error-correcting codes and error-detecting codes
94B35,94,94Bxx,Decoding,"Information and communication theory, circuits",Theory of error-correcting codes and error-detecting codes
94B40,94,94Bxx,"Arithmetic codes [See also 11T71, 14G50]","Information and communication theory, circuits",Theory of error-correcting codes and error-detecting codes
94B50,94,94Bxx,Synchronization error-correcting codes,"Information and communication theory, circuits",Theory of error-correcting codes and error-detecting codes
94B60,94,94Bxx,Other types of codes,"Information and communication theory, circuits",Theory of error-correcting codes and error-detecting codes
94B65,94,94Bxx,Bounds on codes,"Information and communication theory, circuits",Theory of error-correcting codes and error-detecting codes
94B70,94,94Bxx,Error probability in coding theory,"Information and communication theory, circuits",Theory of error-correcting codes and error-detecting codes
94B75,94,94Bxx,"Applications of the theory of convex sets and geometry of numbers (covering radius, etc.) to coding theory","Information and communication theory, circuits",Theory of error-correcting codes and error-detecting codes
94B99,94,94Bxx,"None of the above, but in this section","Information and communication theory, circuits",Theory of error-correcting codes and error-detecting codes
94C05,94,94Cxx,Analytic circuit theory,"Information and communication theory, circuits","Circuits, networks [See also 68Q06]"
94C11,94,94Cxx,"Switching theory, applications of Boolean algebras to circuits and networks","Information and communication theory, circuits","Circuits, networks [See also 68Q06]"
94C12,94,94Cxx,Fault detection; testing in circuits and networks,"Information and communication theory, circuits","Circuits, networks [See also 68Q06]"
94C15,94,94Cxx,"Applications of graph theory to circuits and networks [See also 05Cxx, 68R10]","Information and communication theory, circuits","Circuits, networks [See also 68Q06]"
94C30,94,94Cxx,Applications of design theory to circuits and networks [See also 05Bxx],"Information and communication theory, circuits","Circuits, networks [See also 68Q06]"
94C60,94,94Cxx,Circuits in qualitative investigation and simulation of models,"Information and communication theory, circuits","Circuits, networks [See also 68Q06]"
94C99,94,94Cxx,"None of the above, but in this section","Information and communication theory, circuits","Circuits, networks [See also 68Q06]"
94D05,94,94Dxx,"Fuzzy sets and logic (in connection with information, communication, or circuits theory) [See also 03B52,","Information and communication theory, circuits",Miscellaneous topics in information and communication theory
94D10,94,94Dxx,"Boolean functions [See also 06E30] {For connections with circuits and networks, see 94C11}","Information and communication theory, circuits",Miscellaneous topics in information and communication theory
94D99,94,94Dxx,"None of the above, but in this section","Information and communication theory, circuits",Miscellaneous topics in information and communication theory
97A30,97,97Axx,"History in mathematics education {For mathematics history, see 01-XX; for biographies, see 01A70; for",Mathematics education,History and society (aspects of mathematics education)
97A40,97,97Axx,"Mathematics education and society {For sociology (and profession) of mathematics, see 01A80}",Mathematics education,History and society (aspects of mathematics education)
97A99,97,97Axx,"None of the above, but in this section",Mathematics education,History and society (aspects of mathematics education)
97B10,97,97Bxx,Mathematics educational research and planning,Mathematics education,Educational policy and systems
97B20,97,97Bxx,Educational policy for general education,Mathematics education,Educational policy and systems
97B30,97,97Bxx,Educational policy for vocational education,Mathematics education,Educational policy and systems
97B40,97,97Bxx,Educational policy for higher education,Mathematics education,Educational policy and systems
97B50,97,97Bxx,Mathematics teacher education,Mathematics education,Educational policy and systems
97B60,97,97Bxx,Educational policy for adult and further education,Mathematics education,Educational policy and systems
97B70,97,97Bxx,"Syllabuses, educational standards",Mathematics education,Educational policy and systems
97B99,97,97Bxx,"None of the above, but in this section",Mathematics education,Educational policy and systems
97C10,97,97Cxx,Comprehensive works on psychology of mathematics education,Mathematics education,"Psychology of mathematics education, research in mathematics education"
97C20,97,97Cxx,Affective behavior and mathematics education,Mathematics education,"Psychology of mathematics education, research in mathematics education"
97C30,97,97Cxx,"Cognitive processes, learning theories (aspects of mathematics education)",Mathematics education,"Psychology of mathematics education, research in mathematics education"
97C40,97,97Cxx,Intelligence and aptitudes (aspects of mathematics education),Mathematics education,"Psychology of mathematics education, research in mathematics education"
97C50,97,97Cxx,Language and verbal communities (aspects of mathematics education),Mathematics education,"Psychology of mathematics education, research in mathematics education"
97C60,97,97Cxx,Sociological aspects of learning (aspects of mathematics education),Mathematics education,"Psychology of mathematics education, research in mathematics education"
97C70,97,97Cxx,Teaching-learning processes in mathematics education,Mathematics education,"Psychology of mathematics education, research in mathematics education"
97C99,97,97Cxx,"None of the above, but in this section",Mathematics education,"Psychology of mathematics education, research in mathematics education"
97D10,97,97Dxx,Comprehensive works and comparative studies on education and instruction in mathematics,Mathematics education,Education and instruction in mathematics
97D20,97,97Dxx,Philosophical and theoretical contributions (didactics of mathematics),Mathematics education,Education and instruction in mathematics
97D30,97,97Dxx,Objectives and goals of mathematics teaching,Mathematics education,Education and instruction in mathematics
97D40,97,97Dxx,Mathematics teaching methods and classroom techniques,Mathematics education,Education and instruction in mathematics
97D50,97,97Dxx,Teaching mathematical problem solving and heuristic strategies,Mathematics education,Education and instruction in mathematics
97D60,97,97Dxx,"Student assessment, achievement control, and rating (aspects of mathematics education)",Mathematics education,Education and instruction in mathematics
97D70,97,97Dxx,Learning difficulties and student errors (aspects of mathematics education),Mathematics education,Education and instruction in mathematics
97D80,97,97Dxx,Mathematics teaching units and draft lessons,Mathematics education,Education and instruction in mathematics
97D99,97,97Dxx,"None of the above, but in this section",Mathematics education,Education and instruction in mathematics
97E10,97,97Exx,Comprehensive works on education of foundations of mathematics,Mathematics education,Education of foundations of mathematics
97E20,97,97Exx,Philosophy and mathematics (educational aspects),Mathematics education,Education of foundations of mathematics
97E30,97,97Exx,Logic (educational aspects),Mathematics education,Education of foundations of mathematics
97E40,97,97Exx,Language of mathematics (educational aspects),Mathematics education,Education of foundations of mathematics
97E50,97,97Exx,Reasoning and proving in the mathematics classroom,Mathematics education,Education of foundations of mathematics
97E60,97,97Exx,"Sets, relations, set theory (educational aspects)",Mathematics education,Education of foundations of mathematics
97E99,97,97Exx,"None of the above, but in this section",Mathematics education,Education of foundations of mathematics
97F10,97,97Fxx,Comprehensive works on education of arithmetic and number theory,Mathematics education,Education of arithmetic and number theory
97F20,97,97Fxx,"Pre-numerical stage, concept of numbers",Mathematics education,Education of arithmetic and number theory
97F30,97,97Fxx,Natural numbers (educational aspects),Mathematics education,Education of arithmetic and number theory
97F40,97,97Fxx,"Integers, rational numbers (educational aspects)",Mathematics education,Education of arithmetic and number theory
97F50,97,97Fxx,"Real numbers, complex numbers (educational aspects)",Mathematics education,Education of arithmetic and number theory
97F60,97,97Fxx,Number theory (educational aspects),Mathematics education,Education of arithmetic and number theory
97F70,97,97Fxx,Measures and units (educational aspects),Mathematics education,Education of arithmetic and number theory
97F80,97,97Fxx,"Ratio and proportion, percentages (educational aspects)",Mathematics education,Education of arithmetic and number theory
97F90,97,97Fxx,"Real-life mathematics, practical arithmetic (educational aspects)",Mathematics education,Education of arithmetic and number theory
97F99,97,97Fxx,"None of the above, but in this section",Mathematics education,Education of arithmetic and number theory
97G10,97,97Gxx,Comprehensive works on geometry education,Mathematics education,Geometry education
97G20,97,97Gxx,Informal geometry (educational aspects),Mathematics education,Geometry education
97G30,97,97Gxx,Area and volume (educational aspects),Mathematics education,Geometry education
97G40,97,97Gxx,Plane and solid geometry (educational aspects),Mathematics education,Geometry education
97G50,97,97Gxx,Transformation geometry (educational aspects),Mathematics education,Geometry education
97G60,97,97Gxx,Plane and spherical trigonometry (educational aspects),Mathematics education,Geometry education
97G70,97,97Gxx,"Analytic geometry, vector algebra (educational aspects)",Mathematics education,Geometry education
97G80,97,97Gxx,Descriptive geometry (educational aspects),Mathematics education,Geometry education
97G99,97,97Gxx,"None of the above, but in this section",Mathematics education,Geometry education
97H10,97,97Hxx,Comprehensive works on algebra education,Mathematics education,Algebra education
97H20,97,97Hxx,Elementary algebra (educational aspects),Mathematics education,Algebra education
97H30,97,97Hxx,Equations and inequalities (educational aspects),Mathematics education,Algebra education
97H40,97,97Hxx,"Groups, rings, fields (educational aspects)",Mathematics education,Algebra education
97H50,97,97Hxx,Ordered algebraic structures (educational aspects),Mathematics education,Algebra education
97H60,97,97Hxx,Linear algebra (educational aspects),Mathematics education,Algebra education
97H99,97,97Hxx,"None of the above, but in this section",Mathematics education,Algebra education
97I10,97,97Ixx,Comprehensive works on analysis education,Mathematics education,Analysis education
97I20,97,97Ixx,Mappings and functions (educational aspects),Mathematics education,Analysis education
97I30,97,97Ixx,Sequences and series (educational aspects),Mathematics education,Analysis education
97I40,97,97Ixx,Differential calculus (educational aspects),Mathematics education,Analysis education
97I50,97,97Ixx,Integral calculus (educational aspects),Mathematics education,Analysis education
97I60,97,97Ixx,Functions of several variables (educational aspects),Mathematics education,Analysis education
97I70,97,97Ixx,Functional equations (educational aspects),Mathematics education,Analysis education
97I80,97,97Ixx,Complex analysis (educational aspects),Mathematics education,Analysis education
97I99,97,97Ixx,"None of the above, but in this section",Mathematics education,Analysis education
97K10,97,97Kxx,"Comprehensive works on combinatorics, graph theory, and probability (educational aspects)",Mathematics education,"Education of combinatorics, graph theory, probability theory, and statistics"
97K20,97,97Kxx,Combinatorics (educational aspects),Mathematics education,"Education of combinatorics, graph theory, probability theory, and statistics"
97K30,97,97Kxx,Graph theory (educational aspects),Mathematics education,"Education of combinatorics, graph theory, probability theory, and statistics"
97K40,97,97Kxx,Descriptive statistics (educational aspects),Mathematics education,"Education of combinatorics, graph theory, probability theory, and statistics"
97K50,97,97Kxx,Probability theory (educational aspects),Mathematics education,"Education of combinatorics, graph theory, probability theory, and statistics"
97K60,97,97Kxx,Distributions and stochastic processes (educational aspects),Mathematics education,"Education of combinatorics, graph theory, probability theory, and statistics"
97K70,97,97Kxx,Foundations and methodology of statistics (educational aspects),Mathematics education,"Education of combinatorics, graph theory, probability theory, and statistics"
97K80,97,97Kxx,Applied statistics (educational aspects),Mathematics education,"Education of combinatorics, graph theory, probability theory, and statistics"
97K99,97,97Kxx,"None of the above, but in this section",Mathematics education,"Education of combinatorics, graph theory, probability theory, and statistics"
97M10,97,97Mxx,Modeling and interdisciplinarity (aspects of mathematics education),Mathematics education,Education of mathematical modeling and applications of mathematics
97M20,97,97Mxx,Mathematics in vocational training and career education,Mathematics education,Education of mathematical modeling and applications of mathematics
97M30,97,97Mxx,Financial and insurance mathematics (aspects of mathematics education),Mathematics education,Education of mathematical modeling and applications of mathematics
97M40,97,97Mxx,"Operations research, economics (aspects of mathematics education)",Mathematics education,Education of mathematical modeling and applications of mathematics
97M50,97,97Mxx,"Physics, astronomy, technology, engineering (aspects of mathematics education)",Mathematics education,Education of mathematical modeling and applications of mathematics
97M60,97,97Mxx,"Biology, chemistry, medicine (aspects of mathematics education)",Mathematics education,Education of mathematical modeling and applications of mathematics
97M70,97,97Mxx,Behavioral and social sciences (aspects of mathematics education),Mathematics education,Education of mathematical modeling and applications of mathematics
97M80,97,97Mxx,"Arts, music, language, architecture (aspects of mathematics education)",Mathematics education,Education of mathematical modeling and applications of mathematics
97M99,97,97Mxx,"None of the above, but in this section",Mathematics education,Education of mathematical modeling and applications of mathematics
97N10,97,97Nxx,Comprehensive works on education of numerical mathematics,Mathematics education,Education of numerical mathematics
97N20,97,97Nxx,"Rounding, estimation, theory of errors (educational aspects)",Mathematics education,Education of numerical mathematics
97N30,97,97Nxx,Numerical algebra (educational aspects),Mathematics education,Education of numerical mathematics
97N40,97,97Nxx,Numerical analysis (educational aspects),Mathematics education,Education of numerical mathematics
97N50,97,97Nxx,Interpolation and approximation (educational aspects),Mathematics education,Education of numerical mathematics
97N60,97,97Nxx,Mathematical programming (educational aspects),Mathematics education,Education of numerical mathematics
97N70,97,97Nxx,Discrete mathematics (educational aspects),Mathematics education,Education of numerical mathematics
97N80,97,97Nxx,"Mathematical software, computer programs (educational aspects)",Mathematics education,Education of numerical mathematics
97N99,97,97Nxx,"None of the above, but in this section",Mathematics education,Education of numerical mathematics
97P10,97,97Pxx,Comprehensive works on computer science (educational aspects),Mathematics education,Computer science (educational aspects)
97P20,97,97Pxx,Theoretical computer science (educational aspects),Mathematics education,Computer science (educational aspects)
97P30,97,97Pxx,"Systems, databases (educational aspects)",Mathematics education,Computer science (educational aspects)
97P40,97,97Pxx,Programming languages (educational aspects),Mathematics education,Computer science (educational aspects)
97P50,97,97Pxx,Programming techniques (educational aspects),Mathematics education,Computer science (educational aspects)
97P80,97,97Pxx,Artificial intelligence (educational aspects),Mathematics education,Computer science (educational aspects)
97P99,97,97Pxx,"None of the above, but in this section",Mathematics education,Computer science (educational aspects)
97U10,97,97Uxx,Comprehensive works on educational material and media and educational technology in mathematics education,Mathematics education,Educational material and media and educational technology in mathematics
97U20,97,97Uxx,"Textbooks, textbook research (aspects of mathematics education)",Mathematics education,Educational material and media and educational technology in mathematics
97U30,97,97Uxx,Teachers’ manuals and planning aids (aspects of mathematics education),Mathematics education,Educational material and media and educational technology in mathematics
97U40,97,97Uxx,"Problem books, competitions, examinations (aspects of mathematics education)",Mathematics education,Educational material and media and educational technology in mathematics
97U50,97,97Uxx,"Computer-assisted instruction, e-learning (aspects of mathematics education)",Mathematics education,Educational material and media and educational technology in mathematics
97U60,97,97Uxx,Manipulative materials (aspects of mathematics education),Mathematics education,Educational material and media and educational technology in mathematics
97U70,97,97Uxx,"Technological tools, calculators (aspects of mathematics education)",Mathematics education,Educational material and media and educational technology in mathematics
97U80,97,97Uxx,Audiovisual media (aspects of mathematics education),Mathematics education,Educational material and media and educational technology in mathematics
97U99,97,97Uxx,"None of the above, but in this section",Mathematics education,Educational material and media and educational technology in mathematics
